1,0.0,0.0,-0.16883807256100256,-0.19604065017403308,-0.27856111433153885,-0.4678561959152268,-0.19085929965661286,-0.7282601631933704,-0.05318049010000078,-0.8935990532808938,-0.37652522634696917,-0.7521490939622613,-0.3724496161914442,-0.9838876440419343,-0.30958455615718344,-0.7501978830092254,-0.28540091292627706,-0.6414359872834985,-0.21149989472233993,-0.7713184012352579,-0.20629384944514775,-1.0,-0.18056093496959946,-0.7157743626802393,-0.1834066811022701,-0.6734355219822353,-0.04710655398924348,-0.7425529052735009,-0.032764422389568934,-0.9106231657642249,-0.04170814953066959,-0.6275919749829086,-0.05758688006405041,-0.5849178054416853,0.10502583851706668,-0.6732113195579897,0.09572078804877605,-0.791518389797685,0.07275791077133432,-0.5947255242437555,0.06165989077117836,-0.5430153471433362
1,0.0,0.0,-0.17895283682251162,-0.1893955217715726,-0.2957338020346059,-0.4579240088734446,-0.2122836627741805,-0.7245571840850217,-0.06686414536007904,-0.8906390935277987,-0.3657679942133213,-0.7531581255620621,-0.3784401220468025,-0.9905002696554656,-0.32041718353429327,-0.7442621816772638,-0.29220511008860683,-0.6352021610047974,-0.19879988206351243,-0.7744928092995204,-0.2033182062102023,-1.0,-0.18316893192928915,-0.7053713488213403,-0.178097864449604,-0.6624413927520103,-0.03254267977758629,-0.7487966247060822,-0.02892936370041177,-0.9123619736765223,-0.04363582878254755,-0.6218436374406707,-0.05233431636126982,-0.5845193584416265,0.12453851304655603,-0.685967908648922,0.1041226055904313,-0.7962059509569579,0.07621041051434681,-0.5956742964947476,0.07052044512292999,-0.5477830828302339
1,0.0,0.0,-0.1713102186746487,-0.18265602394612124,-0.27704232144341895,-0.4493130456472936,-0.1852598320445664,-0.7126871206452149,-0.04039045481001081,-0.8679607549679887,-0.3647233724120728,-0.7484962168454311,-0.35486621767689364,-1.0,-0.3040139685707159,-0.7599501122474432,-0.2848570715889249,-0.6329681549846179,-0.1962188409412156,-0.762935395360439,-0.18334613785648957,-0.9878323771514094,-0.16873102186746486,-0.6973293423131288,-0.17330207034173112,-0.6432397106510351,-0.030800033258501704,-0.7385472686455475,-0.010890163798120895,-0.8783976053878773,-0.026723871289598404,-0.6040325933316704,-0.044339569302402924,-0.5693812255757879,0.12281366924420055,-0.676806186081317,0.12286788060197888,-0.79566009811258,0.0946610127213769,-0.5958772761287104,0.08046595160888002,-0.5392393780660181
1,0.0,0.0,-0.1644361366837191,-0.19169789408642793,-0.2694188079190526,-0.45912597514484627,-0.17393937876327914,-0.7061321019679873,-0.02735210655650612,-0.8513225153475126,-0.33821512032003226,-0.7849077660342677,-0.32262092405189224,-1.0,-0.27577302668311676,-0.737355009911336,-0.26213301155047947,-0.6325987191400114,-0.17107426159023986,-0.7950062296925895,-0.1498252911306909,-0.9811752293075059,-0.1435587144296735,-0.6741691430907261,-0.1536250313853334,-0.64788904447141,-0.007686445799644153,-0.764499008866399,0.01947244215454646,-0.8824594731595335,-0.007658698119451733,-0.598921156658665,-0.032037403872899384,-0.5874708395568222,0.14425511352523449,-0.6990178674757258,0.15093249124763722,-0.7833244563315808,0.1159497726382156,-0.5840890064367851,0.09611187323235433,-0.5501224620178249
1,0.0,0.0,-0.13014409898686707,-0.19747669153769967,-0.21610044396912198,-0.46579863236561253,-0.10283244227050392,-0.7111815569842658,0.03919264270209702,-0.8715445114988637,-0.36815277955226805,-0.8063919010745126,-0.29034559805399485,-0.9941505758855614,-0.23816579939961258,-0.7623969595670859,-0.23276237927952842,-0.6551231581486131,-0.19313607525158194,-0.8175836991377812,-0.13163656111905972,-1.0,-0.11365162517917718,-0.7243348385829149,-0.13136902543957413,-0.6808122543350287,-0.02359217688311593,-0.7742585975859742,0.04784385256715829,-0.888917317798028,0.03225372790287054,-0.6512368854977314,-0.005718324959777912,-0.6252752498473012,0.12739802203733425,-0.6845650927318028,0.17299984554985087,-0.7767481471819853,0.14595405658479696,-0.609809886210604,0.10650655445735457,-0.573332630579595
1,0.0,0.0,-0.11920946990734198,-0.1870407493003232,-0.19198811732709326,-0.4701525140522754,-0.07690400798443703,-0.7389428248521391,0.043897377782575284,-0.9236040430236118,-0.44441898135772884,-0.8094219625819752,-0.2883315461878638,-0.9943947535901534,-0.23251846537268028,-0.7610433842190231,-0.2513895637741924,-0.6420695519105885,-0.26798635072613497,-0.8262588138507235,-0.12911986973190775,-1.0,-0.10238249362467493,-0.7232623685051961,-0.15043519744694153,-0.6686278162013107,-0.09669279905799442,-0.7900022916778044,0.033684939590623936,-0.8949206136248248,0.026673018439323147,-0.6614415504681594,-0.04907834030768413,-0.627940489928706,0.05455589293199574,-0.7053035145075464,0.1455709155099596,-0.8099177549866126,0.12229318969882313,-0.6200510570832083,0.03949926329198665,-0.5559504793284192
1,0.0,0.0,-0.11755750250624797,-0.1664120412860229,-0.17977281391638308,-0.47624782909506796,-0.04348269629922483,-0.7629283566073168,0.09666810217019894,-0.9337919884783192,-0.4545927876537283,-0.799859155923923,-0.27000585967835306,-0.9979028705364077,-0.203246473603208,-0.7575543961707355,-0.2266696553379552,-0.63915077023001,-0.28158190135972777,-0.823705222879573,-0.11759597870748204,-1.0,-0.08209797664600482,-0.7265418719907375,-0.12860546715050195,-0.6652888186041258,-0.11385602134899679,-0.7945900343108877,0.03924996117080609,-0.9006269149852449,0.04442624571113904,-0.6652072772969233,-0.023894426951696482,-0.610357863970744,0.030840616748796294,-0.7235996780706833,0.13371009417844484,-0.8235696736935741,0.11925116134589046,-0.6496032362368157,0.043056281151603294,-0.577550725046948
1,0.0,0.0,-0.15725566658845117,-0.23616889332523866,-0.2356961861876402,-0.5180153252709297,-0.139990837613459,-0.7587402711718791,-0.006765019547666136,-0.9014515802633751,-0.3347651114198347,-0.7318943544552415,-0.30721618638628273,-1.0,-0.25500827470275006,-0.8089338234837679,-0.23788466814903653,-0.6817262532170778,-0.17819383041142592,-0.7252525553498778,-0.14293726496554174,-0.9755312756450606,-0.13030360027164364,-0.7360372926513439,-0.14189501245861097,-0.6599599983611991,-0.022864375573425105,-0.6848216624641357,0.018289079502946736,-0.8646570871308198,-0.006900965526831018,-0.6051110722102829,-0.039021462083486974,-0.52229669247778,0.11802718174673822,-0.6090047761112497,0.1255746666219721,-0.7437737983058276,0.09154316688331117,-0.5583049957353933,0.07007022013316498,-0.4787440081344115
1,0.0,0.0,-0.19372384051730454,-0.2551921740107218,-0.2947522307292828,-0.5533524023175816,-0.2049194072226627,-0.8104841427341146,-0.04136710616496896,-0.9419565949978917,-0.2380225995138874,-0.7460877379485268,-0.27102648548418345,-1.0,-0.27648019327289214,-0.8502799298669458,-0.251056472737159,-0.7496210894066203,-0.09269154317138806,-0.7339186437035723,-0.09747875902914234,-0.9754224995563775,-0.1325863110306531,-0.7327784117826136,-0.11239196367667816,-0.6528863137982063,0.05277430929197849,-0.6774859546674785,0.023327868772394796,-0.8633219429525886,-0.024762112522201476,-0.6007309596409344,-0.002220554454865277,-0.5244539373328275,0.20536970440903785,-0.5899808062045286,0.13093457015828777,-0.7274054514286272,0.08048761031548479,-0.5454964583458823,0.10424396144309991,-0.4732646220417705
1,0.0,0.0,-0.22958431147603636,-0.2390370509914909,-0.3504345540937576,-0.539624629951747,-0.26482146197004847,-0.8235247364552954,-0.10771029546702093,-0.98581514109099,-0.33273818965613455,-0.7151261757582501,-0.37201598128189145,-0.9812521286335585,-0.35121718099413907,-0.8101504070911273,-0.3254354757265595,-0.6966289208711443,-0.1781497604262036,-0.7246411466261983,-0.1784913564371739,-1.0,-0.1795323787359527,-0.7504238665353946,-0.16802769565757064,-0.6507360041180921,-0.0192213707875885,-0.6942154266787838,-0.03865683095630987,-0.890740684998084,-0.06300484761943093,-0.6123663167393206,-0.055591875967503056,-0.5018498607742595,0.14443964556539043,-0.636949392043654,0.0729070733711028,-0.7732857714438587,0.03871466552846425,-0.5819196275318268,0.05215629945320963,-0.4905416799556534
1,0.0,0.0,-0.2293241140092176,-0.21569578859765978,-0.35675373094955265,-0.5205382344378497,-0.27316676068315304,-0.8078631687344239,-0.12809767889123166,-0.9702792004222179,-0.3932065261107222,-0.7052786408208686,-0.4276160411672852,-0.969438674006007,-0.3780926191263265,-0.796008442282613,-0.33782277191738797,-0.6882563807960039,-0.2323264141696943,-0.7258581318033296,-0.21865484290424625,-1.0,-0.2024456049325183,-0.7394591258352288,-0.19974948541758455,-0.6480623003230811,-0.06564789813906172,-0.7085805482570969,-0.058001339237603276,-0.9137994233078892,-0.07013301213772732,-0.6176192949853319,-0.07621130339370974,-0.5154293422426711,0.09991106922606009,-0.6592470620064242,0.0676230227779372,-0.7853635618392358,0.04113234251892568,-0.5802593747929605,0.04196785241608531,-0.49644994785414936
1,0.0,0.0,-0.2336850719335978,-0.24295075768159358,-0.33541802977587615,-0.5608362532511065,-0.22307103298151473,-0.8462273965281191,-0.06802378490938041,-1.0,-0.37791395394720717,-0.631801697114891,-0.41421869822720525,-0.9058903973630833,-0.3674576171242571,-0.7715465247850323,-0.3433840442813865,-0.6860644285191959,-0.22461445686272527,-0.6491489313195229,-0.2075767987941958,-0.9288050309721839,-0.18072835414001515,-0.7544104743011525,-0.18692536215351171,-0.6844205552383419,-0.06566373826383326,-0.6358268725456535,-0.040904161159234065,-0.8522252198959063,-0.05486491355609216,-0.5849722212841993,-0.07835464569045505,-0.4387717198257117,0.0880420132185239,-0.605995629251208,0.07391498792464513,-0.7677308189214442,0.04381822224103982,-0.5731738736253988,0.02686832883568004,-0.43589879842976675
1,0.0,0.0,-0.22767716612828284,-0.24152645584047652,-0.3228102479074156,-0.5721747463330152,-0.20224208515894057,-0.856206426199345,-0.04559294032819715,-1.0,-0.3550260372350052,-0.651306071850636,-0.37715412232526796,-0.9236378068363762,-0.33541220046591214,-0.7754016068746636,-0.31455406389008717,-0.6889571935724002,-0.2016808509363761,-0.6643165475759483,-0.17662746323565703,-0.9317204402229446,-0.15556278706620041,-0.7312635557427837,-0.16213560589883155,-0.6500324110232408,-0.0449301237237975,-0.6483325091717332,-0.014053466924852409,-0.858127716896314,-0.03506009601897465,-0.5879478578646489,-0.06090521882861508,-0.4410167046489717,0.1057985569058344,-0.6160073753533974,0.10111361795355542,-0.782436608670495,0.06308164667065853,-0.588811308110248,0.0386070423083027,-0.4477278915100162
1,0.0,0.0,-0.165513127152577,-0.21923139872883624,-0.23615317121089663,-0.5254837581502634,-0.12070798014421699,-0.7769497801137627,0.03474384760419241,-0.9186382794137726,-0.25973570627080533,-0.7628000343232355,-0.21437124143113123,-1.0,-0.21006333824930468,-0.7889489456321074,-0.20931362117920221,-0.6781137921211158,-0.10213683010793116,-0.7357582051677019,-0.03850591822962742,-0.9946648078392472,-0.07006306693841637,-0.7365658768121741,-0.08318231297027388,-0.6576478004192154,0.05066835189792803,-0.6752491344339833,0.09331970785436192,-0.8441878424948787,0.03433126240715529,-0.5736340560343676,0.011531515448706871,-0.49634978491387843,0.1945186691992227,-0.5858777224301782,0.1925950910549041,-0.7140767727939074,0.13538638081950818,-0.5289393598491833,0.11728721540551386,-0.45549502076290854
1,0.0,0.0,-0.21118180384613583,-0.16844932059510967,-0.339432338205147,-0.48352222605611045,-0.24242521706139233,-0.7707399213411045,-0.06337646197346707,-0.908013121265537,-0.314367348595678,-0.7488818664547446,-0.35927630068994376,-0.9829667112681444,-0.3364783360161877,-0.7321336732829862,-0.3018200213275211,-0.6568753151898478,-0.14822471025953687,-0.7658675351724548,-0.16238331144894433,-1.0,-0.1748472646595481,-0.6990244923003902,-0.15202213315805005,-0.6717037192011703,0.014889295176951289,-0.7248888736227277,-0.01595567123142234,-0.881780582587937,-0.04708417188795401,-0.5684065406479757,-0.022869785022959093,-0.5392612184166111,0.183227762624378,-0.6562810798657897,0.11805985133187714,-0.7530511938571743,0.07565742942479707,-0.5524808466057859,0.09551762955376143,-0.5127537327065186
1,0.0,0.0,-0.2215632904842857,-0.1524547854619833,-0.3676348470497939,-0.4487881085504194,-0.2951480636721302,-0.7241083485291476,-0.12750526507825644,-0.8581061057425656,-0.31839561525918225,-0.7075684319188514,-0.38212554924162856,-0.9427978043587432,-0.37686681530226723,-0.7668099730408819,-0.335645108489232,-0.6564137803078601,-0.16491615209555613,-0.736674043932563,-0.1938445461853595,-1.0,-0.2138198400047822,-0.7415808797509419,-0.18604019026183982,-0.6705675287700681,-0.008886555433400037,-0.7088357445027902,-0.06116711184974627,-0.8733018730397822,-0.08711508675783121,-0.5768233355825112,-0.054372771206161824,-0.5174155733528532,0.15957141741348677,-0.6483061660276764,0.07446846606537579,-0.7435834281926225,0.0432916460006412,-0.5464670471941059,0.07310937236094033,-0.4939166458244102
1,0.0,0.0,-0.2655678405241648,-0.12238717876100189,-0.46678333360369423,-0.42850201349433353,-0.4379364685575957,-0.724491707832217,-0.27689234163758053,-0.8872702124426642,-0.3943904028521539,-0.7619893285321203,-0.5269429040899852,-0.9526338089353936,-0.49549328192804937,-0.7247615230675656,-0.4280302460944133,-0.6543192091332978,-0.23797376348201846,-0.8087477284102049,-0.3429495999129686,-1.0,-0.32805335823233367,-0.6812681405354902,-0.2661518201069052,-0.6511558375709307,-0.07424190178517082,-0.797494066818039,-0.18584510283859618,-0.9345310371605376,-0.17779142314961144,-0.6011568272407128,-0.11557140482360587,-0.5777738323273178,0.0994330903607205,-0.7555274545559263,-0.04250877271571192,-0.8025004565130912,-0.0501287835708268,-0.5797680541440152,0.01004254389483129,-0.5606184647379169
1,0.0,0.0,-0.31343585077844593,-0.11710726427961508,-0.5215431408352221,-0.3878211181743415,-0.5611331315797622,-0.6949973339282075,-0.48514270901103085,-0.9227338511354353,-0.45697264913506275,-0.7336533484127024,-0.6298432083908388,-0.9399468341998405,-0.5777851776784051,-0.7012355690454231,-0.48880711890615347,-0.6185605935945213,-0.3200964098250866,-0.7959175137328232,-0.48828444238083046,-1.0,-0.43258794105492787,-0.6771705626116706,-0.34105534940131327,-0.6109602219494634,-0.1688303540176948,-0.8183446166506518,-0.35672689065344454,-0.9469343903158286,-0.2934825447278329,-0.5997998460179392,-0.19325607858694466,-0.5396108232301182,-0.0020915167038436018,-0.8045951761690632,-0.21337831420932774,-0.828519461999844,-0.1784179988784503,-0.5870664147746257,-0.08270318441970018,-0.5493519962141619
1,0.0,0.0,-0.3485645392517373,-0.08887316580708408,-0.5733564915204046,-0.3603620474184549,-0.6291307982625658,-0.6844154761213268,-0.6272652908356369,-0.9701538411100821,-0.5203099771328344,-0.7350207949734285,-0.709726955281631,-0.9702181628083745,-0.666532262231546,-0.7311197997866872,-0.5712851902942299,-0.6378428248521937,-0.3744053806436945,-0.8118465601432824,-0.5623553429950107,-1.0,-0.5005525251700962,-0.6522414419178628,-0.3958446401138619,-0.5940433118440657,-0.2194936082762248,-0.8482235986154977,-0.4317285752619105,-0.96257599671015,-0.35388257174185656,-0.5876694057138336,-0.23435102969951968,-0.5216299082712003,-0.05395984686803219,-0.8512509946700297,-0.2939560410190695,-0.8610113224006639,-0.24665197542447867,-0.6066215001245453,-0.1325267523030197,-0.5646158676106218
1,0.0,0.0,-0.36879733014547567,-0.12655215821191373,-0.5840561311673369,-0.3776465009512309,-0.653134825588681,-0.6684867739032364,-0.6371368270183753,-0.9335601525387043,-0.4723151578929381,-0.8233788134676069,-0.6990557466877798,-0.9716998126018159,-0.6524608293651246,-0.6966538174548023,-0.5466270462856426,-0.5970746801699685,-0.33866525785762297,-0.8975755359929826,-0.5821743173351864,-1.0,-0.5129841950422073,-0.6607138788576116,-0.39415776193025825,-0.6156411267814219,-0.19460966780966268,-0.9293958473359839,-0.45709074643146014,-0.9520413372483795,-0.3707730388694592,-0.6027162056709311,-0.24270031740923434,-0.5612376254542555,-0.04543925365397979,-0.914603352376938,-0.31299270343240565,-0.8486266603820872,-0.2539637884337157,-0.6151192313826455,-0.1329249068705073,-0.5986268383818821
1,0.0,0.0,-0.30982592189437513,-0.04598289582542955,-0.6005497933642803,-0.28817112532722494,-0.6004849034143704,-0.5879607349688757,-0.41218830785947075,-0.7869565813591008,-0.5981692708622414,-0.8330093461117289,-0.7786286296744435,-0.8608723559998146,-0.6525938186241829,-0.5805464664279805,-0.5601791844141359,-0.5499046974773399,-0.41565367605239256,-0.9702048204335922,-0.5573049269347327,-0.948027965854337,-0.4537895404257042,-0.5824195413594665,-0.3988629321833909,-0.5896934190653366,-0.22227558525021238,-1.0,-0.34915119048163196,-0.907900020830082,-0.2800449446566269,-0.5504274084700729,-0.2423787366000213,-0.5790361222353616,-0.028812280476075116,-0.9666434640883509,-0.15162846838822833,-0.7594132054884328,-0.11501910947807911,-0.5375307145762906,-0.07630209234582637,-0.6051034353963821
1,0.0,0.0,-0.2771670414958576,-0.0734885058459288,-0.5082919823020191,-0.2845683421192879,-0.5467299995155092,-0.5466131747120796,-0.4426123745207839,-0.7727450468627657,-0.49254337365026324,-0.8796537297197611,-0.7084058376455622,-0.8551553730813772,-0.6007642452023687,-0.615108611902533,-0.4895915742357157,-0.5534410570026898,-0.31098184409710444,-0.9916236225222592,-0.48692077949884893,-0.9234435732292251,-0.3944352321726913,-0.5812633332656089,-0.3214374686448479,-0.5433702119412922,-0.12685282575365672,-1.0,-0.29961053189278064,-0.8617925847898014,-0.23256137795441723,-0.5336850840904154,-0.1668642659885879,-0.5301545525727244,0.04939774664880823,-0.9393720686351581,-0.1076985591868056,-0.7516346876675205,-0.07570247262236128,-0.5445942545639817,-0.01815168313674988,-0.5715713287707843
1,0.0,0.0,-0.2775797591208072,-0.08237017954337757,-0.5018166110262483,-0.3056665389213199,-0.5043697632178832,-0.5604414975444617,-0.38306442637024934,-0.7508851428953032,-0.47507807607084995,-0.8972127248804418,-0.6543055997583869,-0.8565869972884697,-0.5515929263170054,-0.5966729456412465,-0.4579327754651926,-0.5496525306513629,-0.3037226839036652,-0.9981045759105165,-0.44396135512745155,-0.9139283138035365,-0.3702293279652212,-0.5859068405527503,-0.3213255214145922,-0.547277309478444,-0.1296387654384864,-1.0,-0.2604449869777958,-0.8265742608568003,-0.20847454007162963,-0.5252373265886999,-0.1644918873683115,-0.5251726517467321,0.04451328722067237,-0.9365299149721357,-0.08016461702566718,-0.7544254136632974,-0.057724402148768984,-0.5744380357859438,-0.019658595045846942,-0.5995384923602467
1,0.0,0.0,-0.23301607664574117,-0.12498892635746114,-0.43673776427190836,-0.4074193252795353,-0.3773452909392184,-0.6578489521670395,-0.17407507305559775,-0.7682654215884124,-0.3611118637298098,-0.8985212919888932,-0.45260207006335496,-0.9657473589933351,-0.42720697315261963,-0.7005498310869949,-0.3883021845594913,-0.6254466369157341,-0.18380937565357322,-0.9573700532783005,-0.25676481592485695,-1.0,-0.2661928619071872,-0.6844193012295625,-0.2494058286783444,-0.6306213386580176,-0.009825174963552114,-0.929277249608579,-0.06491376867031354,-0.9014532576601446,-0.10102404175318822,-0.6113813604186765,-0.09890688307177212,-0.5834553844083722,0.164059781534918,-0.8469420155155812,0.09985396491200298,-0.8108868442691198,0.05178263573698098,-0.6114882153611134,0.04928996260685875,-0.5844304738118629
1,0.0,0.0,-0.21535132732251122,-0.13190949567239843,-0.38300831934700236,-0.43300176493324166,-0.2737377995037065,-0.6820424719871724,-0.08036171768006295,-0.7934727248893041,-0.41974465723179016,-0.7740983690101177,-0.43568032512348237,-0.9496980211196412,-0.36894104312497256,-0.6770267337191893,-0.3472279741765308,-0.6275088285036872,-0.254094513111437,-0.8418814452374893,-0.25125048083609147,-1.0,-0.21924744278088887,-0.6709727271917914,-0.23018640629935957,-0.6744307560723497,-0.08280112619257328,-0.8441308218006862,-0.051191352963009466,-0.9377419722246356,-0.060100443704646754,-0.6298217537155237,-0.09273651225982371,-0.6308302431395857,0.08913051019740911,-0.8064007304103615,0.11061732139682999,-0.841694483271202,0.0838789972330243,-0.6355466580625275,0.054275764909295816,-0.6199477673087945
1,0.0,0.0,-0.216026128101161,-0.12879680880404476,-0.3810337848338339,-0.44541237939801437,-0.26901636937577206,-0.7090134455051325,-0.08818234141840896,-0.8213911235955746,-0.4172808740161882,-0.7585862594050661,-0.4444120593693162,-0.9420999902332893,-0.3700861620450878,-0.6874072085696437,-0.3442464552675434,-0.6243465056981693,-0.2522707602493644,-0.8263521826755751,-0.25367649091296635,-1.0,-0.213166754608014,-0.6825127965409873,-0.2244052288143766,-0.6536721296773484,-0.08147985938393554,-0.8335863054744563,-0.05465672468748061,-0.9480693547029784,-0.054495174692056836,-0.6448452344901255,-0.08903738930293327,-0.6163749655247396,0.08750849980251588,-0.7990830962807259,0.10849034293439903,-0.8550024293925167,0.08959360040885048,-0.6488726205927717,0.061592317837023694,-0.6155103966328804
1,0.0,0.0,-0.19865180116254205,-0.15319180647627934,-0.31229222963121367,-0.4670979218102996,-0.15893161479292625,-0.6952633216042302,0.027788902065229364,-0.8225840315713758,-0.41056461698970304,-0.8738664567092413,-0.34936753565712136,-0.9474996273903717,-0.29198176480880267,-0.6908360712040799,-0.29239260742497586,-0.651850087806269,-0.23202401550056054,-0.9393274882222956,-0.16751232851856893,-1.0,-0.13878315415670342,-0.6986210203671663,-0.15927214759229377,-0.6952811420647109,-0.047350259530706276,-0.9162535559918868,0.0288471134094105,-0.9231380858881394,0.01635626664593013,-0.6551669615142856,-0.028371145110389653,-0.651920721631447,0.13032945171303226,-0.846448544230383,0.19166132052852244,-0.8606942203386535,0.16043922574959338,-0.6848373801979043,0.10902428118742588,-0.660737637460552
1,0.0,0.0,-0.17722322554692835,-0.13745350602623357,-0.27548561148567013,-0.3998492219461333,-0.10057294263729602,-0.6613426440003743,0.09447128512625828,-0.8286032742372753,-0.4286370753387443,-0.8786124927194942,-0.3272526269182474,-0.9715009225465917,-0.2833775401457917,-0.7048004547784561,-0.3012327624858056,-0.6650408616208047,-0.2391857426395308,-0.939227854342394,-0.11998203792707063,-1.0,-0.09937244483925621,-0.6801895515487748,-0.14424201029955877,-0.6992344469539201,-0.04668916814371893,-0.9049693206118279,0.08859380434190513,-0.9298180187805624,0.06931460584703186,-0.6625096200448912,-0.0003285830215111886,-0.6789813716822194,0.14282606539814766,-0.8177733035548422,0.24880369242115055,-0.8819789846540206,0.21156381773663913,-0.7099111254509723,0.13120449247366797,-0.6830731207216116
1,0.0,0.0,-0.16734714258629743,-0.1055542595347901,-0.24237283110491448,-0.36853369077499354,-0.010698282984877128,-0.6859446938092426,0.20617015981106357,-0.8837607211042201,-0.5200226105776621,-0.8813459613435582,-0.3606905978851542,-0.9680506608015442,-0.2759102942105842,-0.8503079111274783,-0.251619917593885,-0.8471117678772194,-0.28369760185877985,-0.9803074195931812,-0.10438628041953622,-1.0,-0.06897513538649029,-0.6478839448514123,-0.1439056378983866,-0.6790339556573647,-0.06291599990949527,-0.9800581414854167,0.11202300692595231,-0.9926297162910851,0.1062798577827434,-0.6927817018165703,0.005097912851749355,-0.704313252466839,0.1350868884396595,-0.9112616749148202,0.28773442479954375,-0.9568783983159879,0.25076441385315296,-0.7492745968053391,0.1430856338568824,-0.6986009217438388
1,0.0,0.0,-0.1828444882372863,-0.19671163068073055,-0.2992292146247368,-0.5033925477453777,-0.18056765585043463,-0.7246496095456397,0.008527537953341808,-0.7997047050854779,-0.285831734049289,-0.846627637591601,-0.3189706582505878,-1.0,-0.2771989746585058,-0.7865452765084398,-0.24572396030176158,-0.7153744778807973,-0.11472511129544462,-0.8661561841982556,-0.1255745765373987,-0.9878277509730682,-0.125145408050575,-0.716447245713837,-0.13338274343884518,-0.6929748891953842,0.053229163087706206,-0.823257741598237,0.059274947604018906,-0.8940450801768948,0.020928022401429294,-0.6364792600264066,-0.008478761835110952,-0.6272504503354815,0.21419924952266894,-0.7384685894069315,0.20463544913295081,-0.7531940688240232,0.15371440877209344,-0.571988335452078,0.12725719923234366,-0.5571435232677422
1,0.0,0.0,-0.1911574980161012,-0.17933323700838635,-0.31723638814767446,-0.4619634462844788,-0.21130276073491877,-0.702751251930637,-0.035924186072886374,-0.8211716680351857,-0.3860059928640514,-0.7903212009820019,-0.41359892534677783,-0.9772267321590874,-0.3299820367856643,-0.7546071784297902,-0.28994396386981525,-0.6646930731577293,-0.2111643603676452,-0.8242023797815005,-0.2153942215924436,-1.0,-0.17063227502972245,-0.7238355226968594,-0.17121535065110646,-0.6767777959677438,-0.031427135250157064,-0.8044963460060441,-0.015425233526591933,-0.8939247685077654,-0.01285105076954769,-0.6287317240232603,-0.03843717792680735,-0.6095693602090615,0.14101587791806122,-0.7419861541965906,0.14567375509350194,-0.8029137121765733,0.12750806614640517,-0.6105109312262305,0.10824318354163336,-0.5773486654456251
1,0.0,0.0,-0.1806132984728597,-0.19362064322947037,-0.31142250393370974,-0.47138054436314814,-0.23771391168585032,-0.7211245555686493,-0.07310777418277448,-0.8473345109530233,-0.3465584542856218,-0.8013511690002302,-0.38617825368321623,-0.9990557264861241,-0.32928035550844537,-0.7380298906987379,-0.2967174207320089,-0.6598337858804091,-0.1825534401413632,-0.8172432342329525,-0.2079798286325222,-1.0,-0.18463523810163474,-0.6961408429892653,-0.1744265209886388,-0.6766652399272912,-0.015203627866479176,-0.7891418620597436,-0.033059647678821226,-0.8803282151856766,-0.03968452166883323,-0.5849818686052412,-0.040378149028524817,-0.5823569530952816,0.15104468462241577,-0.7272328725636797,0.11304935317416946,-0.7877503332281087,0.08747398134166826,-0.5802611116233262,0.0875732018046523,-0.5537796279934813
1,0.0,0.0,-0.17985174074333013,-0.20110396942928388,-0.30582610514222275,-0.464625370413583,-0.2588048038832025,-0.7283362342947819,-0.1382867287899162,-0.9016832840154754,-0.38471016262635527,-0.7567326669445053,-0.4017687844441882,-1.0,-0.3496156415240928,-0.7690625854058486,-0.3277232945842364,-0.6518038169207315,-0.2192091770258381,-0.778328713283619,-0.2235759033460782,-0.9897314741756926,-0.2027967265896043,-0.700021518868961,-0.20522282017035318,-0.6450736468914011,-0.052403742406729625,-0.758540130874674,-0.05307987677042635,-0.8944283078148603,-0.05949346822123092,-0.6137320649609558,-0.07126831487280715,-0.5779138924425793,0.10800716811381816,-0.7051960350802963,0.08377558997565734,-0.7920266386043666,0.06182725160460849,-0.5950378880395342,0.05692361285769067,-0.5566689275098613
1,0.0,0.0,-0.24046325830480367,-0.14211846093971003,-0.42730089229873375,-0.41545131393926654,-0.4115520470191647,-0.7040136021076416,-0.2870879193889682,-0.8884177746332976,-0.42126699451415517,-0.747287639811087,-0.5288711112895957,-0.975352085642725,-0.480007287687057,-0.7418703016122088,-0.4182828224963931,-0.6529058913922021,-0.2713562007645575,-0.7956426836405599,-0.3442620094763555,-1.0,-0.30929144665312674,-0.6814279732611572,-0.27443693168295374,-0.6546531055055109,-0.10780638847860378,-0.801538977609556,-0.17929954342699644,-0.9212610887709971,-0.1592625380403681,-0.6059862384372932,-0.12201619709118526,-0.589169044220433,0.06464898920252979,-0.7807365879096445,-0.030904458658912032,-0.872144204074136,-0.0354527667520834,-0.6565562312381922,0.005209160752557039,-0.620912118407788
1,0.0,0.0,-0.24318592490258092,-0.1514802204814968,-0.4180464292142658,-0.4293948446788268,-0.40245353455308785,-0.7242344976869546,-0.29409103978344564,-0.9202382121175995,-0.3958828610232567,-0.7341338994976518,-0.5062992208812247,-0.9748206484007378,-0.48088026629826247,-0.784426273577518,-0.4303216991474809,-0.6708416025582586,-0.24934985775764335,-0.7848520071717264,-0.3296104289244047,-1.0,-0.30482525345320494,-0.696491101963342,-0.2656589315810758,-0.6441109677389193,-0.0914468163191839,-0.7856958771923673,-0.18069308377221588,-0.9085826957556377,-0.1621337872933278,-0.6022067434798769,-0.11563824390882464,-0.5656938785528447,0.07386317150197176,-0.759303608537814,-0.03824735677001152,-0.8296104289244046,-0.040099604713516646,-0.6298680313517582,0.009194910598867205,-0.6004056303194785
1,0.0,0.0,-0.2406492221922489,-0.14064412672721277,-0.4203623774840392,-0.41972844168689866,-0.3994787639001289,-0.71779726043821,-0.27958876599826155,-0.9153154692323832,-0.3966762581302641,-0.7222303150196325,-0.4983137008062824,-0.9674300872223721,-0.4647675568743818,-0.7487704942601086,-0.4069295327158829,-0.6400161855948207,-0.2501843359410125,-0.7727578455174894,-0.3228678476156221,-1.0,-0.29760423223331234,-0.6894317057818542,-0.2570853939993406,-0.6408491442616072,-0.08976920540718761,-0.7744965980277553,-0.16988670083625573,-0.9327809249767707,-0.15218715343344424,-0.6075835506399304,-0.10811437820339898,-0.5621400953151695,0.0816815034619189,-0.7482336720318916,-0.026381920091118904,-0.8379768006474237,-0.031517249647813446,-0.6139286035428468,0.012415250427119863,-0.5654203758654798
1,0.0,0.0,-0.24225220574861026,-0.13548480481015188,-0.41841818145906484,-0.41075374120140007,-0.3901639044632047,-0.7145142665777164,-0.27046344230916064,-0.9165675901394952,-0.40399167609773007,-0.7039050940713569,-0.49559115595701736,-0.9605746664587361,-0.4878677561989282,-0.8171757279066223,-0.4375257763565918,-0.6931827193241826,-0.2544462096263766,-0.7563215639361245,-0.3165382283082839,-1.0,-0.3039091033173858,-0.7036987358198716,-0.2640622093480878,-0.6258158889368098,-0.09418957071292944,-0.7611886706961555,-0.17004480037639744,-0.92846266935011,-0.1584227036527474,-0.6137524803524835,-0.11671357386254595,-0.5502068151876136,0.07500798164236995,-0.7361529928284611,-0.026664434066917264,-0.8228051810071403,-0.033203632258983144,-0.6023046089525874,0.00821512199162834,-0.5491225499748096
1,0.0,0.0,-0.2381500069604126,-0.1412140769019072,-0.40807921504056155,-0.4172514921110946,-0.3758100417303732,-0.7211664542549133,-0.25624124293999656,-0.9294783251000067,-0.3963328985872259,-0.7026704345311177,-0.48466710112093286,-0.9572834954170717,-0.4704132850783637,-0.7760136301513985,-0.4197934289619121,-0.6617081874005734,-0.24774049247035113,-0.7548954172468226,-0.31187463902891593,-1.0,-0.30027103292231394,-0.7039416947977263,-0.2577932544408746,-0.6381764477731203,-0.0888460919982688,-0.7569391811694719,-0.16404744053808512,-0.9228640361462837,-0.15812452338684047,-0.6068685993752847,-0.11748476078214609,-0.5541690828686006,0.0799507722264069,-0.7289235933473047,-0.023586313931827647,-0.813043900796172,-0.032303318730572496,-0.5924732403507814,0.008616903267191417,-0.5443308241799772
1,0.0,0.0,-0.24343710719470787,-0.14605673979626993,-0.41199290247617326,-0.41880558677536706,-0.38155249720209766,-0.7299572770410431,-0.27851424851075557,-0.9563025274978555,-0.4164864762112957,-0.6969019320377046,-0.507476814834704,-0.956958044533576,-0.477362831500935,-0.7600831410641771,-0.4221603964348427,-0.6488320688319619,-0.2644344435441522,-0.7566718981302171,-0.3322167465445015,-1.0,-0.30762876885168383,-0.7003505991431647,-0.2669977022746768,-0.6417113776609774,-0.10186562465100475,-0.7648758111540664,-0.18008927149988951,-0.9414772092735909,-0.1636728319524012,-0.6196204238554738,-0.12125164250530472,-0.5650289532399828,0.06706470936269607,-0.7428193113477216,-0.041745178222221166,-0.8176233987800908,-0.04470198478796534,-0.5955150991681142,-0.0016965624413390963,-0.5505763916445487
1,0.0,0.0,-0.23875783327466477,-0.15179469082822275,-0.40943740178835814,-0.4219135740463007,-0.38442071108649845,-0.7181325513961521,-0.26601470295791557,-0.921363574293786,-0.40412491079609625,-0.6993754926049928,-0.4930539602457034,-0.9517490952955368,-0.4752845135035275,-0.7940386315866401,-0.42299581283936427,-0.6723969711289436,-0.25797754405457257,-0.7525714453754746,-0.32326213617108746,-1.0,-0.3065775486548881,-0.7232124061775832,-0.26505475103412474,-0.6398648788326379,-0.09922210993181925,-0.7565614912243157,-0.17781558965418146,-0.926118058655188,-0.16641583300505133,-0.6227848971057901,-0.12490177016066456,-0.5545415450713005,0.07065647958813782,-0.727130244541711,-0.03804839473735547,-0.7998495871507946,-0.04173971123411617,-0.589575277321871,0.0009296713656851981,-0.5431155840930405
1,0.0,0.0,-0.2545936904267623,-0.14584894471935578,-0.43573572472223243,-0.4183831833659258,-0.4251935585478102,-0.7251781792101842,-0.3103595610655542,-0.9353346394450881,-0.43776899691552973,-0.6787787628703851,-0.5346376943490216,-0.9446544576761081,-0.49784711912104446,-0.7650784293394899,-0.43955293970982706,-0.6335097806701195,-0.2919774039949754,-0.7429182979857596,-0.3651537714920206,-1.0,-0.3308685643169484,-0.7215740714328728,-0.28576982640365134,-0.6243836002229476,-0.13003977045395307,-0.7555166770729996,-0.21457209596525567,-0.9618097390296951,-0.18974963374084805,-0.6501010523602303,-0.14446314414936945,-0.5464391852844943,0.04532090067075947,-0.7312112865925229,-0.07102658059670924,-0.8230878117919223,-0.07032477569032322,-0.6041299634020061,-0.025938407488454555,-0.5300610208046669
1,0.0,0.0,-0.25633826884034505,-0.1345402641537842,-0.4358038551205039,-0.40635959854742904,-0.43172253217678924,-0.7141545907862835,-0.322179848266319,-0.9253391542920509,-0.4313757003851297,-0.6660610304459164,-0.5316017235837254,-0.9426720805486216,-0.5022384243022437,-0.7823094277305311,-0.4458282199791841,-0.6511769875761925,-0.2866900835383654,-0.7287549844000377,-0.3556588250617486,-1.0,-0.32457122508994923,-0.733734903406898,-0.28218336139454464,-0.6309760521759289,-0.1281571850044392,-0.7425853875374764,-0.208155535985068,-0.934179033316166,-0.1825165708522682,-0.6324839190737769,-0.1388232334879986,-0.5337980261955092,0.044955494401101255,-0.7256016829557119,-0.06272308065497137,-0.8182910602836074,-0.060711097780874,-0.6098990752347164,-0.01926723792840149,-0.5449758084078479
1,0.0,0.0,-0.2572487216738531,-0.14654151497872714,-0.43897676619663173,-0.41909255478146346,-0.4344775236293035,-0.7288012095052504,-0.3192752516595041,-0.9466820808765631,-0.4330196484927582,-0.6721459319286291,-0.5351295393371174,-0.946292697525521,-0.4997942683367483,-0.7709486005025283,-0.43830959288404164,-0.6450737933666383,-0.28762509872583625,-0.7357064234527532,-0.36243444261339786,-1.0,-0.32573782177461535,-0.7240637120675719,-0.27659913476333997,-0.6317479314195962,-0.1286519608062533,-0.7512164127021922,-0.21377295161233054,-0.9443624899409301,-0.1848013384045666,-0.6349666845991873,-0.13586286306267759,-0.541012062529297,0.04632468365213536,-0.736964832865029,-0.06794545529953724,-0.8332927539189718,-0.06487753222259121,-0.6180189607313604,-0.02008382632846112,-0.5510935107847253
1,0.0,0.0,-0.2639297930496253,-0.14375706013146683,-0.44718331581860116,-0.4246111073317971,-0.43518178994780576,-0.7364646466627157,-0.32259828826740206,-0.9481418118614583,-0.43370871223051205,-0.66602465255744,-0.5383156323170264,-0.9434316134303781,-0.49384485502040304,-0.7493874871656256,-0.4331958651857856,-0.6220745658485801,-0.2912901828857813,-0.7303706662350706,-0.37063214582594545,-1.0,-0.3277892053842303,-0.7240204131224285,-0.27676001940975226,-0.6236566989815612,-0.13305726073008,-0.7478444209104634,-0.22063524553381872,-0.9488054962722807,-0.18548923420925095,-0.637619563123703,-0.1359035618283118,-0.5339980635498941,0.04247761234103061,-0.7338087023204971,-0.0739715493576817,-0.8344556890348928,-0.06671144525274837,-0.6130095418209419,-0.020418854248417377,-0.5389289370475727
1,0.0,0.0,-0.2596709890898995,-0.1533594460620602,-0.43898007032262626,-0.43085913600670606,-0.4227216259391569,-0.7398318863590148,-0.31018115224561477,-0.9592258709595496,-0.4140711555578051,-0.6724652197811468,-0.5185160025562177,-0.9399621836066409,-0.46763377297554576,-0.7049658287920214,-0.4042094713252817,-0.5998265761985823,-0.27251038870433564,-0.7321783290399176,-0.3583041111711982,-1.0,-0.31770713547628204,-0.7056892419523986,-0.26190693958641725,-0.630009687934836,-0.11722460350654106,-0.7457029583868715,-0.20974748914362268,-0.9457679886124586,-0.17850782123880657,-0.6230545321508902,-0.12320164194659708,-0.5363632031337643,0.05553883180614422,-0.7296052395950899,-0.06865972320270754,-0.8270235958784393,-0.06481089287358119,-0.6034862653617998,-0.01215061793514086,-0.5359412614561383
1,0.0,0.0,-0.2754950643609488,-0.15207392929193603,-0.455299512684876,-0.4297209690983929,-0.4484138797477079,-0.7277460698908581,-0.349177398480506,-0.9429118841040438,-0.4311456911922719,-0.6556611786652993,-0.5312088076233035,-0.9368888074676451,-0.4927743884688361,-0.7329531380331052,-0.43727578288247065,-0.6066500800816846,-0.2900227695106778,-0.7189929868470267,-0.36623035955711036,-1.0,-0.3310668592638292,-0.7268914461744962,-0.27832265652373495,-0.6203975482027981,-0.1346710364729754,-0.7376661408710247,-0.22356986354308434,-0.9375512531013785,-0.1935828984256514,-0.6363388997625163,-0.14022923372881008,-0.5292834346833245,0.04105187266615509,-0.7269462259083296,-0.07702928605393289,-0.8396097288208603,-0.0746129909091086,-0.6238269690807317,-0.026691200803196622,-0.5421864567435424
1,0.0,0.0,-0.27274858658565926,-0.14539419568387843,-0.4464993731582267,-0.4134792142021068,-0.4383518212971561,-0.7002319775851165,-0.34301637052096623,-0.9097264374929434,-0.41246964822029214,-0.6291841011077256,-0.510732020272741,-0.9066819238924319,-0.4737872357998482,-0.7043566418502442,-0.414524951172826,-0.5733470773328421,-0.2785965714881521,-0.6934646345111944,-0.3566863683843884,-1.0,-0.3275551032798886,-0.7400897714154586,-0.27235085214895943,-0.6176186104570476,-0.1297276178094234,-0.714084587688069,-0.22250430061342774,-0.9224360736347612,-0.19158615936879134,-0.6242803693892682,-0.1341360852182641,-0.5040768511967985,0.04032552718484122,-0.7043295502188784,-0.08005972459965525,-0.8168088782058369,-0.07440299197047978,-0.6052813744155713,-0.024674472082952526,-0.5207746683581608
1,0.0,0.0,-0.2843557113510237,-0.14249386495860056,-0.4581190294693156,-0.42146373715403673,-0.4439221079499608,-0.7239713191461771,-0.34558819811655495,-0.9386671338151347,-0.41442305032682053,-0.6410014088809167,-0.5132839892892929,-0.9115936890938579,-0.4730929620494414,-0.6931005581690556,-0.40989809481349204,-0.5738669096790446,-0.27813724350084157,-0.7021242961915602,-0.3589927914192996,-1.0,-0.32450956102815887,-0.7148085370391135,-0.2608901260259892,-0.5998184842677938,-0.12872954155901284,-0.7204506039569418,-0.2189285545393358,-0.9268848206390793,-0.18983607074206119,-0.6174457051438579,-0.12751547107094877,-0.5031751125662244,0.043260704238212405,-0.7112388961773435,-0.07397740139543751,-0.826573510599918,-0.07404878231585284,-0.6120875260949312,-0.023183333268892225,-0.5305841963237041
1,0.0,0.0,-0.2876018579782709,-0.14230651049177825,-0.465960720834297,-0.4279613998115033,-0.45110042024251706,-0.7496204687617297,-0.3518077540169525,-0.9819408475301065,-0.4222095450092896,-0.6591072452703342,-0.5348714365473918,-0.9299237168804857,-0.4860128871940462,-0.7049777174512643,-0.4166608666897855,-0.5965226580529158,-0.2830721013615104,-0.7176520092892835,-0.372067199899825,-1.0,-0.326935123028907,-0.6943490192061802,-0.25778977418993065,-0.5861240339999204,-0.13297254944391645,-0.7364430225974191,-0.23336361478468307,-0.9531640976061646,-0.19706568785345033,-0.6253723509175462,-0.13073380902261628,-0.5082541015967513,0.03822392449433066,-0.7278076421711102,-0.08958456867775419,-0.8481593912668456,-0.08589183230539507,-0.6214294810444092,-0.029688688647008746,-0.5341596350178391
1,0.0,0.0,-0.2831530273557485,-0.130194278457718,-0.46423430719188125,-0.41389690796846895,-0.4451642932283693,-0.7413243722921593,-0.3387756950591409,-0.9663724792961266,-0.4151402016114688,-0.6603004292486997,-0.5234757994192781,-0.9317787828158225,-0.4842077194215979,-0.7062226263898118,-0.42139971726205155,-0.5963189360587143,-0.2763980177851676,-0.7184531800844627,-0.3706438013037992,-1.0,-0.3380432907731708,-0.7039165991808431,-0.2766787229380353,-0.6051914908373235,-0.1279698620120431,-0.7337392048839707,-0.23071542147475133,-0.9460165726648186,-0.20060822439193254,-0.6167548092804293,-0.13755598782355455,-0.5031050952319883,0.04219904237392258,-0.7217578181168122,-0.09406821284684948,-0.8297593498880618,-0.09019723199010388,-0.5998386617987191,-0.03345891824783784,-0.5173479670699075
1,0.0,0.0,-0.2827149072459384,-0.12985295816026285,-0.47376290280094563,-0.4010067617603311,-0.4673560992702925,-0.7231653719786614,-0.34623580589592035,-0.9448313470201362,-0.42068610027362896,-0.6579991227626127,-0.539774864632935,-0.9342475112860197,-0.49605273488000734,-0.7151750549334297,-0.4291880886076448,-0.5983584990935112,-0.2813276657452744,-0.7107577979098471,-0.3799668565528936,-1.0,-0.34156301635074704,-0.7051115294879376,-0.2760754569652012,-0.5801776481489958,-0.13189691521018687,-0.7251876557482844,-0.23966646791914986,-0.9412951164188588,-0.20346723985167595,-0.6180010081864376,-0.1354974078453637,-0.4864708715659597,0.04263513138706266,-0.7081304810286048,-0.09360826167257706,-0.8353526363954091,-0.08929543045408099,-0.6044994639273257,-0.033264999349801594,-0.5033919441478051
1,0.0,0.0,-0.2793293964716806,-0.1398793686165274,-0.4623952460538533,-0.4065663881151346,-0.4590766945218199,-0.71754547818013,-0.3455108635097493,-0.9368129247910864,-0.40801678737233055,-0.6523746703806871,-0.5288295636025998,-0.924022878365831,-0.4918738718662953,-0.7201857010213556,-0.4222486165273909,-0.5952979015784586,-0.27489663881151344,-0.7042183844011142,-0.3706703806870938,-1.0,-0.33686284122562676,-0.7223447353760446,-0.27052315691736306,-0.5881085979572888,-0.13023584029712162,-0.7188473166202414,-0.23767992571959146,-0.9292811884865366,-0.20344512534818943,-0.6148724233983287,-0.13519658310120705,-0.47399383472609097,0.040445979572887654,-0.702739164345404,-0.09548687093779015,-0.8313769359331477,-0.0924119591457753,-0.6087573630454968,-0.03647019498607242,-0.5028446425255338
1,0.0,0.0,-0.26906752294392283,-0.14042887240646934,-0.4405391889828612,-0.4033624880436493,-0.42597011209909946,-0.7117098834218154,-0.3261142863272839,-0.9384697428831701,-0.3961564217634752,-0.6319538054663355,-0.5076186329355892,-0.9108816347367751,-0.4750225607464907,-0.7041161587847454,-0.4109789901808401,-0.5866674327744127,-0.26259298179666274,-0.6851233974742839,-0.3575019753970669,-1.0,-0.3323816256992509,-0.7197246244320871,-0.27139553040788916,-0.5894126358696251,-0.11763799968875648,-0.6970235391503345,-0.22129208381943702,-0.9103690675082488,-0.19247972177944886,-0.5840624215186538,-0.12798236463074514,-0.44637684183641907,0.05111035904540819,-0.6755891767785297,-0.0830185507308565,-0.7991194953211341,-0.08080986797720074,-0.5714620554034034,-0.02638516223678578,-0.4697631624927755
1,0.0,0.0,-0.27928695481207194,-0.1422111329048446,-0.4589388795759227,-0.4116273334995422,-0.44582327686509704,-0.738006722550504,-0.3502008172826236,-0.9769059747464169,-0.4275776484180684,-0.6216272293043886,-0.5278873798376942,-0.9125511216910299,-0.48594248820140895,-0.7134447536909623,-0.4285096665166156,-0.5937584988891136,-0.2856958628030701,-0.6808606640493046,-0.3767243731642211,-1.0,-0.33954316314439226,-0.7356374153622012,-0.2824045040091728,-0.5958313784158078,-0.13609925660533095,-0.7010197081357841,-0.23716780055658332,-0.925533233799277,-0.20312361969735385,-0.6192996001775244,-0.14222079738285937,-0.46896939969547835,0.03375349148144216,-0.6895103718725032,-0.09693652657754105,-0.8148609168358076,-0.09094032199926641,-0.5926629397016606,-0.037596329552055975,-0.48132800196430514
1,0.0,0.0,-0.28490223594634584,-0.13811917678634453,-0.4638421261652144,-0.4113874484233731,-0.44645444753838565,-0.7385472637422696,-0.3446165549824184,-0.9739815212179744,-0.42181581741664465,-0.6058590590776769,-0.5294734362744239,-0.8830474973759093,-0.48652113031421246,-0.6887393159298505,-0.42064864016074605,-0.5754066483062895,-0.28406801521172237,-0.6714071300565675,-0.37637456998832974,-1.0,-0.34536631696576603,-0.7401748479094553,-0.2834069806530003,-0.5968856978861682,-0.13698325231747038,-0.6999073850335739,-0.2413893617037495,-0.9220005137653282,-0.20713981353520092,-0.6111660872196683,-0.139028251757207,-0.457670539217293,0.030692676099926593,-0.6978729048245919,-0.10108675849904297,-0.8290690557008513,-0.09493194133928101,-0.6058770484867934,-0.036731019458290104,-0.4917836422912714
1,0.0,0.0,-0.2954881284589402,-0.14427799221363838,-0.4795422098881536,-0.4181553772115902,-0.4644054100661129,-0.7564159273597721,-0.34607800336814953,-1.0,-0.42210721536604423,-0.6238665189655537,-0.5375756375219805,-0.8929742285918327,-0.4981141503948633,-0.7096200286299119,-0.43350597183037193,-0.5999085201874215,-0.279853222019005,-0.6846699835310694,-0.37288793498586775,-0.9863257873706573,-0.3302168013862365,-0.7071923197985521,-0.2619914200013206,-0.5598556516510279,-0.12884165530380978,-0.7101804787080256,-0.23720564751616602,-0.9507392107349989,-0.20364948038568967,-0.6341075141018022,-0.13371454195666793,-0.4676121717512647,0.04736275944655675,-0.7064385889671628,-0.0880353764679561,-0.8463951697120405,-0.08885625873850171,-0.6219648030299242,-0.03350712574531687,-0.4991203001204559
1,0.0,0.0,-0.3004117569886423,-0.14147590909951288,-0.48997335670876374,-0.4219427280197743,-0.4756760849374026,-0.7613566865718987,-0.3554475805319912,-1.0,-0.47578557567980534,-0.5970025971008287,-0.5843764053487615,-0.8770012655889688,-0.5362215283275885,-0.7148283426658826,-0.48074333607685693,-0.5981546159404162,-0.3258586456566279,-0.6678563246486995,-0.3942453232277675,-0.9934312081577293,-0.3402275514606489,-0.729854845626212,-0.288807206873212,-0.5721839340040062,-0.1659288959612765,-0.7025518359525172,-0.2465914275438893,-0.9434061770401666,-0.19841386913196524,-0.6296930081920614,-0.14492331731820457,-0.454405672501604,0.012050182332273562,-0.7076959427397684,-0.08938491331792522,-0.8597418694557054,-0.07806673615766145,-0.6472240914879188,-0.03887623009830343,-0.5257541480836999
1,0.0,0.0,-0.2856276103375404,-0.12924308833206247,-0.48017757358506113,-0.405358301554053,-0.4541733596374913,-0.7381933942765254,-0.3293233645225642,-0.9713786812260254,-0.5135704800803457,-0.5746566204102609,-0.6228561119522977,-0.8437400118409748,-0.5676764115059173,-0.713869519149407,-0.5151109748095966,-0.5832603466081573,-0.36285406322057784,-0.6525534094731271,-0.41579073389263604,-1.0,-0.3732473518406308,-0.7967714955441664,-0.3483102777357316,-0.6544149458293552,-0.19821368903188272,-0.6855791857696169,-0.24694288347467425,-0.8983024095326319,-0.19970146601117775,-0.5985603319134791,-0.17306321852596435,-0.4347086720856515,-0.026403700849181935,-0.685648002952194,-0.10338234873991162,-0.8296346991386961,-0.08054072627697306,-0.6150737724932355,-0.05363226086384189,-0.49701868496993273
1,0.0,0.0,-0.2860992287030085,-0.13285307615403455,-0.48154564544428874,-0.41386921276313837,-0.4513320030032803,-0.7551319556253288,-0.3349258213851225,-1.0,-0.5589642697973589,-0.5662273900771297,-0.6565954525196639,-0.855892974010383,-0.5871034003717964,-0.7344460995499095,-0.5257963310193086,-0.599254640429453,-0.4031664531982125,-0.6519736128900149,-0.44796318974066596,-0.9950455510898937,-0.38345240724159946,-0.7852942050341081,-0.35276434287182656,-0.6230854288708388,-0.23228911792693357,-0.6970412870742508,-0.26502551583748557,-0.9361793295618343,-0.20912627830129968,-0.6446807810134867,-0.18461918967642466,-0.46029607204660705,-0.059402315095498696,-0.7031665334998254,-0.12092138070593147,-0.8683509662291568,-0.09390663331473012,-0.6589094237957769,-0.06784940235524631,-0.5223571735438306
1,0.0,0.0,-0.27927466271238555,-0.1431633506191879,-0.4668210313724056,-0.41962391534414784,-0.44410484139426704,-0.7597469728827994,-0.3391598606982259,-1.0,-0.5650598894356125,-0.5574208611453739,-0.6517519996496896,-0.8628418371775146,-0.577556179550438,-0.7324268369836825,-0.5194146864525117,-0.596264987269071,-0.4114999142272978,-0.6420106376984602,-0.45707323450664844,-0.9861679157986726,-0.39392663349912915,-0.7809766976050033,-0.37206738579713916,-0.6395040030661583,-0.2457321214139673,-0.692049317812738,-0.2737823846882935,-0.950235353075128,-0.21795714692212545,-0.6567724885744953,-0.19938410020511682,-0.4794833736718768,-0.0784083348779744,-0.7079223685633395,-0.13219448948448645,-0.8768296149205892,-0.10558282197997297,-0.6630633237965807,-0.08384379731525948,-0.5296633080074977
1,0.0,0.0,-0.2688136127847585,-0.16421643497718186,-0.43769178319518776,-0.4448451486571999,-0.41335342453454366,-0.7698827602004542,-0.3162229611986819,-1.0,-0.5487701422988015,-0.5524418851302368,-0.6198967999604003,-0.8711031118916098,-0.5380841681007438,-0.7332335611059555,-0.48594277396818913,-0.5932398370050018,-0.3958614741703349,-0.629346026643882,-0.42476569060233915,-0.9463877384808191,-0.3554525329020176,-0.745331389618129,-0.34529663582378906,-0.6145035699935918,-0.23183040267280164,-0.6776980977425939,-0.24297540046761543,-0.9234245181924519,-0.19203151089965503,-0.6506256649190175,-0.18708184518567045,-0.47772078135686363,-0.07248737722270805,-0.6967813199990546,-0.11269564431498234,-0.8776407792520146,-0.09268679384058116,-0.6772601820962068,-0.08310229789769273,-0.534721166205339
1,0.0,0.0,-0.2189997627519426,-0.16023922020819675,-0.36686528173171695,-0.4267040457606413,-0.3403010845003414,-0.730540005514718,-0.24323614778264369,-0.9516596899256384,-0.5218625700243471,-0.5525493209775182,-0.5737624437589363,-0.8690786839011672,-0.47689528398901493,-0.8086488364942295,-0.39298363803110237,-0.6987541035556165,-0.3722847634072192,-0.6318043592680062,-0.4035568386085324,-1.0,-0.3422428945330547,-0.9109489627315469,-0.3080460241566,-0.8326270439467963,-0.2189491947823407,-0.6674234537895145,-0.2019426247388902,-0.9009692334640281,-0.16453244082739873,-0.6642372503048476,-0.1654707575966786,-0.512155486392932,-0.07213464677079268,-0.6643916230787157,-0.07402560790073957,-0.8262261222612703,-0.06346842051368348,-0.6409016774659716,-0.07582554668540303,-0.5140245347360514
1,0.0,0.0,-0.2282937626254919,-0.1874962554500864,-0.3759005289282731,-0.4849652788375561,-0.32247244293871147,-0.7916430689370226,-0.21574881389615191,-0.9977244440827068,-0.48993380200967873,-0.650824535760593,-0.5226998854874245,-0.9443271623150757,-0.45648606914389134,-0.7973576760164546,-0.4198948926034824,-0.6560519274399488,-0.3386514420332369,-0.7081935839044832,-0.34377709499795955,-1.0,-0.29493855546851244,-0.7847505536281721,-0.2963725061297576,-0.6693928403075222,-0.17801448985382406,-0.7280692309344475,-0.1630730291797938,-0.9605376721503834,-0.13743204701685133,-0.6860594787134349,-0.15077620987114226,-0.5382252133404324,-0.024163509940437634,-0.7090479064998604,-0.03202056478551783,-0.8666342515817544,-0.029754052309525342,-0.66620107074345,-0.036854001553211044,-0.5567273877228501
1,0.0,0.0,-0.2474114412591173,-0.17533895033934357,-0.40056224811272023,-0.45800392732923656,-0.3606500374372722,-0.7658074862573404,-0.2364660328615592,-0.9604776826112744,-0.3895926192824989,-0.6888744834540341,-0.4559524288430832,-0.9573535251934955,-0.41580664411011276,-0.7659196797557689,-0.3758919278726651,-0.6554235603841138,-0.2425063860511466,-0.7319687578690307,-0.285241251517083,-1.0,-0.2565837469482603,-0.7206220419578628,-0.2348485533928998,-0.6287597871775638,-0.0854791963883159,-0.7347706721740775,-0.1312048676944946,-0.9452399681125476,-0.11629287625572156,-0.6324275123513766,-0.09339899947341439,-0.5265160146475154,0.08438092504513839,-0.7104301117327534,0.013709878470499166,-0.8488251071788945,0.0007736618663346704,-0.6325724173536894,0.02108820176789671,-0.5482963083188696
1,0.0,0.0,-0.22297332112277587,-0.0860452702066749,-0.44561859229127265,-0.3625401990009419,-0.38921907622506907,-0.6322851994165863,-0.15334085386422236,-0.7568047178736043,-0.4249435444921615,-0.8798657021883508,-0.516992300616047,-0.897293570701807,-0.4396281596706722,-0.6687791251680612,-0.3706899216870905,-0.6293255361641582,-0.2355800575856485,-0.9999110314783682,-0.28112197893472735,-0.9509896803385063,-0.25650895765304477,-0.648657811951461,-0.25394879397844555,-0.6496113896196063,-0.04551066213877578,-1.0,-0.06182041274523881,-0.833836343263228,-0.0794104169429042,-0.5621570503946561,-0.10984211694242328,-0.6050780071875573,0.14720374341066153,-0.9416009249978188,0.1287219929498458,-0.7344323980073799,0.10642936689450394,-0.5524962368719905,0.08151749382201212,-0.6031189821726319
1,0.0,0.0,-0.26267476398846445,-0.029708192921261277,-0.4658190726287456,-0.1448489149397523,-0.3863347497539728,-0.23611696341445287,-0.14808468658366325,-0.32103203175418504,-0.4338035647066184,-0.9321462730554346,-0.4605220995840611,-0.5914241162983547,-0.40951367330424443,-0.36857136240123917,-0.37908857082316355,-0.4458199229650605,-0.21518624612120474,-1.0,-0.22677363390532854,-0.5512270594989999,-0.2249637310821774,-0.308245877165117,-0.2322717840781784,-0.41108575849135126,-0.0074169375241317495,-0.956390882320713,-0.015402148585555412,-0.5125574970799935,-0.03966542376994186,-0.304131770327618,-0.05034060117394805,-0.39622837821161827,0.18758211708163194,-0.8509318960114733,0.17032374654032376,-0.48731115015591225,0.1335594905310212,-0.31753735689894097,0.11472488682058214,-0.3764055177839544
1,0.0,0.0,-0.3152983007512285,0.16408580101134915,-0.5417000136668803,0.3128309508155416,-0.3749353916517296,0.5077915277716067,-0.05358879338320526,0.5158054938608712,-0.6385222671723225,-0.8803883643669,-0.6186276765010087,-0.023342806412297717,-0.5609095730590359,0.13958440310884968,-0.5210945202559475,-0.06235584394110081,-0.2526454974378818,-1.0,-0.18638531265941177,0.13557320189131625,-0.21268084010256347,0.17886009220363538,-0.24926589730942436,-0.1153225974271395,0.11795979912498221,-0.9220532265929368,0.14041060257443527,0.16793952377390367,0.06381983114935089,0.16641254518366205,0.01085701462468666,-0.12354578489230442,0.4229331374601312,-0.7289402093676058,0.39882599811813246,0.11880962035881466,0.33220698743153204,0.1466698087367922,0.30963413817947033,-0.08182243066870414
1,0.0,0.0,-0.3917890504535871,0.269907686349473,-0.6222362656377466,0.4896862670442688,-0.30559082764346035,0.7284607478903803,0.09493174442117686,0.7491758761161408,-0.6413872103300224,-0.8746350401970963,-0.46238207292588673,0.04278378875214004,-0.5454440783125397,0.1892864876392866,-0.6304804483600278,-0.044331617376240764,-0.22669736156059853,-1.0,-0.022938741705607706,0.19912821791019586,-0.1566244252067097,0.29926147771185657,-0.25655684672113505,-0.05406409685246498,0.1701139544666239,-0.914741857381265,0.3449099923916962,0.2131711973036642,0.18964433305660827,0.2730386702019439,0.09921149710877912,-0.062279494934230364,0.5043906389732257,-0.7326319039796728,0.5906418516897566,0.08256285355225361,0.44799171525710246,0.16382712729941848,0.38574296755251397,-0.06666522743464087
1,0.0,0.0,-0.17359285631866106,-0.1919492345650366,-0.2561147468317317,-0.48847418063874204,-0.0905674855812974,-0.7291339446556379,0.08652671787011156,-0.8583291140198277,-0.3766728816156261,-0.8432130424392529,-0.23332793177133612,-1.0,-0.21751449121384447,-0.7602806752498958,-0.24470147752687488,-0.6642023353663804,-0.19135212026020817,-0.8457648075835408,-0.06938600633937404,-0.9822810901402997,-0.08513229518254233,-0.7068257037846454,-0.1295608782309275,-0.6718863200293071,-0.01162102977311548,-0.7897082589042227,0.11271809332007533,-0.8962499708378705,0.06373139062057642,-0.6664344205185373,-0.005989743757885598,-0.6500200824610441,0.1474563371987079,-0.6907975669010776,0.22703900032850743,-0.7556626550085406,0.17643718855633903,-0.5942456970883899,0.11130317832531822,-0.5649104864495407
1,0.0,0.0,-0.1839901259890696,-0.18551942594476703,-0.2879405457462721,-0.47423911740306507,-0.17636627579523448,-0.7279265452830126,-0.01818308655855869,-0.8462896507403848,-0.3509196788349295,-0.7884830787973011,-0.31658019055246567,-1.0,-0.2857586357581375,-0.7469706180528062,-0.2854351996893081,-0.6484896199973484,-0.1790718441805214,-0.7991320075172461,-0.14539734770343782,-0.9986337770537964,-0.1490831901124597,-0.7097347008850552,-0.1570854393672129,-0.6766998286785417,-0.010694831878173019,-0.7606210697308233,0.0265510511068248,-0.9046156531581524,-0.012199972276908387,-0.6336176007204379,-0.037582606810156315,-0.6081960089015888,0.14832759996847178,-0.6827288461184199,0.15463052638540714,-0.7764630952197599,0.11038229780942277,-0.5917789859569555,0.09282041385925065,-0.5565163006040795
1,0.0,0.0,-0.20383792631791375,-0.1795406267985141,-0.32460718583462267,-0.4666388621058218,-0.22158142176977524,-0.7142540230658265,-0.06691511387163561,-0.8396720257715392,-0.33663430275579076,-0.7850037745438782,-0.3516589307203026,-1.0,-0.3209522314654947,-0.7377258559992824,-0.2997702386558139,-0.6502195214924771,-0.17328818829368195,-0.7991132437906885,-0.18465517112511304,-0.9919919875028963,-0.1901879797594756,-0.6867648795509413,-0.18199280968077075,-0.6690273635745304,-0.010293666988063473,-0.7657932147902325,-0.010516103474822671,-0.909903356728031,-0.047602903035331226,-0.6116220074593957,-0.05112899970850057,-0.594317405505602,0.14965909515587744,-0.6979686227025734,0.12026339589359523,-0.7794835228079616,0.0783756754938673,-0.5786377260054861,0.08147423967232474,-0.5510801174966926
1,0.0,0.0,-0.23188825407735156,-0.1944837263914544,-0.3694027521228002,-0.4797061729455733,-0.33849936280195314,-0.7248976903360683,-0.21666795538181766,-0.8595921932499965,-0.2705680370004439,-0.7830322035597176,-0.3664862465455274,-1.0,-0.3652802955453413,-0.7801976029898191,-0.3170786259432679,-0.6720769792516861,-0.13761559058951559,-0.7972957028509243,-0.22480490284519666,-0.9763724100405229,-0.22447527814768675,-0.6804650829789367,-0.167824505634549,-0.6155003794550167,0.006123688016381001,-0.7714137205206409,-0.09459656056245257,-0.8709383278204963,-0.10006729956899638,-0.5795102882426221,-0.04004582098314647,-0.5316170511333533,0.15440812176926272,-0.7115394418431491,0.02088205392556954,-0.7626054956541661,0.004243595801652419,-0.5725114194481435,0.062488365765997964,-0.5373924996778212
1,0.0,0.0,-0.24031177354584826,-0.20784212252805748,-0.3714894834011703,-0.4965115397778612,-0.3489753998865503,-0.7499182877856819,-0.2537744529722522,-0.9209925783993169,-0.24518963747014247,-0.8001091272543394,-0.36167750439055124,-1.0,-0.3626941701295672,-0.7560398945083471,-0.3034972235610657,-0.6671032546330233,-0.11870978782061682,-0.8116222598282622,-0.23589872185517516,-0.9908008625967668,-0.24148653465604486,-0.686904255785284,-0.1712874529118562,-0.6336178260524592,0.015416963218845442,-0.7884177673144037,-0.11844629553531566,-0.8756834516186716,-0.11909022331119208,-0.5774181782439453,-0.04031017482861159,-0.5389166263039907,0.15522685797588187,-0.7347360991536273,-0.010410017680628403,-0.7878981842124897,-0.017924580810419373,-0.5938861500165201,0.0574312521982362,-0.5586548630017751
1,0.0,0.0,-0.25477015744593645,-0.20265082999937628,-0.38995654717883377,-0.48951518769658464,-0.36283165076168666,-0.7379872106734148,-0.26316757106749,-0.8995586405177509,-0.2815701229925717,-0.7892772812731113,-0.38918104946136917,-0.9989756064237705,-0.38467508398007644,-0.7496202704589129,-0.33279188088640194,-0.650881679423322,-0.15304600415222447,-0.805878159833911,-0.26201783852658406,-1.0,-0.2601644851152554,-0.6917692099784073,-0.1975419306358725,-0.6232880984415793,-0.011947595244247624,-0.7858681802386193,-0.13551072657987984,-0.9213319789596865,-0.13150166178082315,-0.6112231835503005,-0.061023146126818084,-0.5496597730236095,0.13803205944987482,-0.7322186481806544,-0.010919637526842439,-0.7970221600477595,-0.021250300724411694,-0.5958658932480315,0.0446055238247987,-0.5519028058701405
1,0.0,0.0,-0.24310171734534006,-0.20032399872225856,-0.3757615842121706,-0.4919670197616989,-0.3543313328645161,-0.7414185387177888,-0.2528395229297254,-0.8983358938866156,-0.2565250230215777,-0.7985863522705068,-0.3679529692862316,-1.0,-0.36852397461834496,-0.7570012508293034,-0.31149481707352744,-0.6673080725878827,-0.13168664210251652,-0.8076200544561233,-0.24186522167994917,-0.9862025571210098,-0.24616999343577886,-0.6857616076140285,-0.1771947724929882,-0.6377412877808369,0.0033964871471146092,-0.7812566914687357,-0.12163642171552,-0.883473373951158,-0.12505689576695495,-0.58736147562755,-0.04909592772570214,-0.5498632161407294,0.14410776321532168,-0.724521519763454,-0.013195722608417882,-0.7870779036147679,-0.026316559271640574,-0.5943241133913622,0.046486913096030695,-0.5600304458170934
1,0.0,0.0,-0.23892857992435357,-0.1673205482091164,-0.41471625535124146,-0.44899591812281225,-0.3914467066719412,-0.7207046238073967,-0.24659571912432443,-0.8653056885197902,-0.3408612675698543,-0.7876351925419032,-0.45175681656456834,-1.0,-0.4406280552038721,-0.7977580952531989,-0.39075038817333424,-0.6862942728317432,-0.1963192328103162,-0.8177319517387551,-0.28878950711751455,-0.9888768185850961,-0.2762569488680199,-0.6822667266951361,-0.22732669789674223,-0.6302537025142942,-0.0377703593866876,-0.8060880732770229,-0.13305233901048766,-0.8930485916363661,-0.13069466507256425,-0.5860913683818539,-0.08149657670325643,-0.5484308458228673,0.13088820108714966,-0.7573246333167991,0.00676759320198141,-0.8086630714194882,-0.0010161374969126747,-0.6046969634228679,0.052881439954937534,-0.5789819300797551
1,0.0,0.0,-0.2444589082780077,-0.17556761069425525,-0.41590665928311293,-0.45398707528162924,-0.39218188970568724,-0.720457838654187,-0.25348247412038166,-0.8696989393869142,-0.34576668961633805,-0.7821087627794239,-0.45311516273416613,-0.9977438169298589,-0.43042356578405205,-0.7657004767524495,-0.3754365030416334,-0.6670521744886554,-0.20282143901729915,-0.8102461680318368,-0.28949741969291765,-1.0,-0.2761621150790422,-0.6891226431022823,-0.22789198665711355,-0.6359852597205856,-0.04642861412854091,-0.7961783402342733,-0.13403337121341358,-0.9106178827222218,-0.13008118701416027,-0.6031089077093691,-0.07892499889917395,-0.5634453434766798,0.11979524344002451,-0.7477731965917842,0.011504871483298209,-0.8329692588130967,-0.006589500948168444,-0.62206761084006,0.03821018224721899,-0.5772696773019584
1,0.0,0.0,-0.24770253016438218,-0.16423198950134343,-0.42108470318484925,-0.44912506258016927,-0.3940408866980481,-0.7200692010771195,-0.2505733676573836,-0.8625010738608928,-0.37376372690458487,-0.7847360672103612,-0.4885353129897176,-0.9925979138956118,-0.45128552257774013,-0.7513791336238436,-0.39306982021346876,-0.6635343502178827,-0.22651444009633642,-0.8181309191953005,-0.3169933672426511,-1.0,-0.2914265908693682,-0.693342654939612,-0.24302819884645122,-0.6540757834740956,-0.06527711535784007,-0.810402379379501,-0.15092381660529613,-0.9244807697434879,-0.1376177173716625,-0.6130009746213344,-0.08739450242470384,-0.5774841735122213,0.10653825759034503,-0.7727242295603539,-0.003015105149496248,-0.8467397583294576,-0.006951508885643443,-0.6501124221265704,0.043365613344906344,-0.6270867709225132
1,0.0,0.0,-0.2362378288889371,-0.16155297778554223,-0.4095141756180893,-0.43959335928820875,-0.3717871754932198,-0.716122702738511,-0.21891233399832685,-0.8637606468825717,-0.386922471290277,-0.7454957582479814,-0.48087943294010194,-0.9693530412168971,-0.43367642153359665,-0.7230834438887525,-0.3830403785714579,-0.6408861981696361,-0.237008150518736,-0.7874272840417381,-0.3066979289838496,-1.0,-0.2807634743264229,-0.6944352762752076,-0.24644371112118144,-0.6614571272631129,-0.07618416432121122,-0.7880607182281899,-0.14118225024197129,-0.9306648977799612,-0.13179857203240042,-0.6186743784811767,-0.0962409594197614,-0.5863334742267619,0.09523379613209433,-0.7610540274513551,0.0032128977869961034,-0.8677588154634153,-0.004941138399360762,-0.657436974617492,0.03399674401344604,-0.6119730492953082
1,0.0,0.0,-0.2345022722729231,-0.14682729449738685,-0.412337175041274,-0.4233321322299386,-0.37288548583011943,-0.7091393435899056,-0.2337512281940489,-0.8842820936143632,-0.43641129750156316,-0.7558872801935215,-0.5146483977422497,-0.9705768152206738,-0.44198002198444564,-0.7138151398576541,-0.39550704286116195,-0.6340546840298011,-0.27215078728985503,-0.8101432270225174,-0.3278559575234747,-1.0,-0.28686815226750295,-0.6869999495658102,-0.2693978704619103,-0.676053907464807,-0.1003913814653745,-0.8184587919249393,-0.13909263423849538,-0.9193162339149874,-0.1267997562144948,-0.6100170200199427,-0.1130430714056981,-0.6114331269987586,0.0769455596341759,-0.7989860297294358,0.01425586175927822,-0.8642712654545852,0.008604498122085982,-0.6539737584226616,0.031330265557276527,-0.6384649412502453
1,0.0,0.0,-0.200154504848179,-0.11197228069588,-0.3596594059866016,-0.3621566990766952,-0.26241633692307115,-0.6449244884034238,-0.10737471935776277,-0.8346562369630128,-0.5620761324176934,-0.7584366924755592,-0.48574315226107695,-0.9227434758260731,-0.38761924839302314,-0.6641022916396887,-0.38635642238933104,-0.5911829734427282,-0.38390867198607065,-0.8504750460319895,-0.29243510505953835,-1.0,-0.22001941389976457,-0.6942344954453187,-0.2606997682427277,-0.6699322700219935,-0.19234623572957074,-0.8753803255398701,-0.0959990351134647,-0.980988591856754,-0.06447587766578093,-0.7027701878761187,-0.1257437809406892,-0.6712716309350003,-0.0026257624021574642,-0.8519285259615638,0.07140638704318653,-0.9645021523734876,0.0640737277181766,-0.7661605681897,0.0008377839180338455,-0.6949506435253346
1,0.0,0.0,-0.1867349075629487,-0.03637655560259731,-0.32025913937865425,-0.2893667420852245,-0.16301903370162477,-0.6390675716893606,0.0016130770012853022,-0.8736648107935033,-0.6347890480721226,-0.719378092805798,-0.41743678574300935,-0.860138788356103,-0.3338458608565545,-0.5968536652356868,-0.3767206281136711,-0.5305361697994959,-0.44606207387376723,-0.8614172618966326,-0.2323016772662366,-0.9521862276912058,-0.16496899037768462,-0.6128148573041432,-0.24947874698970696,-0.6159051972035952,-0.24599993323105546,-0.9064916106338649,-0.03940240277151819,-1.0,-0.018577320714002813,-0.7037450549250442,-0.12271980260672029,-0.6906522718892121,-0.04114029217483144,-0.8993496097810434,0.1120405651687661,-0.9913795981420024,0.10379611799286483,-0.7855745695299922,0.005915121496716941,-0.7180347471657342
1,0.0,0.0,-0.11684152862201334,-0.11309385094414127,-0.16862850290330725,-0.37163020540008673,0.02217129836417895,-0.7347956680196014,0.20345605227895053,-0.997500873905191,-0.5605199574052137,-0.6829961515804738,-0.43550094187559474,-0.8749312204247827,-0.27373866350766124,-0.7579994691835136,-0.19321194142893208,-0.7037967134691446,-0.36247807145307775,-0.8499436007483218,-0.18494827775943656,-0.959727131195826,-0.08446617339573664,-0.6468140491587854,-0.14456333870623192,-0.6255255568718078,-0.15712613041254797,-0.918126007418484,0.034480819399400564,-1.0,0.0658706037713864,-0.7007635342020598,-0.03803631885240065,-0.6482054195068585,0.022506699939797644,-0.9051861418056824,0.20467506910324382,-0.9703531709811689,0.20233373144569813,-0.7636422264514918,0.09819538578059153,-0.6879207691660355
1,0.0,0.0,-0.16757533924972176,-0.1369121512013518,-0.2857681177944306,-0.4383754424294522,-0.15759710434497262,-0.7276512074776827,0.008527559683480615,-0.904520669555655,-0.5040121219626797,-0.791805423425971,-0.38337461957441343,-0.9859362981059765,-0.3029785365630752,-0.742412928857311,-0.30197687197865675,-0.6563856696732057,-0.3153369251976756,-0.8372591410585459,-0.200935240149498,-1.0,-0.15872261109619193,-0.7029509866478939,-0.20037861265647078,-0.6885372816247033,-0.12208685309438197,-0.8173493604081891,0.0010129229632185454,-0.9016325642646474,-0.0015814710926223513,-0.6443209922737719,-0.07053506769762512,-0.6471316134283319,0.058212772100942625,-0.756230602061674,0.1431883662536056,-0.8377935829227612,0.1203719371000999,-0.648070032414197,0.05100707854010615,-0.6054269359361822
1,0.0,0.0,-0.16050767261374985,-0.18261728032352,-0.2772562644351423,-0.4550314841949465,-0.18888665319489586,-0.7245234782844848,-0.03780819144563128,-0.8941387921574049,-0.40626338587488536,-0.7660701478479525,-0.3850703441226828,-0.9980276858468637,-0.3043100819786468,-0.7470111308757433,-0.2816909623510503,-0.6454568572095165,-0.2292991881138986,-0.7952305240535299,-0.2085107315369052,-1.0,-0.16795099057017193,-0.7058536160841586,-0.17833997252153777,-0.6850151650003888,-0.05415670376958581,-0.7744031828601549,-0.015239992149010787,-0.8843651746906821,-0.021439619597352882,-0.6082806950841204,-0.05611142726293037,-0.6038037178630989,0.10843530772544745,-0.7170616438440715,0.12515600137762642,-0.7866472078993789,0.10393179021070524,-0.5874814372247987,0.08011866597373869,-0.5575211489107987
1,0.0,0.0,-0.17767701643924808,-0.2114127300888896,-0.29470326580604284,-0.48893748531036907,-0.22795212311699004,-0.7430140129954876,-0.07480157137080351,-0.8700354886884367,-0.31313256652851723,-0.7828863062713228,-0.3337819905490017,-1.0,-0.29045571797076525,-0.7611925133611773,-0.26271060003766383,-0.6641497094190278,-0.14923059180417134,-0.7845084794753923,-0.15789415290646666,-0.9767657848751911,-0.14986211819733228,-0.6914983350535104,-0.14159125381200485,-0.6577538623692897,0.015240428200003795,-0.741106295264136,0.01055930815305537,-0.8627044687134584,-0.012221188980550564,-0.5846068726304987,-0.013976207542404676,-0.5643518971338979,0.1755801035609855,-0.667966896688647,0.14043856486138098,-0.7356935038620044,0.10649059060710328,-0.5503470767452011,0.11027128189930906,-0.5261254264554961
1,0.0,0.0,-0.202058888910645,-0.21067229049159708,-0.3226240510659275,-0.5196245497926195,-0.24797888992422348,-0.7799584432816447,-0.09036685782603537,-0.8994127003689195,-0.2677580680272422,-0.770233560735812,-0.31029150747917267,-1.0,-0.2957783303828217,-0.8332073079009595,-0.2627281847385025,-0.7327245335523277,-0.11303012746901386,-0.7720718235544125,-0.1262086635621986,-0.9706468243318732,-0.1437539376948691,-0.7105683411060215,-0.12699793022663847,-0.6618039854367199,0.04117201924416991,-0.7224983327785527,0.012833285917824124,-0.8594710847939038,-0.02278046465663301,-0.592262998280372,-0.009942283615388426,-0.5606456840560647,0.19844772756852885,-0.6428057234934825,0.13164513004327288,-0.7093722033008105,0.09204271772645128,-0.5283372935841633,0.11056903218226906,-0.500892352204706
1,0.0,0.0,-0.2083461997066036,-0.25121527982243397,-0.3116726323551251,-0.5537757910342036,-0.2276932993651504,-0.7980494051498622,-0.07097297357852547,-0.911039764777323,-0.23197819663188748,-0.7790587818275775,-0.2677740508781641,-1.0,-0.2776600215379498,-0.8269102004224288,-0.2525340411921189,-0.7381783283643998,-0.08059180242306244,-0.7727137328415243,-0.10417898846320782,-0.9712612856645095,-0.14057404467357998,-0.7193844707877552,-0.11706728842727294,-0.6595300544595879,0.07013908896598021,-0.7144400492115438,0.03579125825805727,-0.8752749334515268,-0.017838753774814385,-0.615595854073927,0.0010119791560444283,-0.559586843639023,0.22179003974668063,-0.6246910275107237,0.14137001238331576,-0.7040218056661066,0.08780865292447039,-0.5308619172681905,0.10862417081909415,-0.4888554466912763
1,0.0,0.0,-0.2018215319099355,-0.24348681828203017,-0.3080172077992545,-0.5572475745844552,-0.22783113647553108,-0.8059204927480275,-0.048721923380514655,-0.8952816200736334,-0.20148112271066246,-0.7682778607223757,-0.2422102837847563,-1.0,-0.258087003108233,-0.8498075774173908,-0.23409186707591925,-0.769713462269981,-0.06189393169198222,-0.7533649677810689,-0.0780145347874213,-0.9622188625535031,-0.12201013916796224,-0.7132897807559141,-0.09647802133154829,-0.6669652862578634,0.0797082990163545,-0.6929300550480514,0.04245890815462802,-0.8619252310613114,-0.010561538101270595,-0.597463837234141,0.021212747753356402,-0.5490580489069781,0.2295143343115338,-0.6027004844548369,0.1424209833713533,-0.701190118537794,0.08955417818022725,-0.524428072564275,0.12172770234071305,-0.47834574836906296
1,0.0,0.0,-0.20724642886462524,-0.24112746171177335,-0.31297546725775116,-0.5564574610732561,-0.23203229756724955,-0.8092250339782356,-0.05877636163788778,-0.9035166333725565,-0.20751751361409845,-0.7622230431728831,-0.24363421175054045,-1.0,-0.25574038347517536,-0.8081281526785796,-0.23249066168623267,-0.7166981934524624,-0.06897923906995412,-0.7543994973957621,-0.08757719216630636,-0.9699666032710323,-0.12765497724142336,-0.7157606563956618,-0.10499474363535195,-0.6615773426739275,0.07155411661148053,-0.6995411797973164,0.03285969041038411,-0.873085873719545,-0.018734208101870854,-0.5977293302866942,0.007910771784837954,-0.5375542169498947,0.22024909011301755,-0.6109968051336782,0.1305015096370486,-0.7054728333743808,0.07795268587691213,-0.5197675227357724,0.10637781745705972,-0.46735238851033944
1,0.0,0.0,-0.20892136828945115,-0.25558497708224137,-0.3024761551727876,-0.5726258507102897,-0.21751657281204378,-0.821353991977828,-0.05280429564680905,-0.9186096847881827,-0.19034428854199922,-0.7588149449263879,-0.22208156191323147,-1.0,-0.24416088497533933,-0.8207752914722019,-0.2248846601997877,-0.7260713221450291,-0.0575679473603591,-0.7485646909655698,-0.07672202722017868,-0.9665817461933509,-0.12361745629387103,-0.719982497285393,-0.09801463500137661,-0.6593087816384734,0.0780602367145795,-0.6946078120884074,0.040552395421917874,-0.8732692653493437,-0.016411062135061952,-0.6071693397557186,0.01362468438221383,-0.5382390812435146,0.22359802930089323,-0.6075646811883085,0.13766015401878737,-0.723537452791061,0.07967504351235499,-0.5414222174233346,0.10715084797903301,-0.4759261864954484
1,0.0,0.0,-0.24028761354006534,-0.23027759409126275,-0.3463745351480682,-0.5388112200792917,-0.28154468631581764,-0.8004513010378981,-0.13785015601017883,-0.9379320393015464,-0.19737279953863085,-0.7462723635374798,-0.24403319619200112,-0.9861783924229364,-0.2863490941432763,-0.8162203743392609,-0.26688842884457564,-0.7080667513077905,-0.07614933176299106,-0.7446929467825524,-0.11758921233262136,-1.0,-0.17802650317586718,-0.753698435883132,-0.1417852382554357,-0.6558250897461557,0.05164000795715788,-0.7027501166502312,-0.009968651961335999,-0.9246695011506854,-0.07560790435350222,-0.6423408096955657,-0.03732472808481308,-0.522950134535586,0.19590029948844234,-0.6208917674441524,0.07895410824776448,-0.7567248021812832,0.01759091569975234,-0.5632600135174348,0.053672489951654793,-0.4681549431409968
1,0.0,0.0,-0.2353651617895772,-0.22766694278386013,-0.34389963971696325,-0.531967538444649,-0.28062309849553235,-0.7954918942074503,-0.13614476422688082,-0.9429042359550648,-0.19612785940593602,-0.7287012690898957,-0.2481382049721055,-0.9747771166148596,-0.2865985918790837,-0.795537495768037,-0.2580474087335433,-0.6866360557874446,-0.07847798266065914,-0.7315789271657095,-0.12232273161024945,-1.0,-0.17861931679035642,-0.750946539463391,-0.1357332753973439,-0.6468091574689445,0.04693122225233324,-0.6956006777282439,-0.018892250575201504,-0.9191102014683088,-0.07903840587999113,-0.631453868340464,-0.0346378399293099,-0.5091090268826574,0.19143443009948663,-0.619828541203006,0.0729305604923126,-0.766096084177103,0.016867971198852746,-0.5668625588924194,0.05651553408716654,-0.4656326218517458
1,0.0,0.0,-0.27872329051439987,-0.15700286183965798,-0.461276649206288,-0.4367661291179693,-0.45019509082109466,-0.7222129423807505,-0.32603176370763454,-0.8993770133091963,-0.3874652660292605,-0.7344815273254847,-0.49186554477349015,-0.9659131594021371,-0.472967663163011,-0.7514653821462512,-0.42148373719679305,-0.6535394187836999,-0.25194341295437317,-0.7764816139373384,-0.3437338941212918,-1.0,-0.32415580806242145,-0.6920337875062242,-0.2637115209787076,-0.635585384297271,-0.09829842605957151,-0.7778350431242957,-0.20335099041289267,-0.9471948466898805,-0.18686745388275705,-0.6230139751239969,-0.11910747912392586,-0.5639665817838774,0.07237863910569613,-0.742985351968524,-0.06565495772754608,-0.8194778954969292,-0.06824347829397491,-0.6054151126897945,-0.0021348394278097337,-0.5631877096193251
1,0.0,0.0,-0.2782280257474931,-0.15824804427144945,-0.4693345422173492,-0.43906613709774195,-0.4515956989940816,-0.7260367632626598,-0.31305610240950965,-0.8905633868762699,-0.4204290029218487,-0.7375222983597275,-0.5322803349939985,-0.9582010987242532,-0.4992162822289399,-0.7379689632258847,-0.44029465927734246,-0.6431377175843942,-0.2785260090424442,-0.7877175998980469,-0.3692490541898591,-1.0,-0.33801290103326714,-0.6897641962993638,-0.2827148293665793,-0.6360789863482721,-0.11661224311343861,-0.7943014493274911,-0.213110458779546,-0.9429289122245399,-0.18860234051769714,-0.6244243046462138,-0.12923947903465816,-0.5804189006369896,0.05903697132383652,-0.7667820253747815,-0.06924189142803455,-0.8230740465232234,-0.06568252593090322,-0.6122049740574689,-0.0058009068490576625,-0.5857901968147106
1,0.0,0.0,-0.2865689913249606,-0.11504757241189624,-0.5010495422412333,-0.38279364408093314,-0.5013296745488988,-0.6886834973930366,-0.3700608198719054,-0.8746217140694941,-0.4583409712578211,-0.7229849194381137,-0.5846787341898938,-0.9439795799128283,-0.5686809854234219,-0.7725932986056184,-0.5040263852200796,-0.6695252774891751,-0.31520671681596724,-0.7906303533371437,-0.423056383383798,-1.0,-0.3821030114223074,-0.6800148174410184,-0.3177390365642615,-0.6296679510038736,-0.14913436414179274,-0.8154614909493576,-0.2546126042050053,-0.9323041677232573,-0.22060117156355005,-0.609254064263496,-0.1593072051396806,-0.5773956121614306,0.031431417267565306,-0.8047180512839265,-0.0964570894380422,-0.8230245863000675,-0.085389478503979,-0.6124108787362567,-0.02440553364648161,-0.6069799368350932
1,0.0,0.0,-0.2803937982343821,-0.12243020518694636,-0.505450743073777,-0.38112882728336733,-0.5192380954818057,-0.6799567279995881,-0.3917609829730052,-0.8713831910285449,-0.4637908869704514,-0.7418515541359019,-0.6011657338727193,-0.9495785873969339,-0.5775075161430343,-0.7573383753359834,-0.5121606540187975,-0.6573921454665959,-0.32242438355472064,-0.8108235018653214,-0.4434663533647595,-1.0,-0.39305325737915875,-0.6717354317651925,-0.32474216086833163,-0.6316378202657416,-0.1546212724360748,-0.8390529803718232,-0.27665451907400224,-0.945488410953497,-0.2318522610483864,-0.6145273394405028,-0.16210174997624965,-0.589571089646419,0.02976613351817549,-0.829977471562766,-0.11540266342873026,-0.8570573376396352,-0.09867890531563003,-0.6413868151545403,-0.029275772957622674,-0.6357587042198197
1,0.0,0.0,-0.2817192679925675,-0.11149479670774382,-0.5113282785464566,-0.36816845233377604,-0.537697069840759,-0.6666964477993584,-0.41772553804179446,-0.8714782409597851,-0.4759790347230395,-0.7533922071101654,-0.6200358174160384,-0.9565941592153793,-0.5610717365042234,-0.6943660021151009,-0.489038221521992,-0.6133606807390525,-0.3311204030379958,-0.8237906418394493,-0.4571298193197893,-1.0,-0.3933632905910034,-0.6588054083177423,-0.32354190533602645,-0.6286806718047127,-0.1647373776431756,-0.8482316651896186,-0.2835237484519015,-0.9375097369093108,-0.22860221613256768,-0.5979878521799069,-0.15812852800347127,-0.5841767718372958,0.01981277914808348,-0.8366349561648946,-0.11772129503095397,-0.8605088570849875,-0.0982617265211394,-0.6348738664956654,-0.03328633998685467,-0.6258943746482504
1,0.0,0.0,-0.28405979827667766,-0.10531560576247749,-0.5217936271564411,-0.3623376577498925,-0.5478236239225222,-0.6664914291513226,-0.4289040418848706,-0.8742695983678183,-0.4978366141928257,-0.748201995652354,-0.6486631261623401,-0.9490774981221111,-0.5710089281212537,-0.6775609378557672,-0.49343565834015496,-0.5927911546696409,-0.34721017486605893,-0.8279111934381311,-0.4706431131174754,-1.0,-0.39312411665359076,-0.6568365592772207,-0.32933723287652755,-0.6095034826449025,-0.1790730438563729,-0.858791105213482,-0.29562579543326967,-0.9296601751711456,-0.22673111810419772,-0.5908639701927089,-0.162594829776076,-0.5669737551579723,0.005953686555214751,-0.8541563566097353,-0.1298718732226693,-0.8517362162634331,-0.09929255212727317,-0.6186570469085244,-0.039512901795162224,-0.6072175804441355
1,0.0,0.0,-0.2815753095082147,-0.1077927031215551,-0.5219152575922651,-0.3702994420564252,-0.5505462761651719,-0.671594444060001,-0.4244410506140276,-0.8708969743590569,-0.49587263372863055,-0.7570401149682405,-0.6476657938907834,-0.9529064724351413,-0.5715978235855479,-0.6801604148126214,-0.4947606088939457,-0.5919686380029257,-0.34507691639214727,-0.8368387596175665,-0.4708721911717137,-1.0,-0.3964347614779148,-0.6571864001454806,-0.3342798150594877,-0.6061059980141265,-0.1764150958578282,-0.8675042525696464,-0.2937251866383216,-0.918203251103576,-0.22650706723163752,-0.5819774730482837,-0.1634113252728967,-0.5576745001923111,0.008798675225985654,-0.8616724789141745,-0.12877118841820503,-0.8456329288094897,-0.09955921331082462,-0.6143703863441419,-0.040539179161523616,-0.6029112198638856
