5,0.0,0.0,-0.14099086519722104,-0.04170685927968162,-0.25777771102188074,-0.1324635410813936,-0.3550831463241051,-0.1865832885512524,-0.4062701774334657,-0.2724428690052741,-0.19477015759212962,-0.42856451456780564,-0.2940747465779258,-0.5034093720087331,-0.3548235400578032,-0.4338990524742146,-0.3666804999719996,-0.3491322289682765,-0.155053736642794,-0.4960334016839546,-0.22349355119491202,-0.705614560351225,-0.26460980621875685,-0.842933294911606,-0.28714251753547615,-0.9670558720897674,-0.09534169933069796,-0.5113297737605562,-0.10727579939259552,-0.7290472709632987,-0.1046189146900431,-0.8734368457690298,-0.10189787015310466,-1.0,-0.03509524397611474,-0.4735190482389238,-0.01804671503502274,-0.64269082265888,0.005465453637844066,-0.7564058773375226,0.029860098183089916,-0.8585343334850176
5,0.0,0.0,-0.13591645320490284,-0.03782319227184704,-0.25251196595029085,-0.12877278553184998,-0.3474270183995669,-0.18388740380268878,-0.3922260853065757,-0.2697669313778562,-0.18932095906184718,-0.42602596513550867,-0.28404087304466236,-0.5034726834050454,-0.3441169193793518,-0.43563258161308266,-0.3573232731919928,-0.35273240358876196,-0.1499396354314904,-0.494583186839966,-0.21586406903697586,-0.7069808972648991,-0.25361508425926443,-0.8440319067204646,-0.27267298773920273,-0.9658747653780831,-0.09111924653113007,-0.5095764806991501,-0.1027432859531928,-0.7282059724648277,-0.09902747006419665,-0.8723857677275577,-0.09552074439093174,-1.0,-0.030864431782456885,-0.47021078302797603,-0.011843918990563036,-0.6370599385750986,0.01250690611588881,-0.7496153967784481,0.03745654030102294,-0.850637036871683
5,0.0,0.0,-0.13554033300933868,-0.04002922909393006,-0.25160093411250006,-0.13340625563535388,-0.3449307623614866,-0.18969106555128265,-0.3851831961292135,-0.26962428842932923,-0.18875255289170398,-0.4316093921969376,-0.2834556446055078,-0.5096849579794167,-0.3414151477184327,-0.4392916194448691,-0.35307914326261297,-0.35632604730848444,-0.14549559993448652,-0.5006119794531354,-0.20831502284040077,-0.7102763845506261,-0.24371637474240732,-0.8505062722017664,-0.2611082873620085,-0.9776575318226495,-0.08353815699882042,-0.5132193767230432,-0.0940477688088486,-0.733176676371463,-0.08538302730599856,-0.8737498328785561,-0.0772778958361892,-1.0,-0.019210833267989082,-0.46897784105984425,0.009872528882628377,-0.6331088687847982,0.04150064996373629,-0.7431895778648658,0.07209003252921357,-0.8424874515535854
5,0.0,0.0,-0.13910099215634147,-0.04400958182634152,-0.2555817372239965,-0.14177508202478784,-0.3475570422682178,-0.19651242127246668,-0.3866538793668294,-0.270281993051465,-0.18847755488577445,-0.44215454596217696,-0.2831703804923612,-0.5179783331600493,-0.3415350287347624,-0.4382758653753775,-0.35400960250762437,-0.3474397229911377,-0.14328556771719436,-0.508647314375616,-0.20236428425182357,-0.7183551461330043,-0.23699396426161523,-0.8625686454079373,-0.2519901504450518,-0.989520605984148,-0.08143349115658946,-0.5175688437602408,-0.08980659052319698,-0.7345405060785111,-0.08182173523859337,-0.8743486100955871,-0.07357817590709516,-1.0,-0.01813522889197771,-0.47103558139504276,0.011967130297158072,-0.6320707660854787,0.04251037683365424,-0.7411380233093098,0.07268342840769727,-0.8404502014450952
5,0.0,0.0,-0.14127486581037618,-0.04642544819763581,-0.26054976222654935,-0.14327525323497675,-0.35514649539364096,-0.19939303479244605,-0.38717135625856824,-0.278338821848508,-0.18956540141555545,-0.44637155213566876,-0.28743210271902647,-0.5229907387604876,-0.34727725978088486,-0.4425721410359913,-0.3608412264563974,-0.3519060133299443,-0.14251850624302273,-0.5113519513621633,-0.20363567008593136,-0.7215271844794271,-0.239234504229012,-0.8682481092522444,-0.256470979919238,-0.9993826586807931,-0.07751944494521003,-0.515719995774907,-0.08041486531023267,-0.7306490183190625,-0.06845098462954483,-0.87190988757595,-0.05832270528371761,-1.0,-0.012656616768020375,-0.46326912461075587,0.021916363314697387,-0.6217153354824575,0.05339722480069841,-0.7312921132966885,0.08254794006190583,-0.8337612546286602
5,0.0,0.0,-0.14005783377646305,-0.0421250002603675,-0.27028210771564537,-0.13508453043999077,-0.37257510276942024,-0.19531274113581204,-0.36403713162495643,-0.2792421582515574,-0.197311606122859,-0.4427056103232022,-0.2874995005677905,-0.5236855843697695,-0.33938458969016644,-0.44680010232916245,-0.3460552997852489,-0.3568665159249286,-0.14241894096891175,-0.5119097776423657,-0.20112281828601683,-0.7270375271942021,-0.23471382392377804,-0.8719607301424334,-0.24889088177857324,-1.0,-0.06741359633417705,-0.5186164657923494,-0.07480273137818484,-0.7313211880256701,-0.06218409137517026,-0.8710069329711795,-0.04783812602052226,-0.9993963261103916,0.008176107655429457,-0.46488702796081877,0.047214569521626316,-0.6196672711611084,0.08435490495450007,-0.7248186279977057,0.12008243897885192,-0.8238008845678193
5,0.0,0.0,-0.1413100778840261,-0.04497631477180229,-0.2741710074716263,-0.1346016724451302,-0.3737576430624136,-0.2118439403609513,-0.34260346013194115,-0.2915912215952109,-0.21515348907594167,-0.4452525207805711,-0.30195324057831513,-0.5413633955286647,-0.3432454091532885,-0.4596790083147092,-0.34331887834865676,-0.3620561947746609,-0.14694621472870353,-0.5148364361028389,-0.20282020570802217,-0.7308656398217542,-0.23515447566227948,-0.8730563939048047,-0.250879555078186,-1.0,-0.05835553232105504,-0.5158539367514192,-0.061613748013827095,-0.7315675091738695,-0.047788753736314096,-0.8733065708272145,-0.033206358844732206,-0.998984312227669,0.0324455233072435,-0.4529389252487195,0.07848590102287249,-0.6064731322675466,0.11872679220230402,-0.7163904908725021,0.15650026339183612,-0.8228393401397613
5,0.0,0.0,-0.1397934119304413,-0.042560309580014645,-0.2723156563330102,-0.1292763751038316,-0.37610222865262555,-0.20872690210023637,-0.3396692737069576,-0.28537662610096215,-0.22007890732845198,-0.4428781229460012,-0.30064322588259446,-0.534810207929648,-0.33466246543090095,-0.45156686042311694,-0.3272213020891285,-0.35108000817330864,-0.15201753696330061,-0.5134635371175352,-0.2105306214810538,-0.7236612970380387,-0.24121899382367307,-0.8661335502875199,-0.2572989841718136,-1.0,-0.06287330827427418,-0.5166210311090463,-0.06883235579485895,-0.7253575025100651,-0.05729703278498738,-0.866398863842547,-0.047432021845024985,-0.9975024124957806,0.0287154076812965,-0.457460423905014,0.07241896725479088,-0.6086392397997352,0.11193717735272987,-0.7150977110044895,0.14652231908064162,-0.8182435154383781
5,0.0,0.0,-0.14518603533402039,-0.040299171858313484,-0.27825284202617784,-0.12683851171732782,-0.3786013926708163,-0.19894229944794914,-0.3606166352001593,-0.2853034318387256,-0.22698905406392417,-0.43035795977480107,-0.3164407971066878,-0.5147957964706329,-0.3500753085333544,-0.4420382077559103,-0.33829400160013123,-0.3484989009605457,-0.16341344636991947,-0.5057395320391437,-0.23166765390615265,-0.7131042825645661,-0.2692479476720108,-0.8554223731817561,-0.2889919901907436,-0.9825281961014408,-0.07746178019547155,-0.5165522795144911,-0.09258457055829561,-0.7252360268252676,-0.08620123135009343,-0.8689179462952927,-0.07926795211412152,-1.0,0.013761016313081754,-0.46823283758406714,0.054812432903674005,-0.6256763337680176,0.09427642070486844,-0.736398838027531,0.12818552854485757,-0.8411794121432512
5,0.0,0.0,-0.14791969122512288,-0.03498148812542737,-0.2824239777657156,-0.11349992227201677,-0.38274761556889647,-0.18701872186998317,-0.34839833977480034,-0.2774020822195105,-0.2324048147569637,-0.42071504550333416,-0.3237179427721695,-0.5148499404703824,-0.363617627296732,-0.43698968981896985,-0.35797743254268455,-0.34283216283771323,-0.16785200295180827,-0.4967669611178286,-0.23674329767739882,-0.708199319036084,-0.28047020421126134,-0.8428868877901026,-0.30880010625916177,-0.9669930623601035,-0.07938550000241161,-0.5090850841298751,-0.09671550111175133,-0.724834220495923,-0.09172662604529297,-0.8693697763177861,-0.08530173112647697,-1.0,0.014470204953294572,-0.45981314860662853,0.05413652001987165,-0.6242929814413773,0.09193476637268545,-0.7374868149966405,0.1251698792377983,-0.8447942842662608
5,0.0,0.0,-0.14721999415490264,-0.03459365734074696,-0.28244827363187347,-0.10764927868638048,-0.3846905224237922,-0.17174115807588175,-0.3643476406288778,-0.26232415571490497,-0.22882431776388776,-0.4168752584440653,-0.3202865087183072,-0.4955392228251322,-0.3616327017455864,-0.4235376619736478,-0.3573999085545402,-0.3340814062487491,-0.1659723402220867,-0.4931466728146033,-0.23847439540617446,-0.6997022310587317,-0.27893545826939603,-0.839853237503001,-0.3029327402721361,-0.9666511918808377,-0.07898995134392713,-0.5071543973743298,-0.09879761723679453,-0.7210782144729756,-0.0937791810728947,-0.867788629117778,-0.0879905737235618,-1.0,0.013368343949348247,-0.4591333874066307,0.05291225364664182,-0.6247147951395919,0.09151148478875928,-0.741607927096218,0.1248690182764087,-0.8513824176988612
5,0.0,0.0,-0.15117832228695283,-0.03992030736138231,-0.28255894292161304,-0.11553109303229132,-0.37754476902681405,-0.17472689651573461,-0.38211451420409764,-0.2756401664338009,-0.21786747131354528,-0.4210915632531725,-0.310935684366253,-0.4979526397829112,-0.3606672721534348,-0.42603768243684476,-0.3633558621591858,-0.3388854754304264,-0.1589779855162132,-0.49690161626364626,-0.22864434943949583,-0.7039554834976262,-0.2675776132883972,-0.8447062263269507,-0.28945591616688987,-0.9707648899168582,-0.07738471178079234,-0.5113753950050558,-0.08924245884816687,-0.725140639850108,-0.0806864733040741,-0.8708057799323671,-0.07148318165782563,-1.0,0.00861102979573936,-0.46455168065469776,0.05593067855622502,-0.6291658043662959,0.09631153473739067,-0.7468323641613311,0.13248525868474978,-0.8554473614323516
5,0.0,0.0,-0.14652760143819085,-0.03400750469446324,-0.27512473501308504,-0.10907826636328896,-0.37122719339684307,-0.16946770535209996,-0.38438386759303594,-0.27249340017384643,-0.21141738586356815,-0.41075684811428165,-0.30221956872182026,-0.48562453820915225,-0.35778614736692815,-0.4331627699249208,-0.3667084031876865,-0.3584290282756573,-0.15449126631064078,-0.4897959220219482,-0.22467093988472556,-0.6942753872596404,-0.26459438154319354,-0.8342176676567152,-0.2864577047038468,-0.9541980481490939,-0.07305240213615537,-0.5085828182824585,-0.0863616486260077,-0.7265143426909813,-0.0816573362381761,-0.8740500494427351,-0.07405128506342315,-1.0,0.011927679300201747,-0.4660546344908652,0.05694241541997314,-0.6342620962788477,0.09429361714167626,-0.7552170949733876,0.12771661952803587,-0.8653551299210385
5,0.0,0.0,-0.14758439125647094,-0.029470806384244434,-0.2788599201879038,-0.09882994092747659,-0.3807291939773872,-0.15756488123113865,-0.39250518489320113,-0.2656229375697271,-0.21382879274711644,-0.4062603856077852,-0.30788429235022574,-0.47741357456572564,-0.3653372485982255,-0.42074535891033166,-0.3753023692294896,-0.34726959094040494,-0.15974262678352188,-0.4858592999896935,-0.23490667192237938,-0.6873680270645096,-0.2778195060473846,-0.8256490835350936,-0.30255131100499233,-0.9470703319235728,-0.07978316568694636,-0.505693618467803,-0.09741975846624802,-0.7253256040603997,-0.09512014306146471,-0.8733112255876062,-0.09011082200672997,-1.0,0.003505476006646789,-0.46751598863753485,0.04436966706385872,-0.6399064097394626,0.07841439004500506,-0.7629615097396433,0.10887679030248676,-0.8764073346123038
5,0.0,0.0,-0.14807037995233388,-0.027394972707296707,-0.28025610264130435,-0.09127831405650207,-0.38369446475728,-0.1484858941511549,-0.4077526295934076,-0.2587124781202452,-0.21666812680692357,-0.3949504476074857,-0.3179811802820276,-0.4688533309971089,-0.37596507821285985,-0.41215119782158993,-0.3852345849417225,-0.33876761778415077,-0.16887273000337918,-0.47862506637678415,-0.25002512037217484,-0.6716923800345785,-0.3013071533165149,-0.8015032888914317,-0.33458476292983996,-0.9173736427400336,-0.09558364189970803,-0.5065897619732991,-0.11997042768998063,-0.7237223027782596,-0.1246029461458555,-0.8731934340174538,-0.12477047489124934,-1.0,-0.019221286341848037,-0.47859467162041597,0.00827041320777319,-0.6568798531039304,0.03477607110227478,-0.7869423232679011,0.059466446870859835,-0.9034065370181313
5,0.0,0.0,-0.14579968075681005,-0.025113316911506905,-0.2768173743284131,-0.08668002404688963,-0.3837119276358068,-0.13714424258156158,-0.4135969478115798,-0.24558129389931851,-0.22002885987278942,-0.39436223015973876,-0.3198805947549299,-0.46155832497370436,-0.3797582512467339,-0.4082357893067051,-0.38950084677859104,-0.3345383817380638,-0.17618582801787114,-0.4778271093529602,-0.2577051443940013,-0.6793231900163947,-0.3071133908187389,-0.8130705841104859,-0.33820219756845205,-0.9273724446799861,-0.10633412017496185,-0.5072047834202644,-0.13424978301016946,-0.7223519804884907,-0.14060778783937616,-0.8739208417492941,-0.1431963435748928,-1.0,-0.03242616712588294,-0.4812873197722576,-0.009173329583893271,-0.6614768467569597,0.01555350658270084,-0.7907720511690411,0.039468625028053206,-0.9035838698367461
5,0.0,0.0,-0.1464094147122809,-0.02335802672912484,-0.2734656485138283,-0.0870155240257413,-0.37905212462251286,-0.13625791891813482,-0.4212562620201686,-0.24064636499651232,-0.21624059131525983,-0.39460840536499775,-0.3168527696144194,-0.4636467216034808,-0.3788344484133513,-0.4054783407666996,-0.3894108452846522,-0.3285690834552206,-0.17700373383173015,-0.47594299478135704,-0.260127034249946,-0.677095273164722,-0.30813779264431007,-0.8111013785499197,-0.33906637448560933,-0.9312586460071282,-0.11244904295447161,-0.5065819122963092,-0.14257034878828412,-0.7196407009101857,-0.14874024398836153,-0.87077916730561,-0.15284978341397384,-1.0,-0.042137284853285696,-0.48479978563938875,-0.024788599100427838,-0.6686818534264272,-0.0015932889415620466,-0.7982007295396527,0.02115027100507845,-0.910617607590701
5,0.0,0.0,-0.14128697150484915,-0.02474646312861859,-0.2658775966422017,-0.08916295731886578,-0.37138849714147976,-0.1416689988188184,-0.4254344521120669,-0.24084362934354303,-0.20895964045077256,-0.3881215975412894,-0.30568784746701,-0.4562176085528332,-0.3657945513086068,-0.40293785443104957,-0.37505567319280264,-0.3297269519688737,-0.17177707937167416,-0.46951523532887013,-0.25334420334584207,-0.6687935417352544,-0.3004140462464989,-0.8007112754798335,-0.3294077016152056,-0.9185592794921934,-0.11160276957283007,-0.5022021791027572,-0.1396699729348135,-0.7202940787599565,-0.14457122598350908,-0.8718222796773497,-0.14676287519014736,-1.0,-0.04558412150686346,-0.48242690005268524,-0.027511153306210765,-0.6661527958126158,-0.004167066661128225,-0.7960762432442668,0.019437428115573814,-0.9078950657175064
5,0.0,0.0,-0.14442246773100503,-0.02220790273382037,-0.2698265017672907,-0.0930302695995908,-0.37372557349192864,-0.14792194692826677,-0.43303888039589605,-0.24326717395384556,-0.21620889276048375,-0.39239307425486525,-0.3110302724650804,-0.46072846477095425,-0.37032083454519665,-0.40524569066179916,-0.3829241533552734,-0.3298828659480974,-0.17959330822209263,-0.47246210748165013,-0.25881782793021385,-0.6733988360381168,-0.3080618043128484,-0.8054096145773187,-0.3426663524179718,-0.925356234087578,-0.11929839203050027,-0.5045657099751992,-0.15328793442613556,-0.7204109541937157,-0.1618734786041054,-0.8708312498835895,-0.1683869156013015,-1.0,-0.052879924523003434,-0.48577902275342033,-0.04160171556863492,-0.6652056848448552,-0.020604482198862115,-0.7911595347017957,0.001126316513386851,-0.9010528525232785
5,0.0,0.0,-0.14584743276846124,-0.022846095780356783,-0.26511614855400145,-0.09633425434634424,-0.36505143421647285,-0.13973503897064987,-0.4247265762594764,-0.21892966703575742,-0.21940025338460517,-0.4014495453874433,-0.3327057686740428,-0.46161697303871374,-0.3832939754664164,-0.37011442045635373,-0.38143228358300263,-0.271562832950735,-0.18627742320161506,-0.48130212288473617,-0.26853452265027955,-0.6845224847028936,-0.3183767629341094,-0.814998214386243,-0.34810492262950404,-0.925714459009576,-0.13116757876177576,-0.5104481498374821,-0.16485214961229785,-0.7246883367613516,-0.17622796457635115,-0.8721394232319417,-0.18487577304701,-1.0,-0.07122481251927007,-0.4857741746743325,-0.06819510788889212,-0.6570607211509217,-0.05364074357523273,-0.7754658238407062,-0.03742799810998579,-0.8762873804601742
5,0.0,0.0,-0.144369935048951,-0.023981348750899092,-0.2649348945589998,-0.09883145332747865,-0.36528453569795555,-0.1448051983169355,-0.42728992528649307,-0.2226883638863724,-0.22211109488686906,-0.3953137759690365,-0.33273652546168,-0.45851888719842754,-0.3835775430670761,-0.36558991780240724,-0.3844589729915217,-0.26832453996859473,-0.18959841162925758,-0.47393505732478297,-0.2694775078796608,-0.6804796025514278,-0.3233336176937048,-0.8152281259273332,-0.3574922764757387,-0.9323642750563792,-0.1364273835199732,-0.5026087011133493,-0.17206279723727325,-0.721283396860836,-0.18454708981583393,-0.8690643479607959,-0.19364295816430901,-1.0,-0.07755658727778676,-0.47924143120145046,-0.07373726113510728,-0.6503467364762656,-0.06053543836768075,-0.7696325104502436,-0.045302445167731624,-0.8738208421498133
5,0.0,0.0,-0.14819800922790038,-0.025340445699346847,-0.270167231478419,-0.10389295663718093,-0.3700402853259194,-0.14195020850658982,-0.4291895664633908,-0.21201539697618774,-0.23301575660998824,-0.41097460759936866,-0.3435968100023987,-0.4772706859002064,-0.3892931980603022,-0.36934197581612394,-0.38734937912975664,-0.25980213448472506,-0.19615434876870333,-0.4822261297027579,-0.2808341954329677,-0.6957140527347844,-0.3380369278044832,-0.8318511207647484,-0.37550030838334214,-0.9520107263158599,-0.13678518379189283,-0.5012367035000717,-0.1775794919265558,-0.7243782051349789,-0.19304832442702516,-0.8694345260424537,-0.20466791288056108,-1.0,-0.07087339586945962,-0.46648977333207936,-0.0703277810242272,-0.6375652122455837,-0.05583165052189169,-0.7527315085352266,-0.038897688938953484,-0.8550049683004467
5,0.0,0.0,-0.15223273131316387,-0.03924071827676908,-0.2784007297242482,-0.11581447517616962,-0.3730322893872271,-0.1507485523387641,-0.4317314452232171,-0.21685161397895528,-0.23864245788725355,-0.4312037332513188,-0.34322050373812035,-0.49320507346107945,-0.381886220885204,-0.37502456409029494,-0.3786861460632477,-0.2622793303995373,-0.19714079243317428,-0.49492026872852063,-0.2771335554405826,-0.7007557858284552,-0.3314815833250723,-0.8353183103268662,-0.3704835789275309,-0.9591824510285742,-0.13500003678045605,-0.501236874193676,-0.1610174805247485,-0.7184454337414096,-0.17129674226743455,-0.8656821531068801,-0.18064685963211838,-1.0,-0.06798201750959883,-0.45063642449130004,-0.0498154496831101,-0.6115292017555136,-0.027122959166337685,-0.7256510753729626,-0.004859223680168364,-0.8287452925394874
5,0.0,0.0,-0.15711267476776536,-0.0365196079737607,-0.2861422394611727,-0.12249958385983724,-0.3796589267261112,-0.15739708902628177,-0.4430536391790323,-0.2137157310574508,-0.2530469720540341,-0.4302251527016779,-0.3566643625736417,-0.49998996289468695,-0.4024207721536235,-0.3881655955387643,-0.40797493317330813,-0.2773275292217442,-0.21040099923380468,-0.49325710818027635,-0.28462459360826475,-0.7025268457037548,-0.3430876232187913,-0.8448743167884532,-0.3857087253355902,-0.9750960764155916,-0.14756481172078087,-0.4993816965479286,-0.17074821557144082,-0.7151961596791537,-0.1846107903678608,-0.8642176840294377,-0.19715344140364566,-1.0,-0.07813238071433279,-0.4515601303438037,-0.05739358936301332,-0.6058364790331976,-0.037721218245219096,-0.7169729937913842,-0.017268262335469194,-0.8187270356803994
5,0.0,0.0,-0.15416783685309485,-0.04976101651993546,-0.2773555078573705,-0.14642416687592874,-0.36435013110512143,-0.17995104771723835,-0.4213656840993918,-0.22877998530829832,-0.23045195829482115,-0.45873873988662506,-0.33628176071780164,-0.5300517147190783,-0.37903245358319493,-0.40834807900957193,-0.38401811138900643,-0.29072368221966094,-0.1792700832748019,-0.509648618454455,-0.2517027207962612,-0.722078732443443,-0.3027610736798926,-0.8657586904813098,-0.3419627171967766,-1.0,-0.10905270378099843,-0.5004658624986263,-0.12968461683981886,-0.7179113645497486,-0.13830975352378747,-0.8625196852344506,-0.14906431981686163,-0.999511751326226,-0.034861026093785864,-0.4355618814934286,-0.006302637374577693,-0.5850730399841864,0.02030859652131226,-0.694208740730752,0.04535262119105424,-0.797757276878408
5,0.0,0.0,-0.14405501319155847,-0.05326070654927821,-0.26418844627135474,-0.14941079480359976,-0.3500777827177716,-0.17696105184597513,-0.40622261742173144,-0.20993914933305646,-0.2221756620405251,-0.4546878619026194,-0.3306419536817893,-0.5222245591055475,-0.37327061020164937,-0.3982767999843813,-0.3769690386624035,-0.28187427508548113,-0.17023739480697195,-0.5082442581445561,-0.2518589315236982,-0.7263331549610997,-0.2992936992005197,-0.8673514030617905,-0.3336116295146589,-1.0,-0.09748495150671292,-0.4970396421196301,-0.11305019181670789,-0.7109638578808136,-0.11626657153480877,-0.8559465841717272,-0.1238788950150729,-0.9947581636356698,-0.02112104730236401,-0.4281498007289301,0.010628677818037249,-0.5758917058686239,0.04291973160747105,-0.6816412375305828,0.06995173300605134,-0.7835672139410769
5,0.0,0.0,-0.14045889167201264,-0.05176580590668153,-0.25951298313322835,-0.14460771301505818,-0.34690811956972,-0.17933060971125334,-0.3878380904981409,-0.22794191934212613,-0.21873802038046783,-0.45745096601343654,-0.317126840899644,-0.5342036281856355,-0.3642615778056702,-0.4240693428097247,-0.37363025063561345,-0.3147928403623534,-0.1651375071666867,-0.5104928816090879,-0.23581093690101904,-0.7257500540220361,-0.28511490047605087,-0.866494991708927,-0.3240771731196292,-0.998560536907127,-0.0898720712021976,-0.49936922503547165,-0.10178816934279197,-0.715377467990279,-0.10150017018938874,-0.8611085907732671,-0.10492863853283074,-1.0,-0.01097663851010332,-0.4297401917378334,0.030625034512845525,-0.5770190880228041,0.0683857718474968,-0.6834583904256439,0.10197211948023077,-0.7901817857048371
5,0.0,0.0,-0.136061257981577,-0.04501889885448877,-0.2703851602829129,-0.1304565579658355,-0.36143457594734013,-0.18072135905290412,-0.33640051458441517,-0.22359362306148778,-0.21824711993761298,-0.44166903392385093,-0.3070031609668542,-0.5083475217983676,-0.3383911818614422,-0.40259119669826426,-0.3318152128088818,-0.301867630215731,-0.1505125036413542,-0.501311611260786,-0.2159987985792838,-0.7170603551066713,-0.2566127897025217,-0.8615109313000856,-0.28468514273203793,-1.0,-0.060938808965059287,-0.49209468787487853,-0.06383470332688596,-0.7138174238572481,-0.05520672940350547,-0.8545379867879909,-0.050592839604906285,-0.991292232923632,0.031094360379171272,-0.4199629441321273,0.08605320629153632,-0.5753187655040267,0.13004094601025187,-0.677186033846048,0.16689923083743005,-0.7837462613922367
5,0.0,0.0,-0.12724440947899218,-0.045966667344041666,-0.25106668418164874,-0.12328376157948366,-0.33651717726226316,-0.17374632403103926,-0.28962625592582164,-0.22979614157524522,-0.2117916955760639,-0.4525262942458929,-0.28802922340891873,-0.5054442805842069,-0.3057424586389988,-0.38718422229124994,-0.29210671849553077,-0.2793905149114429,-0.13984358443624498,-0.51458757297506,-0.20151658213994375,-0.7187959949719421,-0.2389298176603274,-0.858745540211399,-0.2679668879747552,-0.996824804698273,-0.04449627975974477,-0.5038274711365676,-0.0407143499957906,-0.7240024080681168,-0.030329465522096456,-0.8649219301123184,-0.024735497159379564,-1.0,0.051113386768543864,-0.42723468430938233,0.11277059921559976,-0.5819476176237491,0.1592144530535581,-0.6830913774033507,0.19594982973695593,-0.7872815102752949
5,0.0,0.0,-0.12373129343102741,-0.026706214488158245,-0.25166475806991534,-0.10239435598830607,-0.3358300938830412,-0.15152917976694402,-0.292815936085094,-0.21150307481115221,-0.22042715557236783,-0.4338330481658013,-0.29917286353511713,-0.48343523069798205,-0.307342788833335,-0.36659701779375314,-0.2837254947888761,-0.26139279179351965,-0.14274102773554725,-0.5091823822349081,-0.20685125062731016,-0.7098253601696362,-0.23830003140931166,-0.8554858124157707,-0.26015320292905203,-1.0,-0.04405695432222929,-0.5059211993303527,-0.04080849744529606,-0.7218228688191851,-0.025453530725702646,-0.861305480177921,-0.015901448166612844,-0.9942485732555336,0.05673318444495799,-0.43483637556093657,0.12253338691790182,-0.5897327884626202,0.171370347876109,-0.6931920731971599,0.2077153294593338,-0.7975822022999436
5,0.0,0.0,-0.11980314637309483,-0.02323265226034989,-0.24995861679223094,-0.10415156707781642,-0.3361652124212456,-0.16942772121919614,-0.27091551413744075,-0.209944499652675,-0.2259387190477949,-0.4339326503680212,-0.2936835353991316,-0.49367787678515035,-0.286761103054935,-0.3907469535804421,-0.25481657363942023,-0.30065116316668533,-0.14469792462983386,-0.5107865491806125,-0.20710380194557113,-0.710366966628324,-0.23431144680654833,-0.8549515352572988,-0.25245593951456075,-1.0,-0.04270159133820525,-0.5103369833230725,-0.04299995462085541,-0.7231289783684783,-0.025353162733470647,-0.8617944163075376,-0.013376742986304133,-0.9943862139995947,0.062069667459056344,-0.44475915891684575,0.12256098580404404,-0.6012012796551331,0.1740168939022739,-0.702457032655898,0.2136859825659573,-0.8052132369678722
5,0.0,0.0,-0.11330080991238745,-0.012909273695769809,-0.23933428827581,-0.06772801946957965,-0.3308148861865571,-0.12050027616392459,-0.268063606189049,-0.18352445812650137,-0.24286657694287134,-0.40780723822384374,-0.3071613610512294,-0.46851221291425393,-0.3006515924932296,-0.3731573259613661,-0.2670330107546346,-0.28083155893455763,-0.1688812921476181,-0.4987826458975713,-0.2385611579276321,-0.6974308347427908,-0.2719079403353607,-0.8365391657046949,-0.295489794247539,-0.9741844848525167,-0.06858403115529693,-0.5152150196420501,-0.07714708837034248,-0.7271295518922167,-0.06727704208083982,-0.8687803735522528,-0.06242214368812212,-1.0,0.038443341463116565,-0.46435105520714864,0.09242500410501525,-0.6265184076969748,0.13867407685856575,-0.7345159146410434,0.17390617997985672,-0.8400130147590344
5,0.0,0.0,-0.11415831335576697,-0.009643416469991567,-0.2386909936320435,-0.06338389781359662,-0.3258626597023784,-0.1197232538872494,-0.258615940716252,-0.19823694101119688,-0.24481548061662814,-0.39735889739366587,-0.3013820508407014,-0.46687540988403226,-0.2917431497552571,-0.38308829545497647,-0.25589027398811587,-0.2972531832106443,-0.17288775277800003,-0.49252062672815056,-0.24342618709911287,-0.6949919147524296,-0.2757380983042564,-0.8348444820284986,-0.2980354284296197,-0.9713961225851047,-0.0737458022727556,-0.5148808110064124,-0.08288927536566938,-0.7301194391458915,-0.07193910660768732,-0.8723078148482821,-0.06691185806809814,-1.0,0.034432155173176736,-0.4705708005975479,0.09115658324102383,-0.633636508292865,0.13680368932203668,-0.7442106900103619,0.1709748552683791,-0.8497150882658341
5,0.0,0.0,-0.11472474326480786,-0.007689909461190008,-0.23764281766257087,-0.060179148554034195,-0.3259870462145756,-0.11574933544932983,-0.26197755434955067,-0.1985062647133858,-0.2428487857910309,-0.3992621502021665,-0.30014509229307673,-0.46515803908653347,-0.2930251178370653,-0.3683633901290269,-0.26031920304476885,-0.27130896268064153,-0.1715111739710916,-0.492809478383077,-0.23939331951553194,-0.692931963314042,-0.27251606314930055,-0.8305410581787287,-0.2977402139793099,-0.966973799304353,-0.07252409494805237,-0.5140998406369216,-0.07873296223315558,-0.7268026682065728,-0.06996413837713562,-0.8697104195915651,-0.06683854955037166,-1.0,0.033965903221486356,-0.4694858877889588,0.09145188925655484,-0.6323537347595274,0.13599448817810658,-0.7440073906891015,0.16909751087743996,-0.8514724994258519
5,0.0,0.0,-0.11654871833119371,-0.009193076109163084,-0.24178271516909572,-0.061436104515325704,-0.33266878848484305,-0.1295857164997723,-0.2634432803301954,-0.2241815334112309,-0.242568038266781,-0.39422708179825944,-0.29218744572692723,-0.4865286409308494,-0.28463801171848757,-0.41661549018954425,-0.25169799231286116,-0.329667140434777,-0.17216595601450116,-0.4859892822968532,-0.2410501113363875,-0.6961637125364826,-0.2730187915087072,-0.8307819148589161,-0.29817734161255005,-0.9628263944025188,-0.07469455886053039,-0.5120290728232895,-0.08728758676418497,-0.7268477353020364,-0.07888388908078231,-0.872546151837478,-0.07682572192333278,-1.0,0.03176714799884547,-0.47592871861682984,0.08359141970159485,-0.6423944702251642,0.1265602654370912,-0.7565964759904301,0.1590959862654854,-0.8627072206526927
5,0.0,0.0,-0.12043072146026594,-0.00784035985263597,-0.24704162178432015,-0.06330354350188122,-0.33415952384109515,-0.13525257743618516,-0.2575684657825137,-0.2324979648569602,-0.23958640728115377,-0.3910722891994376,-0.28802337496005764,-0.48060592966105387,-0.28090303931160554,-0.42421576251542553,-0.24867770952223345,-0.3522398620063386,-0.16465865020074966,-0.48347787983898427,-0.23187466032199502,-0.6950509429257752,-0.26115524018241193,-0.8341352139242351,-0.2849796520362567,-0.9721323419740571,-0.0643617398828496,-0.5085175275367225,-0.07445178537489401,-0.725582205175525,-0.06262737248105278,-0.871178153904047,-0.059394196871846695,-1.0,0.043444118087782806,-0.4707665233118236,0.09879220879731258,-0.635014894915726,0.1442501066646352,-0.7483063007924513,0.17751768622284644,-0.8554003678640753
5,0.0,0.0,-0.11931888153546256,-0.007704340763397898,-0.2450552780155238,-0.0687652792367494,-0.3224712194117666,-0.14844160135050768,-0.2438650540550771,-0.25709556921189153,-0.22955992886403578,-0.39895659716185794,-0.2747079378123824,-0.4823493503439386,-0.2628392690664921,-0.4076887885493227,-0.23041581447784384,-0.3286641864196628,-0.15413819923516678,-0.49047135712079876,-0.22183469195397298,-0.7029654715155547,-0.2514875230307223,-0.839259817377955,-0.2744808206773195,-0.9760179035444146,-0.0548261791721255,-0.511331877568449,-0.061074640864607184,-0.728970126560424,-0.048450456520856666,-0.8727273941802861,-0.04429263717421066,-1.0,0.051663667270314094,-0.47126874037514066,0.10619473119077034,-0.6459052030891356,0.15524672268775144,-0.7588330324231121,0.1916248586726802,-0.8627011832186129
5,0.0,0.0,-0.12302434385187479,-0.00019061504611881774,-0.25082017984750454,-0.06016724856354914,-0.3269511836905553,-0.14653302320729691,-0.24480595235405334,-0.25825382686887266,-0.23117221967483656,-0.39668596544906914,-0.2774728182434569,-0.49193666076077147,-0.2599506745343225,-0.41826377554721555,-0.22222894226147932,-0.33651761260940616,-0.15368788298206876,-0.4864803475377786,-0.22265519284143664,-0.6992860769979455,-0.25275843926031166,-0.835035419231631,-0.2767368606857147,-0.9741392125220154,-0.05285575146923937,-0.508111332778024,-0.061365303202791474,-0.7270851238887373,-0.05006431134198599,-0.8720298582670102,-0.04537674418288579,-1.0,0.055671315782365186,-0.4724330209817558,0.10484218280390656,-0.6499708046384354,0.15129432203307766,-0.7615623230503707,0.186013782385233,-0.8638709566717729
5,0.0,0.0,-0.1233857706675869,-0.011536806722937165,-0.24911482193867968,-0.07334942291979209,-0.32138863526948935,-0.1624780614720393,-0.24622061535021011,-0.2742657658586706,-0.2276113229477197,-0.4050272037131657,-0.2780664006864679,-0.5169087246116753,-0.27092322459324414,-0.4538768217901642,-0.2363118203351472,-0.3716290175291314,-0.15448889662310172,-0.4935285673533874,-0.2239664202493428,-0.7061419595538484,-0.25798884707010583,-0.8424047025362564,-0.2821812060186409,-0.9738936693987309,-0.057377817832034085,-0.5151168620377758,-0.06623937783251137,-0.7338121720445574,-0.058457199763277325,-0.8771685586261556,-0.05406127292523123,-1.0,0.05052773633098957,-0.48065823764124294,0.09860213807338526,-0.663388282555488,0.14386811301002528,-0.7791963197028903,0.1797470242677648,-0.8828218645449483
5,0.0,0.0,-0.12557211787372458,-0.010772409664606566,-0.25016506065054234,-0.07266534222519931,-0.3165739026016674,-0.1618947334844873,-0.24786268041847206,-0.27409130305003565,-0.23235940440603242,-0.4056399331671785,-0.2776450987279254,-0.5052266561627884,-0.26749695439867005,-0.44589350819686185,-0.23290602807965918,-0.3715239232545967,-0.15781780444463897,-0.4912645918622225,-0.2274811672607861,-0.700824052496643,-0.260600198892881,-0.8367418393730015,-0.2850053963839674,-0.9710401959207384,-0.05931097640859757,-0.5107899861872847,-0.06789853982162117,-0.7305880082453466,-0.055802100800389096,-0.8754685441442506,-0.05012667665705501,-1.0,0.05025822240239703,-0.4756189728032881,0.09690767355538601,-0.65989840728681,0.1389029109565119,-0.7759030448512884,0.16991539737591788,-0.8819283798530109
5,0.0,0.0,-0.13597922643240545,-0.03740885232464062,-0.2645815574938634,-0.10878431812825733,-0.361800334586352,-0.19528435196837818,-0.3165330448989385,-0.3035079865613309,-0.2060785557622029,-0.41988261451869185,-0.27479617078745083,-0.5157023598652988,-0.30791933284850076,-0.4575646975843508,-0.3060826801576506,-0.37538231179810505,-0.13505061001314536,-0.49835070194617087,-0.19530426284295332,-0.7118258129764858,-0.22978420878576544,-0.8453192754750647,-0.2527170187029203,-0.9671993020820165,-0.0430817783958143,-0.5107263980633914,-0.03975398524938831,-0.7302770029314998,-0.022848314188915884,-0.8772047842652557,-0.009682206546544975,-1.0,0.05381474370144999,-0.4633808480978464,0.10566751332501817,-0.6462262576415302,0.15381836614207647,-0.7689630374691706,0.19506315721049317,-0.8794936564204581
5,0.0,0.0,-0.13786524195395175,-0.03218814275419714,-0.26422308547225826,-0.09860762764743823,-0.35757779229755937,-0.17999180636120501,-0.3337444719199797,-0.293609592019816,-0.21401616457868938,-0.4016762084041523,-0.2883416285172245,-0.4901016221303881,-0.32195134659302194,-0.43844900720409935,-0.3140992354704724,-0.35860691333020994,-0.14495496650062292,-0.4854920070003088,-0.2105277753850485,-0.6934746280823314,-0.24456625187245656,-0.8275553753421895,-0.26661831719466617,-0.9559154500513678,-0.05261122864664197,-0.5088059767342676,-0.0611974898052225,-0.7300158620443339,-0.04952537822046771,-0.8761918067813916,-0.038628426884379355,-1.0,0.04211950527229143,-0.4735799688641726,0.09055340676794564,-0.6521462501496915,0.13638299168660803,-0.7731059563552174,0.1752942881933867,-0.8818339044369604
5,0.0,0.0,-0.1432561956943505,-0.03467288439459992,-0.26828885704987554,-0.09769952106187907,-0.363180873907868,-0.179480659269002,-0.3441867368940381,-0.29944345698549724,-0.21374360447974833,-0.39872144273695526,-0.28890978351156654,-0.4734790657622589,-0.3319369725852955,-0.42913785821645595,-0.3328550565440735,-0.3625104651413592,-0.150540180458825,-0.4828877838166436,-0.2213348275106538,-0.6862035278888966,-0.2617182459980033,-0.8182483796617777,-0.28906106853302244,-0.94088840356654,-0.06332410624375327,-0.5081370810004643,-0.07375914188369476,-0.7308267739389852,-0.06297433527414727,-0.8779575519299884,-0.054314434851677355,-1.0,0.028015392516120174,-0.47618689474915193,0.07020627799124095,-0.6654289822939901,0.11063101890159381,-0.7930208675210466,0.14348217229211374,-0.9088037465432993
5,0.0,0.0,-0.14495679738926276,-0.023997899546368794,-0.27073581136851016,-0.08232338617061155,-0.36222574369565796,-0.1665649322675251,-0.34994320666508105,-0.2911607716435291,-0.21550897083192316,-0.38540921879732554,-0.2921900979915388,-0.4676664346078788,-0.33483416324522686,-0.4224561214846183,-0.33611628985479597,-0.3588860918011845,-0.15439635048349676,-0.4739903437237999,-0.2286825095390905,-0.6741603659923375,-0.27204239412688186,-0.8027667102382154,-0.30326682547264,-0.9301410976691425,-0.06840159337880125,-0.5054562144960353,-0.08431751626127926,-0.7283401884988022,-0.07743146261862478,-0.8751783315052651,-0.0719520711517827,-1.0,0.021985210534269287,-0.4810050089574981,0.05981106757810628,-0.6693622777346928,0.09918928300338851,-0.7958157870944816,0.13205106218387772,-0.9090317988473089
5,0.0,0.0,-0.15041979053265803,-0.01932589173230533,-0.27759255198192134,-0.07569674905970972,-0.3718399201382076,-0.16076846068964856,-0.35694475507373474,-0.28255534216200456,-0.22175689410102456,-0.3798893407199103,-0.2942164879147845,-0.46627283107135925,-0.34143198517922624,-0.42695553267001063,-0.3455707215240292,-0.3628696673056859,-0.16639615604147534,-0.46839394215899927,-0.2375708879027634,-0.6684778719550133,-0.28147588390335837,-0.7960232433704935,-0.3134308797624007,-0.9227994398001887,-0.08368815485766017,-0.5042199875303058,-0.10046522891340096,-0.7282627163767416,-0.09697824423831967,-0.8764226742855351,-0.0923673755692864,-1.0,0.005273421890084198,-0.48558861812661464,0.040691011824432105,-0.6774555290767527,0.07707028826422337,-0.8080306485308039,0.10911256762674891,-0.9249133208171809
5,0.0,0.0,-0.15414413296948648,-0.014188786901513272,-0.28399546372754014,-0.07136105893610235,-0.3786814686182089,-0.1550974589786299,-0.3705324804196052,-0.2807600028351703,-0.222090229294397,-0.37386300811567497,-0.2990287769784173,-0.45571800687528796,-0.34918736931636957,-0.41417966119715066,-0.3543900839919198,-0.3486008434631605,-0.1680591487401212,-0.4645436261827976,-0.24361750008859906,-0.6646752844030195,-0.28915689123577987,-0.793965561540915,-0.3186871389587837,-0.9163782914555055,-0.08821738668178758,-0.5021129106566963,-0.10805702236240564,-0.72629514122692,-0.10731066378424355,-0.8753767232519403,-0.10363256193075096,-1.0,-0.0013949037814083708,-0.4868410887053904,0.02963089626820711,-0.682873002090938,0.06200074423220045,-0.8167588244675196,0.09048764928943545,-0.9373808342488571
5,0.0,0.0,-0.14663342033071333,-0.018180872180317338,-0.2698673468404242,-0.0740127706158517,-0.36852144243438334,-0.14855421571672223,-0.3765449783490746,-0.27487723757158117,-0.19925663709558222,-0.370205594712348,-0.2824782525812351,-0.4483792018707453,-0.33638857060017724,-0.41763417688213156,-0.3415347077503409,-0.35677380865830294,-0.15192592207184574,-0.45881356670664364,-0.22401667614300344,-0.6539159091812075,-0.26903085314114505,-0.782019990978254,-0.29818985467470227,-0.898762979335858,-0.08125118872165751,-0.4981377111988494,-0.10434120604161282,-0.7216352640622637,-0.10842144611094323,-0.8744535042304208,-0.10801794039114497,-1.0,-0.007838966502003594,-0.48682642358863387,0.019776839356095238,-0.6771990440246459,0.0459548180881339,-0.8108136480009218,0.07057006260575288,-0.9300581799249101
5,0.0,0.0,-0.1471759667051465,-0.01957533820377748,-0.2684198470779832,-0.07217709026967069,-0.36515434519853657,-0.14491033955096932,-0.3753140607098279,-0.2659636807496162,-0.18812087252872797,-0.3675077732210391,-0.2735701365885368,-0.44226773750145737,-0.32913584101355725,-0.40779890561558635,-0.3378018127709446,-0.3451248046788918,-0.14614163600113508,-0.45434100823795337,-0.21702099296181812,-0.6455778128682116,-0.2623698374924037,-0.7706879710422141,-0.29250299128700136,-0.8835205108603639,-0.08228860649122849,-0.49478642178243143,-0.10246491601925106,-0.7182993379979535,-0.10505256653618844,-0.8747728174243472,-0.1027647069168369,-1.0,-0.018008817864654223,-0.487360387609135,0.00982258101985789,-0.6792223934768558,0.036250381849102786,-0.8166569363445876,0.061267463286579296,-0.9367993109672708
5,0.0,0.0,-0.140770762454474,-0.0203890001102421,-0.2601347982780645,-0.07370561389943545,-0.3582498324498515,-0.1407921754483226,-0.3763032494261688,-0.25965100388859097,-0.18080661964425446,-0.3683140266033817,-0.2685036229958667,-0.4430151706273959,-0.32426706303336905,-0.40799726575218387,-0.33295290451375903,-0.34726339980109416,-0.1398052627480975,-0.4545113369833783,-0.2126282434864567,-0.6477930275723197,-0.25650990918932104,-0.7733109489207394,-0.2853056855023978,-0.8851711231154443,-0.07690607307758646,-0.4945619482481886,-0.09607453253845863,-0.7196540774366105,-0.09833995765188765,-0.8749585177647115,-0.09700138440227912,-1.0,-0.012999950428048794,-0.4865219783708742,0.014030907741637257,-0.6817868516644882,0.039563204520683404,-0.8196411817657215,0.06301670000260699,-0.9403285144957482
5,0.0,0.0,-0.14430807918358168,-0.022921699383081133,-0.2600744155202264,-0.07764126292525851,-0.3580746138442418,-0.1471567646051872,-0.37880456531872214,-0.26729149375525313,-0.1700983136503796,-0.37447129777695004,-0.261183752723611,-0.4489680290122661,-0.31555577457308337,-0.40881242146977426,-0.3205382123687732,-0.34186736473037815,-0.13294492435078012,-0.4586535421851492,-0.2086268530198974,-0.6469569302894538,-0.2538516327512175,-0.7735680000662806,-0.28328799123922216,-0.8867206537201416,-0.07497562590947053,-0.4976939870799412,-0.09540472554864682,-0.717883527188298,-0.09728647351679656,-0.8722665612850982,-0.09663367854197155,-1.0,-0.016797647107356206,-0.49018658596081727,0.006072097942720607,-0.6810381960143778,0.027760529188539773,-0.8169409789283755,0.04763539174041751,-0.9390907939942517
5,0.0,0.0,-0.14131290228561483,-0.01840781041299867,-0.2567973993713703,-0.07021209787164744,-0.3581677827627975,-0.1362369131583785,-0.3790539591299832,-0.2535142874516593,-0.16600569918454272,-0.3679021423314376,-0.25604254049153896,-0.4446497979005138,-0.3145720614147593,-0.4030758577258758,-0.3259473653677735,-0.33383756275638116,-0.13094058212200615,-0.45208507049892677,-0.20636129363241587,-0.6439517631196919,-0.2520327021641385,-0.7722219009024058,-0.2817739672936422,-0.8845809851747114,-0.07517346028009458,-0.49265349321430796,-0.09763453087966921,-0.7148084178647139,-0.10069415564491159,-0.8707625245416504,-0.10173086345371701,-1.0,-0.019075039263145903,-0.4883356829480874,0.0009009380519468719,-0.6823542475839274,0.02103050818078311,-0.8205337865748348,0.039220510354497105,-0.9437579461128612
5,0.0,0.0,-0.14005003579282002,-0.024523988260024016,-0.2497611081477772,-0.07681746213643902,-0.34666005823080515,-0.1432994133633541,-0.3843695315926175,-0.25887400668672994,-0.16081832164699053,-0.36870588304275703,-0.2528085421276577,-0.4387209848362955,-0.3077420274964048,-0.39954936054932794,-0.31447859665242717,-0.33430657727343044,-0.12540438298645082,-0.4513195228750697,-0.20016714238092356,-0.6454555621490454,-0.24649879653001933,-0.7723425318552649,-0.2766285733107833,-0.88395348640692,-0.07332983941604329,-0.4903108034302473,-0.09838395115827842,-0.7145159156900167,-0.10242989358383306,-0.8708520294985953,-0.10293087234629997,-1.0,-0.02138601594957722,-0.4848889370610292,-0.010213241049768661,-0.6762090618004297,0.004956844258033207,-0.8115194591015942,0.019056507817596824,-0.9312499342519266
5,0.0,0.0,-0.14113091233462657,-0.0257597988113534,-0.24842051866261136,-0.07984627123926617,-0.3435229077777897,-0.14583373993788085,-0.3821185422420927,-0.26124302771717517,-0.1620402592238331,-0.3709088095263684,-0.2601613378185218,-0.43405135039281223,-0.31259625780519523,-0.3899584511053554,-0.31235500338538585,-0.3238855202209636,-0.12765092910034714,-0.4554205079153546,-0.19981832837168312,-0.65243715541608,-0.24698451320300494,-0.7780484271389728,-0.2768914634539534,-0.8854343718765785,-0.07820116715208443,-0.4960131546422776,-0.10195690350038153,-0.7216896837082335,-0.11019256934667426,-0.8753722742270036,-0.11358337184433673,-1.0,-0.030126538201124164,-0.49198396509291004,-0.01822665964512558,-0.6863831826926177,-0.006058529560329726,-0.8211250228379207,0.006236332176212022,-0.9383548529237912
5,0.0,0.0,-0.13749040514963926,-0.028005247885093208,-0.24132923403083303,-0.08006745555603229,-0.34052443386502623,-0.13857143239852526,-0.385403095976654,-0.2449702487880754,-0.16352844028247204,-0.3788533176314643,-0.2635572668253097,-0.4441865359251056,-0.31576609482329465,-0.39638669342289196,-0.31480540850408956,-0.3234481835131991,-0.13251024673249925,-0.4602698672988237,-0.20475137457619688,-0.6626758269218478,-0.250707832166161,-0.7885072371036516,-0.27855872048420766,-0.8913759394937713,-0.08391343260340252,-0.5014141334936405,-0.11034982597978672,-0.7291862601615264,-0.12200920365729268,-0.8810092700361588,-0.12708529463180374,-1.0,-0.03512169168220078,-0.49915767727717886,-0.029996783963070046,-0.6939728032050319,-0.02187245298741255,-0.8271944646914396,-0.012476675440214987,-0.9394484413744704
5,0.0,0.0,-0.1415779191448618,-0.025240328509329966,-0.24377825885408141,-0.07716592618789524,-0.33736729437765794,-0.13308859812259577,-0.38228336402625596,-0.23292765021997167,-0.16736898185351018,-0.38617057766941193,-0.26868252332738585,-0.4470581074669986,-0.32083171471328675,-0.38149741867547077,-0.32246329213869024,-0.29594900144068936,-0.1369376762426256,-0.4628913368677022,-0.21136373767188188,-0.664247825001893,-0.2602308327219794,-0.7879712478359879,-0.2912290359327126,-0.8847427474842867,-0.09230109872819714,-0.49946498723322863,-0.1266900803064244,-0.7283267845604335,-0.14185320206014326,-0.8765159554440711,-0.1497695642073618,-1.0,-0.04650446048820962,-0.49623634797730404,-0.047573096979519246,-0.687093402609219,-0.04208191838686569,-0.8166264735370408,-0.03532224959009574,-0.9324326081957617
5,0.0,0.0,-0.13750804164005032,-0.022221677718847664,-0.23849746544653266,-0.0821724799243217,-0.32512959612274744,-0.1324854603239234,-0.3714073301931553,-0.22547357048566063,-0.17364092132828918,-0.3797051973739041,-0.27623238987476456,-0.43254476682826787,-0.3287753217359999,-0.36554846454321277,-0.32915635268234483,-0.2891966883342118,-0.14813050860486482,-0.4574689651639116,-0.22835504872098047,-0.6597369272573426,-0.27846040802252964,-0.77899797434938,-0.3077162381091215,-0.8655252437625095,-0.1034280891087898,-0.4987738797360253,-0.14255869803583296,-0.7315931182936336,-0.15967642714182703,-0.8819278148514061,-0.16854294077129053,-1.0,-0.0563021345928565,-0.49870150655164347,-0.06331199445155732,-0.6912768836224485,-0.05980967029307315,-0.8194062936006933,-0.05550376002228859,-0.9263960091694555
5,0.0,0.0,-0.14136108926206153,-0.020602761546804665,-0.2442593852747392,-0.07377806047653215,-0.34047307185616266,-0.1150010113590034,-0.39386373447627077,-0.19690799874469406,-0.17802107457472932,-0.3792755807000288,-0.2731965027395095,-0.43834366126271906,-0.3249501318976315,-0.38259586915098254,-0.32592844545596716,-0.3142448389644947,-0.15441416635077046,-0.45208509391536533,-0.23759834966416776,-0.6605721324183604,-0.2885873451100003,-0.7835678261969555,-0.31637136597451543,-0.8819997251124124,-0.1115887008151701,-0.4873290503349482,-0.15536486486202053,-0.724759773295618,-0.18035648247444291,-0.875754641148567,-0.1929724335739196,-1.0,-0.0653668370646973,-0.4804961784100426,-0.07553607815395094,-0.6786438233537844,-0.08105588826682535,-0.8086348379394545,-0.08306606163333322,-0.921753900678021
5,0.0,0.0,-0.13256762165985028,-0.018279057147368414,-0.2399901543253615,-0.08600235165156521,-0.34102917994722004,-0.12790860905156476,-0.3968379069483655,-0.19425731258624035,-0.18159664579785123,-0.3883479726993555,-0.2887802098269742,-0.44661986996269337,-0.3397842909775535,-0.3600539193316952,-0.3358956498616526,-0.26760667113686765,-0.15695009625890222,-0.4605713844358101,-0.24339660427652934,-0.6606512741949488,-0.2981951570524399,-0.7839050411205385,-0.32992318555451694,-0.8885006540567407,-0.11097553336506792,-0.4893040057232363,-0.15360678740991446,-0.7176084686147435,-0.18031513999349905,-0.8711117863585358,-0.19588763753103777,-1.0,-0.060023750062661495,-0.4741357947408717,-0.06947389615882732,-0.6576084903012515,-0.0758460594905956,-0.7832411837463626,-0.08128553615845698,-0.8956430220616012
5,0.0,0.0,-0.13444175518078208,-0.01409349374126842,-0.24240125034603174,-0.0784493468751582,-0.3396878228058894,-0.12136611721670905,-0.4051014290438321,-0.19707676680852623,-0.18716577102338153,-0.38937636729668684,-0.281647380445355,-0.468113181736417,-0.3309002426800146,-0.4033267304549954,-0.33358672013597834,-0.3222371801293216,-0.15948435074748246,-0.4679303261692642,-0.24475674371460918,-0.6684649762005551,-0.3047511210351762,-0.7849323393470152,-0.3490728287786399,-0.8809398707214587,-0.10859500874100451,-0.5029887880325253,-0.15071917516800717,-0.7320866495832,-0.1742311093589607,-0.877819951463997,-0.1948920650205788,-1.0,-0.052389412559256256,-0.48833044120799285,-0.05834436864957674,-0.6842874115532059,-0.057486102179811566,-0.8140295546126975,-0.057414062946003964,-0.9261688764227695
5,0.0,0.0,-0.13384875845252284,-0.02427745595861846,-0.24043231908875362,-0.09443146982549248,-0.3430558003752998,-0.13755494400505505,-0.41302537312302223,-0.21265405663644596,-0.18734876913427662,-0.4026348779943701,-0.28171427593838355,-0.46426978892769405,-0.3346927957400996,-0.3931590984667896,-0.33903341788799685,-0.31126528395123093,-0.16147543362600772,-0.47719037021596805,-0.2512513610724719,-0.6808221324576622,-0.3155739033945592,-0.8064130015413218,-0.35931785554302587,-0.9076002763467585,-0.11320020491944553,-0.5062321437037189,-0.15933669968874817,-0.7342496263726799,-0.1851610097772518,-0.8800805038247063,-0.2031488278115759,-1.0,-0.059881996835987925,-0.48487689214926843,-0.065720958375461,-0.6687213651332407,-0.06612405627130871,-0.7906474989758709,-0.06447251244296645,-0.895923629971452
5,0.0,0.0,-0.13732963658611105,-0.023837879246303293,-0.24623173930504255,-0.10609149531906563,-0.34791168280073337,-0.15205538716395478,-0.41673331078575027,-0.21036284277154363,-0.19339603410132117,-0.3997808625820548,-0.290286596947427,-0.45893129408106137,-0.34182061664503516,-0.38015456153616717,-0.3481479702470941,-0.293168924148511,-0.16449402711883318,-0.47152501056814794,-0.24693589735336602,-0.6713160740333219,-0.300703547315839,-0.80465193282801,-0.33508861150629904,-0.9181410491624794,-0.11289934682986098,-0.49750061857296907,-0.1573075214676595,-0.7174090450141203,-0.17638267771201124,-0.8698281481320087,-0.1871355309468879,-1.0,-0.053858351989560106,-0.47665673153470967,-0.05877986543747676,-0.652453518718703,-0.053467483199492134,-0.772941711856744,-0.04404734728345366,-0.8805016061439027
5,0.0,0.0,-0.14175512571404303,-0.03009283222908836,-0.2601531310388397,-0.10449001003376442,-0.3563169249431951,-0.14389576166358753,-0.41509739785734007,-0.2180912024059799,-0.20923020056911087,-0.4075518344800493,-0.3194084989700792,-0.4688933394916226,-0.37831787788537086,-0.37050554378756023,-0.3873681741203202,-0.2696816403346712,-0.18162706249601834,-0.47908139294132635,-0.2586569421439341,-0.6812823177464908,-0.31033356626000724,-0.810638494484084,-0.34329916080036527,-0.9202168076171667,-0.13021297859463593,-0.5031670727952262,-0.16921591970864922,-0.7208679073495997,-0.18559079760463784,-0.8711802679917606,-0.19664237195005416,-1.0,-0.07411033291924146,-0.47468183278121084,-0.07479169321101696,-0.6441931413380476,-0.06740805037055914,-0.7640361547323268,-0.057769962678643476,-0.8676297952368818
5,0.0,0.0,-0.14273013817707067,-0.030405054451162178,-0.26563380697031175,-0.10669096845927573,-0.36597663583033246,-0.1428628396369878,-0.4264542370972963,-0.21188385137168406,-0.21739071062972204,-0.4114909746252022,-0.33132982612757705,-0.4692861465707731,-0.38601396984459857,-0.36816411551461026,-0.3940904956935695,-0.26892202180727326,-0.19219460736117785,-0.4827635548174316,-0.2884543530435214,-0.6713390314535971,-0.3479223676353203,-0.7964150164435875,-0.38518014558288444,-0.9060373132377749,-0.13971704429614945,-0.5050991206182548,-0.1860781926597327,-0.7201919345661165,-0.20462079217409895,-0.8694566143300151,-0.2174857965874278,-1.0,-0.08182888079722747,-0.4736108402348146,-0.08707511237736006,-0.6391899246081453,-0.08359672562498702,-0.7596305738801974,-0.07848855717991972,-0.867983326530708
5,0.0,0.0,-0.14472765034374133,-0.02584698453091482,-0.2648155772434313,-0.10709226276962931,-0.36614777861222464,-0.14282198129355042,-0.4231562515061729,-0.20889042892402784,-0.20979639321521426,-0.4140320686969967,-0.3252749436955761,-0.4873978384443595,-0.3823223230314771,-0.3924015801822364,-0.39539463865911645,-0.29273837392143504,-0.18509519925200085,-0.4817812082549017,-0.2851762557220053,-0.6830886140256147,-0.3481747445095254,-0.8106448357007502,-0.3880807253089889,-0.9157207658944637,-0.13581318072274565,-0.5024789376367895,-0.18894287215318287,-0.7230437878316411,-0.20764973650218146,-0.8711543906334525,-0.21897499526942463,-1.0,-0.08128360398750381,-0.47245793064682,-0.09322912600950396,-0.6420782377853889,-0.08987869236858852,-0.7575550461862604,-0.08287968062539658,-0.8613682176179154
5,0.0,0.0,-0.14808325304811493,-0.037807148151391995,-0.26795338707758753,-0.1229501124864539,-0.3612028436000371,-0.15694997653536494,-0.4238780113493015,-0.21079134645174194,-0.22504905350590407,-0.4274459104213046,-0.33231217507362926,-0.49861254723973536,-0.3763459484614651,-0.38627936510841443,-0.3729305041563124,-0.2751787299292401,-0.1950545993952791,-0.48807437701067086,-0.27687558579886296,-0.6832071646223893,-0.3265399728882155,-0.8004435731083517,-0.35437938981491046,-0.9023434895768653,-0.14090480678605088,-0.5039417645667017,-0.1900712239911841,-0.7225256248194399,-0.20821848843304605,-0.8700766751069634,-0.21595985717292324,-1.0,-0.08087488447425492,-0.4715038674163149,-0.0883294813858122,-0.6377743368789551,-0.08094286001874557,-0.7545671068954654,-0.06868569284727333,-0.857857989283394
5,0.0,0.0,-0.15365922242773097,-0.046185390343972045,-0.27764883211961494,-0.12977710479121307,-0.3746025152010437,-0.1662427363135768,-0.44217959230299175,-0.22972944584601546,-0.23612370875179037,-0.43729803056095057,-0.35014703910893547,-0.5084218139775781,-0.39746817864789824,-0.399963249714059,-0.3963218835719557,-0.290658315228868,-0.2053461879466655,-0.4977230599354474,-0.2832828635593327,-0.6989438679878434,-0.3458823692190539,-0.8193862651627621,-0.39198634536207766,-0.9243068129175062,-0.15004662544886432,-0.5141916763639557,-0.19562339191134306,-0.729351945491463,-0.2169897685550346,-0.8738343954160346,-0.22962930216049668,-1.0,-0.09140865887694467,-0.48421876409193343,-0.09632033965498434,-0.6509474545997715,-0.09086955344268596,-0.7686057392034013,-0.08138214147020886,-0.8725214754210527
5,0.0,0.0,-0.1689933016737693,-0.06319959097711159,-0.2854623770036069,-0.14389968807987197,-0.39191523011118345,-0.1684183534173656,-0.47174264257502757,-0.21589424934710227,-0.23702375061202338,-0.46316042846789524,-0.3694055211452222,-0.5065656593004934,-0.4260011112929689,-0.3810092922747671,-0.4328158595236253,-0.26842895629118113,-0.21674518674071327,-0.49544224901102435,-0.3120133180479603,-0.708541846328899,-0.3809709507458956,-0.8421611137244681,-0.4278176613134672,-0.9613251880438012,-0.18164067856296298,-0.4830309476401444,-0.24628292415032466,-0.7254790201966406,-0.28991139176605624,-0.8730346909611636,-0.32286894900367047,-1.0,-0.14948034564320578,-0.43582737263756355,-0.16816122936042313,-0.608823652199188,-0.18265057172547186,-0.7300953752081054,-0.19569953027696907,-0.8435501425972989
5,0.0,0.0,-0.15204123894455218,-0.07399287293482912,-0.26045016818541644,-0.15843057686871972,-0.36194432417984523,-0.18420602734859684,-0.43928109380724134,-0.24137506415298,-0.20129740595664156,-0.4630503599825453,-0.3169357889514265,-0.5203992386183434,-0.3782071152806634,-0.40583111092893515,-0.39808305345128087,-0.30130816572433305,-0.18226892758420157,-0.49720305816508387,-0.2663213293607588,-0.7059994244378235,-0.32731230396514516,-0.833362111442159,-0.3707187439422935,-0.9463589714686826,-0.14934958912204566,-0.493679832010992,-0.20223709233503184,-0.7247649716616753,-0.23375287887831983,-0.8752550107640374,-0.25606573364109686,-1.0,-0.12136582441596237,-0.4588702756293824,-0.13584813014878366,-0.6354132989020768,-0.14328586226301826,-0.7569607584440693,-0.14776371891729412,-0.8645948136211827
5,0.0,0.0,-0.14750778947058005,-0.059349825025164796,-0.2546426067624246,-0.13792347879222014,-0.35685933758338756,-0.1724574127316117,-0.4262802241145516,-0.2426990376255475,-0.18847115491278005,-0.44528133734918485,-0.2989922251885238,-0.5138703411696387,-0.3639504004507117,-0.4118122887181651,-0.37781465509186113,-0.3123308095100036,-0.16351518794599895,-0.4955485188047155,-0.23726565365115412,-0.7069943470723712,-0.30041158648708377,-0.8266769286108502,-0.35061327346703924,-0.9324109013668629,-0.12343994130872021,-0.507502117854737,-0.16324789504698886,-0.7326037157313444,-0.18931546785772885,-0.8770209203414011,-0.21074690620042372,-1.0,-0.08449713187346948,-0.4758535413222992,-0.09312902943188,-0.6538155761293554,-0.09937612225726881,-0.7751043153829892,-0.10253408755994159,-0.8776388315716976
5,0.0,0.0,-0.1471274582886876,-0.06546908201268203,-0.2513596526694226,-0.15009927581394336,-0.35220982180968596,-0.19833894042991815,-0.41762118179863383,-0.2830989654497287,-0.17598847015576366,-0.4474673682059293,-0.2788271890145802,-0.5174876497836681,-0.34929832639932357,-0.4387431956697735,-0.3695564166479677,-0.34891351290776257,-0.14817156822851543,-0.5079803297903625,-0.21397320190045863,-0.7193817815252602,-0.2712516500828519,-0.8491022361910675,-0.31543621252694454,-0.9603729640094515,-0.1011354858101325,-0.5286014794345356,-0.1302239189839329,-0.740219952111521,-0.15408235546071578,-0.8827467224334219,-0.17422994183509408,-1.0,-0.05294366287148694,-0.5040819264456745,-0.044920041563323874,-0.6800893772669003,-0.039992955486352684,-0.8048609917597044,-0.03470740350823367,-0.9091938963380056
5,0.0,0.0,-0.14758131958740803,-0.06134877544473492,-0.2559385372087869,-0.14021520994535364,-0.3529927325312727,-0.19465013829594452,-0.4159667509289262,-0.27960743334439514,-0.1799506553574541,-0.43478997690835186,-0.28158007888854664,-0.5127950741042031,-0.34591338982181236,-0.4345287771480614,-0.3604168001889207,-0.3414146903789521,-0.14825176685571978,-0.4925149511813848,-0.21406875116283128,-0.7036215381314509,-0.2700984318858571,-0.8343933056850853,-0.31119610660336144,-0.9453159644706136,-0.09706196912487543,-0.5109753133403804,-0.1222132430005979,-0.7338417630431016,-0.14618834057477423,-0.8799882114605541,-0.1653822041770195,-1.0,-0.045643794354941106,-0.48333322680344876,-0.03350508829916632,-0.6636500282534529,-0.03021314211391799,-0.7895840722044586,-0.02682635553951657,-0.8959462730059203
5,0.0,0.0,-0.13687300406973912,-0.03076867930759159,-0.245367942337806,-0.09574077033225925,-0.33828485370135625,-0.15355166787081637,-0.3606348363600035,-0.25918965264680327,-0.16359190743967547,-0.4036704931802657,-0.25172040504502496,-0.4632030157362241,-0.3187744343830981,-0.39179639113538794,-0.3391605720543634,-0.30692100532466926,-0.1310175802899311,-0.4758180624585043,-0.20182921327219927,-0.6719339898233897,-0.2576020027776331,-0.7924157999465341,-0.301877861334302,-0.9040209136093641,-0.07495519152368517,-0.5066681915581993,-0.10492489983139539,-0.7240059598534152,-0.11293599261876786,-0.8735149498076746,-0.12018058785278385,-1.0,-0.01713551018401886,-0.4922152897230326,-0.0009133378648283029,-0.6807609114107521,0.022021965358640382,-0.8118094568177247,0.041741865024563146,-0.9248638089383073
5,0.0,0.0,-0.13564809131017308,-0.024746587438353472,-0.24418781979456783,-0.1006380742791644,-0.3322356629619821,-0.17431644726589074,-0.38143241848953646,-0.2716779129041329,-0.14840370272952969,-0.3843998653641627,-0.23976746625033002,-0.4538117879016533,-0.3088741130068946,-0.40620521373619917,-0.3342411928999071,-0.34161941391297534,-0.11387599974316348,-0.456835084519504,-0.1745365024839354,-0.6529433243945126,-0.22437064998392062,-0.7700022172709547,-0.26360518497087027,-0.8775494379803287,-0.05901203159812188,-0.4914729506725217,-0.08586635942680632,-0.7208341999607877,-0.0953800649583122,-0.8720366706883603,-0.10227127259559286,-1.0,-0.0015014363008600364,-0.4835305388067829,0.011582495696384167,-0.681385845406736,0.02669183941716726,-0.8162814111314232,0.0377538841892314,-0.9351999287509101
5,0.0,0.0,-0.14045772904608042,-0.024626085914930006,-0.24823530698620289,-0.09996406508523156,-0.3408189968743438,-0.1830872251915946,-0.38947763293632187,-0.30084122487850895,-0.15639138501661093,-0.3703662295003774,-0.24722199259819655,-0.4491539784200437,-0.31155481446269145,-0.39733113324626945,-0.32501848299071734,-0.32371521472456444,-0.119853968683188,-0.44857828458838656,-0.181365523174882,-0.6500297933437563,-0.22874976083736243,-0.7690197281606184,-0.26411014732777105,-0.8797691988647867,-0.06528624472788716,-0.48930640414334586,-0.08826647926955293,-0.7195510323308436,-0.09841360979308912,-0.8725686327284947,-0.10402682638218073,-1.0,-0.009121443335534735,-0.48826511646839404,0.005850899870157326,-0.6842871178172085,0.02080011131933677,-0.8236809205506649,0.034937918131154905,-0.9435295097555941
5,0.0,0.0,-0.14937262845753416,-0.024461759993343837,-0.25995385849299435,-0.09300350459698026,-0.35389966643014065,-0.17092953218131152,-0.39258434530206154,-0.289176486298007,-0.15554855474514717,-0.3812102504751492,-0.2418191959697424,-0.45300302177564317,-0.3120171424735837,-0.40695246690747455,-0.3321579187442868,-0.3347631050917207,-0.1215078688520063,-0.4575605166883142,-0.186723312952542,-0.6510048451833828,-0.23391161581282638,-0.7675990715755462,-0.2682730839264189,-0.8784094635832674,-0.06563822455548256,-0.49783930770546775,-0.0875249968053173,-0.725533485285463,-0.095248801977287,-0.8760730804433351,-0.09890327845932245,-1.0,-0.00646980591695767,-0.49693566570483966,0.016235001081671235,-0.695620699120842,0.036005554939656466,-0.8356547433699922,0.05258592471577123,-0.958182861811233
5,0.0,0.0,-0.14114591647368147,-0.030745538675086035,-0.25117931471237437,-0.09655741300039035,-0.34970327776935217,-0.17351245123133816,-0.3860807353261076,-0.2965962446614213,-0.14561678108549278,-0.375706856196337,-0.23781603513866914,-0.4518501126215559,-0.3062304098652605,-0.4174985238922286,-0.32887707707553504,-0.35184681024819414,-0.10974565793237608,-0.4539414091678665,-0.1781279828156177,-0.6484346440391231,-0.22695060703023054,-0.7704303807016738,-0.2658306084326325,-0.8778869095602115,-0.05548952284423413,-0.4950889812550028,-0.078448808830387,-0.720978313500058,-0.08457962513547035,-0.8727983771800866,-0.08896602690044282,-1.0,-0.001065790094597503,-0.4951919480169248,0.021473395044332814,-0.6913478791812983,0.04334325196303077,-0.8285870791145071,0.060913826027961096,-0.9519896002685104
5,0.0,0.0,-0.1426601471367945,-0.021227687301755338,-0.2534086454494033,-0.08239146679234435,-0.35542416882859745,-0.1586055623891812,-0.391103224757677,-0.2782728945038308,-0.15380778135626477,-0.3742379055530431,-0.2555599308477441,-0.45324466796330837,-0.3238061026024228,-0.41381237910425417,-0.34039112749803224,-0.3427720345300619,-0.11826639210108668,-0.4545607401045434,-0.19694759143117974,-0.6453177606398223,-0.24973186447539827,-0.7685786447451239,-0.28778854965855744,-0.8770444807756108,-0.06128558880629971,-0.49712986246177954,-0.09128292671907273,-0.7187118155479182,-0.10239175913470205,-0.8712120292678994,-0.10925294568146111,-1.0,-0.0025873184542885073,-0.5009073686663031,0.015470934746971044,-0.6948882609926263,0.0343401279307875,-0.8321282036403711,0.04983976538196965,-0.9557000337079598
5,0.0,0.0,-0.14400833752718026,-0.019706803340404516,-0.26313475884981447,-0.07878284630337586,-0.3608951358480176,-0.1585476834958458,-0.3799887168481294,-0.2860319016547608,-0.1662078735869418,-0.36520343818603107,-0.26271005300993516,-0.44603639055712413,-0.32464411747179106,-0.4159378652398453,-0.3370899472510475,-0.3529375124782351,-0.12654215762223886,-0.452511023256603,-0.20490725762428322,-0.6419187360782044,-0.25359236155846687,-0.7652198365987343,-0.2874590420282183,-0.8798091607535963,-0.06404758932458983,-0.49989652036121746,-0.09271218871832704,-0.7200690908189332,-0.10248599066638886,-0.8728471428701919,-0.10709546703505823,-1.0,0.0009329261423321327,-0.5050385754172569,0.025669387991229243,-0.6944728649766877,0.04728884651303195,-0.8300375423607538,0.0647534605218001,-0.9518164613095329
5,0.0,0.0,-0.15597065331354742,-0.013129602578151548,-0.2793094741870418,-0.08375818230158055,-0.36916128829678324,-0.18048193294105241,-0.39076988252420214,-0.31208337812388925,-0.19594593493211238,-0.36981133402819105,-0.2814710885790903,-0.4530868507253239,-0.3359748965842186,-0.4180100330273334,-0.34234992604303516,-0.3533807139487357,-0.14837789267991197,-0.45743487338778666,-0.22632195340072064,-0.6490447965327691,-0.27303207598628804,-0.773773575954159,-0.3064737845916427,-0.893025310431797,-0.07829048868219507,-0.4999148514730867,-0.10481839427808763,-0.7194007293861422,-0.11041906544580123,-0.8721253578490169,-0.11281986784090703,-1.0,-0.00355590543426049,-0.4973676879828533,0.02929606919225062,-0.6842556212826877,0.05976560090452186,-0.8169100770643499,0.08610390625408852,-0.9356130432272262
5,0.0,0.0,-0.15934367325071297,-0.02070684465332096,-0.28702422894338364,-0.08786472385182628,-0.3795714085399045,-0.18675187775390337,-0.3631919591887339,-0.3132207490860762,-0.21142986062595515,-0.3784704134603636,-0.28939614210674525,-0.4700855807637928,-0.34257075983233864,-0.4387617963682206,-0.3493787916687982,-0.37746002118994565,-0.15785761623239927,-0.46496062431831536,-0.23587449852734108,-0.6638821688244024,-0.2836235465247348,-0.7898901624709233,-0.31660519137856147,-0.9111621506935838,-0.07961952632424019,-0.5033516842485264,-0.10384603368894509,-0.7257164064549715,-0.10924784154833704,-0.8754891750370627,-0.10910338989982962,-1.0,0.005262142774385372,-0.4950503300741537,0.03934196205426142,-0.6871317471260212,0.07310398770742113,-0.8160458686123363,0.10312787821512295,-0.9327774167198851
5,0.0,0.0,-0.1573020915204922,-0.020567670670387936,-0.29132737650824864,-0.08768979528273337,-0.3822017392184709,-0.1875042727036441,-0.35277526659358327,-0.31165060438417863,-0.23639224298168748,-0.37497297633193366,-0.31232927579596736,-0.4795271381533999,-0.3545261396125729,-0.436121430300631,-0.35350094300093515,-0.3683723481803811,-0.17419799092744725,-0.46808835896479023,-0.24737947149735634,-0.6694715082877207,-0.2919003497457568,-0.7959878923876544,-0.32506266842230463,-0.918636118520868,-0.08571709904675719,-0.50715901218203,-0.10496038925181585,-0.7273001818899927,-0.1085416822053634,-0.8757858936747001,-0.10872432057810595,-1.0,0.010547618288828123,-0.4934592842980695,0.048986605089842185,-0.6778595034977519,0.083759874938122,-0.8066322535161881,0.11444732594130026,-0.9223755382975934
5,0.0,0.0,-0.1579895880580273,-0.02974378039958828,-0.2907286128705709,-0.09861691765303228,-0.3716026126517523,-0.2163786369299961,-0.34254520038367614,-0.3588587865764341,-0.22949305250903157,-0.39504297236405894,-0.29843119801066265,-0.5029129856100206,-0.3284483529650453,-0.46505048230384133,-0.3216823964674603,-0.4026671227158152,-0.16792658741750485,-0.4815462615477274,-0.24665573989902476,-0.6867145447457508,-0.29111016454947264,-0.8116163366152584,-0.32401691489124396,-0.9373960797477,-0.07881939922606193,-0.5158512415831845,-0.1004218525438726,-0.7361138876525756,-0.09870835409100517,-0.880437127357744,-0.09552575420721272,-1.0,0.02052102198914617,-0.5009291718140382,0.05743754906157619,-0.6871609772056864,0.09817061266025011,-0.809693792030966,0.13275517065196263,-0.9183012877369163
5,0.0,0.0,-0.1491197895542195,-0.03516844131260594,-0.2845106201560685,-0.10768207470924102,-0.3692834678364394,-0.2153898785405252,-0.3356612880928766,-0.35157579767925834,-0.23123407303441765,-0.40683926996507586,-0.30811503632939463,-0.5215458140331743,-0.3279202584947064,-0.46314590310454545,-0.31310564792361584,-0.37977499924677366,-0.16573208633972608,-0.4923330359119459,-0.24402907323744305,-0.696227444433163,-0.2863941259827718,-0.8225780085818775,-0.31820621589608017,-0.946676185045019,-0.07467379014146366,-0.5219703026427789,-0.09503868356737545,-0.7367401261037071,-0.0938884996230097,-0.880303724323939,-0.09158109184420773,-1.0,0.025021780707508115,-0.5003262444294251,0.06553970039149751,-0.6816610737952705,0.10641179359260215,-0.80490482550522,0.14057269254298388,-0.9156140110406429
5,0.0,0.0,-0.14368737392276684,-0.027870668341930423,-0.27560994249242304,-0.10098260746353939,-0.3622974487953912,-0.20267568120968626,-0.32504686099829705,-0.3338575578413866,-0.23132347565791142,-0.41156641068668076,-0.2944758162693511,-0.5287299551316484,-0.30370084966359456,-0.46471332415916616,-0.2809758949173232,-0.3765704117056938,-0.1639727098276227,-0.4929337115025733,-0.24028350357661404,-0.6990611625530435,-0.2785568621979288,-0.8241912094563169,-0.30638962593423313,-0.9480998948106348,-0.07106607070932629,-0.5180308083569689,-0.09085570586646885,-0.7382097989695747,-0.08569349069680877,-0.8802503239761376,-0.08154162932538829,-1.0,0.03001293208748628,-0.4906686662435347,0.07199277296411524,-0.6709951711247942,0.11556019596517726,-0.7900751855007695,0.15126845842990055,-0.8979378464947614
5,0.0,0.0,-0.14206872690364122,-0.025645245987745112,-0.27084152850874915,-0.09542918336449435,-0.35546206733260466,-0.19369381832373028,-0.31396866648267197,-0.3231522983657661,-0.2253508679491013,-0.41092535851397455,-0.28287095209496455,-0.5265112906511162,-0.2962983906469519,-0.4672940554353406,-0.2779623087700962,-0.37784654398639694,-0.15585273763053428,-0.49347617923786213,-0.22994219919806805,-0.7041296332924993,-0.2662600526755818,-0.8285043344239859,-0.29319215746401733,-0.9512281726269785,-0.06191576115658313,-0.5164719340175066,-0.07602984753065893,-0.736249725896248,-0.06947648071664707,-0.8791064417623083,-0.06687045027657973,-1.0,0.03985513992852643,-0.4857880663112766,0.0858642599848994,-0.6643810449495416,0.1313670378590547,-0.7821747517899394,0.16803807066341206,-0.8891789594466201
5,0.0,0.0,-0.14647531207227463,-0.02098536977493275,-0.2817585031937509,-0.09132821029100871,-0.3695892063288178,-0.1875081863026396,-0.32344113391659435,-0.3120731734321172,-0.23566991553083888,-0.4051436822252787,-0.29536106384878913,-0.5105041651172442,-0.30337516304173306,-0.44141524350629585,-0.28303432033076786,-0.3528316660853013,-0.16369271518546782,-0.4903246175919119,-0.2410918523787894,-0.6919535682310911,-0.2798482910105062,-0.8144767903663468,-0.3113475902262308,-0.9401855515629414,-0.06823587108510887,-0.5129369116024758,-0.08631939829541875,-0.7303415772822512,-0.08011844001898609,-0.8742587182948534,-0.07943338488405907,-1.0,0.03504436148718737,-0.4802944919981981,0.07549170314397327,-0.6559501785808981,0.11646198765184851,-0.7734543749930036,0.14764082095163997,-0.8828638246193486
5,0.0,0.0,-0.13649318547857153,-0.020181680234078448,-0.2703272342578667,-0.08785754067393746,-0.3588647473525838,-0.17813779180108846,-0.3132595074818164,-0.3019811852619024,-0.23651465894176288,-0.4004512349669808,-0.29421830399319565,-0.5209285179815867,-0.29894271285863655,-0.4496781923501209,-0.2767188103709624,-0.35647488302478075,-0.164780202825236,-0.4875109193815725,-0.23488535940761396,-0.6978290234044284,-0.27395216229377584,-0.8285594837774509,-0.30643903835270836,-0.9556436126243218,-0.0696579882785432,-0.5123706616926053,-0.08528862791814466,-0.7314130753016359,-0.07815665568489255,-0.8745954277287896,-0.07601910557860159,-1.0,0.033237809281977525,-0.4808374757662069,0.07956171249819356,-0.6555743352888852,0.12378757974395087,-0.7739601680223377,0.15874754677928304,-0.8833426225853004
5,0.0,0.0,-0.13628311344286542,-0.018464090919874897,-0.2705185335472381,-0.08767448956968989,-0.3568032422765638,-0.177185276569496,-0.29875837627653595,-0.2955712393575986,-0.2402799195975624,-0.40432461706989237,-0.2959406913398852,-0.5182757653080007,-0.29971211215109245,-0.44771182745381644,-0.27684061288451517,-0.35720590894104887,-0.16747562688622172,-0.49007919983703535,-0.23662761350872213,-0.7006502223992944,-0.2718065432923931,-0.8349186117571794,-0.3002460013531302,-0.9658566156529508,-0.06978110215478206,-0.5129042312723596,-0.08589464073739866,-0.7310791253903339,-0.07891399442549644,-0.8742007819357942,-0.07701552172821063,-1.0,0.037021117502255896,-0.47847704955450604,0.08416044164073985,-0.6532286552716855,0.12907110968944271,-0.7712504836990357,0.1642452945185139,-0.8817312703143368
5,0.0,0.0,-0.13250263546278726,-0.020171913264892392,-0.26464895635673624,-0.09309395222108695,-0.3484672148429264,-0.18057720689599246,-0.2774436821875152,-0.2915044032501338,-0.23068992361212476,-0.41434364812922686,-0.28273293436481295,-0.5240842374997973,-0.2800373019348351,-0.4401204203765874,-0.2553654778702217,-0.34734604842764233,-0.15512593457564994,-0.49812598323034757,-0.22188520735010298,-0.7070616617201058,-0.25559626331922347,-0.8397278580580289,-0.2836588332603513,-0.9713911188958627,-0.05706725701033102,-0.5152839812517231,-0.06618498516031723,-0.7303957248739033,-0.05436902966314731,-0.8727806159684718,-0.04982095071279132,-1.0,0.04792276877665872,-0.4743918162798618,0.09797272093287274,-0.6481597982451872,0.1449781864772377,-0.7617019413224346,0.18072381971812712,-0.8679216335003811
5,0.0,0.0,-0.12856658942619922,-0.02384753255334756,-0.25729700766670666,-0.09652857985634783,-0.33984713486693163,-0.18155894681201173,-0.27135576856513743,-0.28767649141641416,-0.2260093983129808,-0.4220877541013018,-0.2786903203351231,-0.5330915734006895,-0.2771249520760564,-0.4417509059974356,-0.25395088444270336,-0.3429708042597419,-0.1494234430359985,-0.503859774741805,-0.21032182564406005,-0.7107428014502384,-0.24290175523300553,-0.8428739525195185,-0.2705102833901193,-0.9741213113821996,-0.05131503943696855,-0.5187396874178346,-0.05790770366451328,-0.730476062441907,-0.04675674360356896,-0.8717071010635863,-0.041975351473037874,-1.0,0.052252718474156246,-0.47522289954193786,0.10346142979830907,-0.6436719273383873,0.14955306053908354,-0.7570462853342212,0.18570317334807152,-0.8646586072527016
5,0.0,0.0,-0.12268910611964666,-0.02711956027034688,-0.2474546192543875,-0.10444226590333015,-0.3264346464437954,-0.18848760097629969,-0.2517704642410378,-0.2864028745873978,-0.21549719526817035,-0.4298120964334501,-0.2654271838615976,-0.5128634221748154,-0.261242402977201,-0.42840651385391515,-0.23587414681465083,-0.3438225372875373,-0.13528676386028854,-0.512717813153897,-0.19335615287220986,-0.7148718037241545,-0.21742655475390676,-0.8512912331461754,-0.2356326372311078,-0.9870634136876156,-0.03405636763352815,-0.5217340643833223,-0.03203030841381189,-0.7352836790588575,-0.012906297718022137,-0.8732366383943816,-0.0037792813387654608,-1.0,0.07244887920612875,-0.46528107935443896,0.13795951254063687,-0.6257458965947389,0.1894199142792821,-0.7324204079274282,0.2271072370480496,-0.8364704405296236
5,0.0,0.0,-0.12850322681970355,-0.016298203974749556,-0.2640115450753138,-0.07741995451842901,-0.35935312962247734,-0.13148901663330603,-0.3206755247288013,-0.21418742958609846,-0.24364323730065754,-0.4177724286806338,-0.31833157315273186,-0.48061680574497306,-0.32605943374001783,-0.3645343107009899,-0.3045119385117366,-0.25920152438584654,-0.1691081092775674,-0.5084788353640849,-0.2428348897176072,-0.6987732155534793,-0.2889167918024196,-0.8335302385138199,-0.32508810251462766,-0.9725597726883006,-0.06993104045103359,-0.5204735980922741,-0.08174935776111437,-0.7261725767601672,-0.07918168429251157,-0.8668998972738301,-0.07843711988512618,-1.0,0.03386485979720796,-0.4642786972206241,0.08356733852680095,-0.6242230231622673,0.12683637051294172,-0.7374493781140372,0.16078408433482,-0.849367857446205
5,0.0,0.0,-0.12925686572868963,-0.015896617327510493,-0.2664469010926634,-0.07827817932944144,-0.36345381158108586,-0.12645789840166122,-0.3184230104308703,-0.19939980923230544,-0.2449007170560996,-0.4168768933247482,-0.32307101088790957,-0.46851596008172847,-0.32623745821130146,-0.3519897424317407,-0.29987770055368207,-0.2476085314959121,-0.17130687185202828,-0.5037806536442868,-0.24633717182072234,-0.6920121625361155,-0.29110471323373394,-0.8284820582194447,-0.32627873198365975,-0.9670540478455449,-0.07165955544003857,-0.5138410958170625,-0.08619557250347659,-0.7258410387668289,-0.0842075790279198,-0.8658227109808871,-0.08426255760499932,-1.0,0.03313566808492804,-0.45517767920765195,0.086128801420009,-0.6142875935741358,0.1269844178760692,-0.7281075903662553,0.15693244399774572,-0.8437847475563018
5,0.0,0.0,-0.12769274432312885,-0.022492931173937056,-0.25642402197153474,-0.09541270538167874,-0.33944705475703635,-0.1416581226542091,-0.3023468202785188,-0.20755158708811064,-0.22186198628845732,-0.4267750392940434,-0.30380830785642654,-0.47200763810260926,-0.3260234238722574,-0.35050444512140966,-0.31531215869634804,-0.24860402221448497,-0.15141052324694454,-0.504559024046866,-0.22331274619416108,-0.6966209567916183,-0.2712695427029979,-0.8309871020250532,-0.3086005798937866,-0.9684142623139873,-0.0591140488806384,-0.503845633845301,-0.07028786604040199,-0.7224165911654149,-0.06425954530130323,-0.8630525875224236,-0.06407039119876531,-1.0,0.03723527694037954,-0.43574921037233383,0.09349718485372582,-0.6006573538902877,0.13744656475483247,-0.7103124639617262,0.17044094045715974,-0.821450359195595
5,0.0,0.0,-0.1401955279086226,-0.025327307910406136,-0.2781983636756726,-0.10248362709192235,-0.3612979684907914,-0.1509790121076435,-0.33565099111341623,-0.20646018206540587,-0.2394939931215837,-0.4386477461759459,-0.3252071557230499,-0.49192696527281793,-0.34686476211020184,-0.3714890570871517,-0.3358468861221381,-0.2664386531064871,-0.16976349170020785,-0.5101728148082333,-0.24439705351815902,-0.7019408712194984,-0.29660339820988346,-0.837258515950743,-0.3401856519413504,-0.9737880783105729,-0.0769248511985737,-0.5087388503496953,-0.08888208111320343,-0.723144800360083,-0.08871899770627412,-0.8639380841825501,-0.09358859676636791,-1.0,0.020840565015782866,-0.4423988269689926,0.07840478438635563,-0.6013728244243066,0.12136426741845302,-0.7148556476319851,0.1523912104541012,-0.8323999623803615
5,0.0,0.0,-0.1430960745624589,-0.02715417809647561,-0.27403580538043215,-0.1034749827550251,-0.3655509568955837,-0.14745640630765036,-0.3582799942249386,-0.20617225724689991,-0.23798947655485506,-0.4260824229590773,-0.3254919229350145,-0.4871010796156376,-0.35001315430643115,-0.3886237707942314,-0.3376426520365112,-0.2939778943484608,-0.17211511622310988,-0.5037311708936908,-0.2502730320676324,-0.6973266278454209,-0.3025073391404784,-0.8348863435840672,-0.3422031859088503,-0.9679668575645283,-0.0818218714407174,-0.5108662592040041,-0.10087476137767297,-0.7216999534786723,-0.10271764762500601,-0.8654325681377031,-0.10589409179139195,-1.0,0.014821213725395832,-0.4520304153231628,0.067167653239649,-0.6085539888027977,0.10887466512665031,-0.7230150632850474,0.14141120041067104,-0.8373291945393586
5,0.0,0.0,-0.14249495187928438,-0.025100902644945893,-0.2768462876927542,-0.09367214541902869,-0.378066905669754,-0.14777410112052422,-0.3614715823756554,-0.22916499644491806,-0.23663648605851628,-0.4219902179063604,-0.32396702197297245,-0.4911620232775385,-0.35160963686204766,-0.3949615539525323,-0.3398245522039197,-0.2948760757888321,-0.17621077196998397,-0.49903277226102094,-0.25593609427430186,-0.699909644655973,-0.3106081700420952,-0.8340035737299767,-0.3535426578752038,-0.964986945573377,-0.0887836487588612,-0.51130174971235,-0.11203600442898977,-0.7186792978199164,-0.11601377532487839,-0.8631818628820598,-0.12172708924618396,-1.0,0.005734033968445281,-0.45985180065975817,0.048203755205712615,-0.6196349223324972,0.08599170209927548,-0.736166698835868,0.11649145210393749,-0.8511085304912229
5,0.0,0.0,-0.13960832660996592,-0.040529203492151715,-0.27053264373416847,-0.11706265158183797,-0.37333864469155964,-0.18700179235384787,-0.34517533603573936,-0.27858507498136026,-0.2132382288018041,-0.4199219395619262,-0.298808739683865,-0.5067044930050453,-0.33498958745254365,-0.4497006928231165,-0.33064934261994633,-0.3640320860721618,-0.15208563141908146,-0.49514142332973804,-0.22180746152989153,-0.6995221001881726,-0.26981153962460963,-0.8308114074017847,-0.3059293366944049,-0.9478152167658542,-0.06743578316925869,-0.5078573107591426,-0.08361318457449349,-0.7200694353473237,-0.0829113629602242,-0.8674821223722244,-0.08264094891913962,-1.0,0.02006940474018827,-0.4599634183517935,0.0633872243368352,-0.6261482266837903,0.10413465670424815,-0.7415807422352758,0.13909948298426916,-0.8515852353627497
5,0.0,0.0,-0.1398972097865869,-0.04746174410653274,-0.26885119566346277,-0.12980294259376882,-0.3659219376467674,-0.20244812171937837,-0.33911798825693507,-0.29839863011261486,-0.20091032854761798,-0.4244018717496005,-0.27914724783985906,-0.5183124814580584,-0.3204093117915572,-0.45680333962511177,-0.3209013812767561,-0.3705742447851051,-0.13758162445883382,-0.49685834314000243,-0.201197723889715,-0.7035659983635192,-0.2435690730374966,-0.8393569521617528,-0.27416086262396205,-0.9641652982441361,-0.052068737058656174,-0.5077729795765313,-0.06248005149394637,-0.7242932089393028,-0.056089838871573365,-0.8702913352433213,-0.050358962864720275,-1.0,0.03544329667091272,-0.4585889922718024,0.08634983129589296,-0.6240824827673039,0.1311467058943568,-0.7400425497167331,0.17028174019248188,-0.849032823437227
5,0.0,0.0,-0.14090121198000022,-0.03874928858722016,-0.27204302471705827,-0.11837511411251972,-0.3701396851831339,-0.20300775774150792,-0.32661749483390184,-0.2994705179085037,-0.20806484264886194,-0.42253526506571737,-0.282517923782386,-0.5229467958732329,-0.31780078914298154,-0.45294607013670585,-0.31544084674354383,-0.35942307765762804,-0.14427779666390378,-0.4955483321428708,-0.20686012001390358,-0.7012902067585169,-0.2475551464268935,-0.8341450632727662,-0.27732501155448946,-0.9582539543091562,-0.05627162408375763,-0.507483031134097,-0.06701894172335687,-0.7232152419949351,-0.0623812561353384,-0.8691171606131328,-0.05868152771358617,-1.0,0.03551678170227232,-0.46040129410281777,0.08373104968239478,-0.6284283984522714,0.127862400354465,-0.7450340905184433,0.16563920199539348,-0.8566832312845919
