0,0.0,0.0,-0.1354138680155716,-0.10310773618848049,-0.23295802121693202,-0.28551260570884635,-0.2930871985430568,-0.43401146270482277,-0.35967062466833044,-0.5306557150799743,-0.13327442306386644,-0.5090570691382756,-0.1854820104489055,-0.696713241351452,-0.2148656023255818,-0.807631747310858,-0.23370810959088717,-0.9098558294573352,-0.0434148277729712,-0.5320926148788734,-0.06735660203467884,-0.749267312787023,-0.08044637954095481,-0.8871099895319404,-0.09129290369539092,-1.0,0.04165675470314475,-0.5059535913174449,0.040838087797963885,-0.7019908809365536,0.03745909872076242,-0.8338425987603533,0.030646736593966013,-0.9506278184963994,0.12240994193741363,-0.4431448917288648,0.1444852172220701,-0.5853765944722283,0.1554707796455499,-0.6840156099102648,0.16360631408180615,-0.7801758791348707
0,0.0,0.0,-0.12224514011630125,-0.12064380617886353,-0.19915902780240968,-0.31916705203975576,-0.24388913167579404,-0.4775318008088485,-0.30263571769407915,-0.5874891164170274,-0.08515847366825434,-0.524884337879955,-0.11744264410332327,-0.7211492193601624,-0.1352000337299051,-0.837328665132313,-0.14455740542074375,-0.9441458871935448,0.007497709511900165,-0.5286791195156278,0.007336923605111152,-0.7436995682705995,0.00966873753114495,-0.8822717559561056,0.011459132940665483,-1.0,0.08869844059420849,-0.4847999595776534,0.10755539835754101,-0.6763883302559257,0.11854355072837187,-0.8057239448194814,0.12456474033661642,-0.923887532182278,0.16080866109007824,-0.4073018217494979,0.19609857430918945,-0.5404999789188093,0.21751923909617238,-0.6342799903361145,0.23726244342377276,-0.7282649577740404
0,0.0,0.0,-0.13305073929607333,-0.11226670256642475,-0.21245115505723272,-0.2904065472766595,-0.2614419114523142,-0.4411117502355922,-0.32166870933959013,-0.5732353316560687,-0.12072389297909131,-0.5113106966709385,-0.15819677146948316,-0.7110068308614368,-0.17743647753438596,-0.8333206868276445,-0.1874836309341688,-0.9427373798654808,-0.02549587997825034,-0.5172892302474111,-0.03263637682857108,-0.7367618185092393,-0.03313973106652004,-0.8806510211324858,-0.033057383082472115,-1.0,0.058583160099516925,-0.4784059458391539,0.06769686151027252,-0.673729244723872,0.07454101051991126,-0.8045917305839714,0.07608359281981526,-0.9280834599440873,0.13674870577292586,-0.41662712448182837,0.16751258385594872,-0.5557310525331184,0.18329647197458576,-0.6486844428748013,0.19886163965151593,-0.7477616559113089
0,0.0,0.0,-0.1284618588279791,-0.09571341827966703,-0.2224651917165202,-0.26896794856022915,-0.28460529839122306,-0.4240124580133808,-0.35232805622987773,-0.5413919865204612,-0.14429460593953855,-0.5040829590763024,-0.19269548213829996,-0.6978290607838197,-0.2205092433868886,-0.8154693584557724,-0.24079230723779904,-0.9260945704878628,-0.05126736148838131,-0.5264187719316835,-0.06326687371355226,-0.7400803104374295,-0.06958352183124607,-0.8791537861006803,-0.07624570705170466,-1.0,0.03370459415284414,-0.49647952647767846,0.034747491219244905,-0.6872422277947963,0.03348495180529667,-0.8162071268643784,0.027566281972284116,-0.9353992884162637,0.11428029057443388,-0.43324893056805475,0.13737039440258628,-0.5720970169049179,0.14805582399733627,-0.6678391700787857,0.15663480625407789,-0.7643361530046912
0,0.0,0.0,-0.1260052883285546,-0.1174688196156448,-0.21420786784772902,-0.3071683545645762,-0.2721061560992758,-0.4577565662952451,-0.3386179208518788,-0.564672901650004,-0.1015112864755331,-0.5192857890242146,-0.14587018973268628,-0.7127050073364595,-0.17051803449879843,-0.8305716429697932,-0.18616028463183543,-0.9397450317026905,-0.0050472907244291845,-0.5275762126741006,-0.012006308422752727,-0.7410961903245757,-0.011600895224170363,-0.8777589421409063,-0.01010873983143237,-1.0,0.08272915601190824,-0.48607902932891683,0.09035827959766711,-0.6796804073194004,0.09760944343398102,-0.8088784109183921,0.10236890460047289,-0.932405118980486,0.16299941536239762,-0.40856896392754916,0.19155203844449792,-0.5464389768531165,0.21078102127521445,-0.6423884362618969,0.22886645571827718,-0.7404859985682767
0,0.0,0.0,-0.12801882315313515,-0.10890635488454434,-0.21698402984033052,-0.28545944260521405,-0.2753748201596784,-0.4364499944403662,-0.3431397063692343,-0.5485577346107462,-0.10935737236892337,-0.5116956668945849,-0.15156472011661132,-0.7055969538561102,-0.17562677955132774,-0.8266816732159689,-0.19142006611948448,-0.9382489777145246,-0.010786581988892511,-0.5241974360717966,-0.00994076803619277,-0.7399181886052673,-0.0063258459433502764,-0.877705547158099,-0.004487150999118847,-1.0,0.07674311475494687,-0.48506350386863056,0.08914279370617327,-0.6802193226456289,0.09800840174003152,-0.8091639185298579,0.10211610550061066,-0.9324899823965752,0.15703975468361223,-0.4098968977957257,0.1912965583635722,-0.5487131901821329,0.2114727639518698,-0.6452751947344288,0.22834281683710558,-0.7443987358659919
0,0.0,0.0,-0.12558433302048386,-0.09797944684396143,-0.2162075487615831,-0.26736634723881464,-0.27473933813504553,-0.41984920705463014,-0.3460765512036168,-0.5320068741516532,-0.11867440203317008,-0.5062538509862291,-0.1579751759213367,-0.6993313784007316,-0.18046757187126672,-0.8201367222514315,-0.19460925954103023,-0.9339308231054654,-0.02110660584430943,-0.5230673133561619,-0.016935488730639613,-0.7376661102666351,-0.011651446012374377,-0.8752741826870205,-0.007359809036277985,-1.0,0.06454648375768879,-0.4852852780468551,0.07943671276049238,-0.6775980692718039,0.08976112210017913,-0.8062270353168391,0.09488378119016377,-0.9280289277799789,0.14305444032835637,-0.41242631340286323,0.1773118345985408,-0.5509247263069249,0.19808757575803226,-0.644621763476757,0.21544789700372557,-0.7397068504996301
0,0.0,0.0,-0.12910463221886315,-0.09244075339337311,-0.22584745359010366,-0.2503316360318602,-0.2872619071859984,-0.39555225689037954,-0.358255462770738,-0.49906379722649347,-0.14464094666791955,-0.49320690221402663,-0.19285216701566055,-0.6866239853600042,-0.2204142456753746,-0.8047359175880024,-0.24004881742168468,-0.9156799159799343,-0.050634904830126316,-0.5182771104166313,-0.05492015982792475,-0.737725543792489,-0.05663657828207585,-0.8765460235714244,-0.06015871079563318,-1.0,0.03394634081367725,-0.49002831492654503,0.04006645236966811,-0.6822363579946747,0.04164126816946064,-0.8106428779188968,0.03843690097920664,-0.9285373622713364,0.11317489403619312,-0.42722735090763003,0.13946254880668005,-0.5676512285524753,0.15495440226399854,-0.6615999194471444,0.1681228886866765,-0.7544329757087932
0,0.0,0.0,-0.13232836006265927,-0.08504036716959555,-0.2330517867675878,-0.2422380289271176,-0.2984220382836255,-0.3868854102344821,-0.3694668931716988,-0.48715645339408353,-0.16166971726120552,-0.48660401108496315,-0.21082842206960958,-0.6844815491086754,-0.2393263741818169,-0.8052240993835975,-0.2594943881406594,-0.9150742489465729,-0.06809487192386099,-0.5127438563826896,-0.07822291950097396,-0.7354068531223955,-0.08252157666813899,-0.8772395058534377,-0.08737451884725671,-1.0,0.018089076623453444,-0.48730755502633133,0.02120453430200536,-0.6886657744299552,0.02221488826494971,-0.819547428498984,0.019435355312724178,-0.9370638667902752,0.10057195653211434,-0.4281894099499688,0.12392674076911836,-0.575884437471657,0.13773153330749863,-0.6725747404875534,0.15008759287913287,-0.7654723925340315
0,0.0,0.0,-0.13612306829218151,-0.08017690970938046,-0.24252038698038297,-0.23779043461804852,-0.3135009889690802,-0.38882815569514584,-0.3884186389210967,-0.4863020817823154,-0.17933856748861413,-0.47876228526306386,-0.232580743393504,-0.6752123713835865,-0.26451479034720066,-0.7942989462844254,-0.2883833837824441,-0.9043987269724866,-0.0863612566199448,-0.5082570032363641,-0.10044909474986623,-0.7297042314812058,-0.1082544095340654,-0.8748918089920776,-0.11564819022020532,-1.0,0.0003986616496138746,-0.4850238668643004,-0.003141261672861132,-0.6816439845799596,-0.006868700065226809,-0.8073576609800545,-0.013151607663141473,-0.9186516974820914,0.08484000219023749,-0.4288146876558023,0.10386394398371539,-0.5739451076530548,0.11488910001412127,-0.6687295565825763,0.12570118820384193,-0.7595198000351591
0,0.0,0.0,-0.14007525300051255,-0.08514009282362243,-0.2483091565020932,-0.24374568075119576,-0.32227339417905027,-0.39052990458776454,-0.3972982584882782,-0.48369479172000884,-0.17413144046683357,-0.47434346243668823,-0.23037735024685785,-0.6717507621374709,-0.26328289687877166,-0.7927828435561624,-0.2875857918501442,-0.9013125818337622,-0.07881485685345867,-0.5010353042653859,-0.08925067874748714,-0.7301148714643234,-0.09483512978065381,-0.8768684641632132,-0.1014388648062792,-1.0,0.00973863464992415,-0.4762053845969539,0.006958905885829481,-0.6811914478991127,0.0026782513754649287,-0.8092002877071889,-0.003651870543040272,-0.9199170986111223,0.09623570566483428,-0.4196206530915603,0.11698557658653555,-0.5733405745593367,0.12797257103769555,-0.6717395338523401,0.1383993727194014,-0.7640778500699771
0,0.0,0.0,-0.1457099604316739,-0.08172447949762643,-0.26097111367254633,-0.23408885289996087,-0.3383377946551102,-0.38050396026537553,-0.4154107836084757,-0.47216657754194263,-0.18709574436435508,-0.46713862721480026,-0.25036558936361897,-0.6637468466248683,-0.28750447212862645,-0.7850742182642877,-0.3153857625732609,-0.8938291871901454,-0.09170152193498039,-0.49835289309533853,-0.10928204122825821,-0.7308260584164888,-0.11930227927899752,-0.8774802196511244,-0.12984448816344837,-1.0,-0.0006676725936515226,-0.4776209534387522,-0.010804433910520812,-0.6853751667751166,-0.01871733629720718,-0.8144932439390737,-0.028955364151416932,-0.9263869987497111,0.09042605940817623,-0.424035984520523,0.10703396224112192,-0.5787269613859822,0.11423380326600793,-0.6773222839017863,0.11908277309353824,-0.7697258060701947
0,0.0,0.0,-0.14201379389727736,-0.08087580279759532,-0.2584387014282813,-0.222169144141673,-0.33289602192915135,-0.3355487470391253,-0.39618154520152515,-0.4179304829600271,-0.1689821744862455,-0.4673074056421571,-0.23739614959385824,-0.6463420755825704,-0.2760541401244447,-0.7586799039273345,-0.301668105280922,-0.8581333028529575,-0.07413161775116961,-0.507473258433758,-0.09973706254943666,-0.7336066198038927,-0.1149671224696596,-0.8788721360694776,-0.12608265318167255,-1.0,0.018727265061873274,-0.49916606994016416,0.007287478453440844,-0.7059140489574156,-0.00210034867958361,-0.840718534668795,-0.013063477512664689,-0.961311424598668,0.11052383604371152,-0.45277488976485136,0.12531164114437573,-0.6111119216168842,0.13234913550315508,-0.7186780278409135,0.1355969995960466,-0.8213184024505193
0,0.0,0.0,-0.15144995642314438,-0.07126729552018705,-0.27531909192946036,-0.2018411080289592,-0.3549347258709401,-0.30824187088979954,-0.4249415978980268,-0.38500881373214957,-0.19313960483487483,-0.4487397849154078,-0.27281164541555625,-0.6217196646905775,-0.31680913563175067,-0.7300818437740997,-0.3475315882048887,-0.8286764419735981,-0.09869089461669917,-0.49920370420218163,-0.138294120655749,-0.7294460614823797,-0.16311662575172656,-0.8768784082825515,-0.18239803555308912,-1.0,-0.007494603680447507,-0.5031180834426374,-0.03432951691258416,-0.7140560865081513,-0.05348066165766881,-0.8543116623414435,-0.0718227918427118,-0.9789503121784154,0.08319059947519232,-0.4706182374117268,0.08529868075077081,-0.6362636958962261,0.0861542853249597,-0.7478274192127792,0.08386514185393275,-0.8527782431801627
0,0.0,0.0,-0.15971797759299355,-0.06440534683810935,-0.28569103099428594,-0.19239058826392758,-0.36895376574461664,-0.29681093010673115,-0.4468239567009757,-0.3652713131004551,-0.20814261311505022,-0.44234726505922894,-0.29727012051713486,-0.6113790797400623,-0.346863633091453,-0.7171559337460384,-0.38180572381518246,-0.8155060091043131,-0.11563585623602467,-0.49486858074761825,-0.16811110274367652,-0.7271747557325905,-0.1986261269465908,-0.877985814327294,-0.22290276771468653,-1.0,-0.024633341080014897,-0.5027642693755872,-0.06254867193140734,-0.7110083453175103,-0.09031961659694784,-0.8525167877912088,-0.11679888574218912,-0.9793083396042997,0.06728391993571492,-0.4828171043252007,0.059191232220990465,-0.650703313606821,0.05406024758352133,-0.7616145896591204,0.04790452000299331,-0.87045140922305
0,0.0,0.0,-0.1564433297270225,-0.068142058649179,-0.2903547162133345,-0.19741206438145248,-0.38117701377897684,-0.30156238689520115,-0.46340481393588073,-0.3697146188625057,-0.21531182198258406,-0.46559315335690155,-0.3089403902250064,-0.6337893066688056,-0.3629775345746086,-0.737241974328023,-0.40453984321351644,-0.8336161646199385,-0.12635378496344452,-0.5172249927123826,-0.1826341459597254,-0.7392538458077126,-0.2162283988175474,-0.8798222017016831,-0.24298774702088075,-1.0,-0.03564456774158207,-0.5202447074290656,-0.07839363306797928,-0.7251982329728979,-0.1059095239865321,-0.8549076477919009,-0.1328054294216273,-0.9720345266765922,0.058608681361894274,-0.4872511694424826,0.04631598717379353,-0.6459446610622118,0.03861850252670007,-0.7503232963115852,0.029011759964471643,-0.850261082558433
0,0.0,0.0,-0.15581611459495096,-0.07196267215404777,-0.29159159387406014,-0.21284036777401036,-0.3850388191676441,-0.32663045304496846,-0.4687574506079696,-0.3951380432643304,-0.21524696415227482,-0.4698813423175331,-0.3023858746873745,-0.6383850922235255,-0.354021888186076,-0.7461917892500028,-0.393734528737545,-0.8446268215486383,-0.12416413179315432,-0.5174995279614817,-0.17392299211615667,-0.7377737023341104,-0.20613102029125577,-0.8803596373464074,-0.23326523444313055,-1.0,-0.03158777756264911,-0.5161789201998883,-0.07013412294443226,-0.7203215782407845,-0.0989726761703755,-0.850701517243807,-0.12819846099441715,-0.9658758154665421,0.06339497302979923,-0.47971874504959605,0.057030453685020695,-0.6420846941110394,0.04848195612762001,-0.748546081360239,0.036300162093226805,-0.8484574341266248
0,0.0,0.0,-0.14630822034347368,-0.08227788809146538,-0.2715470356273835,-0.24066946310187878,-0.3554830200516523,-0.36529185826853694,-0.4384938153409237,-0.4358369708529649,-0.18829432283108768,-0.49163428243846585,-0.26901942248790917,-0.6675612993697848,-0.31769425338600665,-0.7765209892503218,-0.35437918758198533,-0.8770334653296663,-0.09859860005334706,-0.5280252041374601,-0.13893733822325677,-0.7470522172902154,-0.16124137218650722,-0.883019023167514,-0.1813911777022711,-1.0,-0.007513081320279328,-0.5150754628349199,-0.039393873673897434,-0.714623421415602,-0.05756317523659062,-0.8411733312107792,-0.0774978932830777,-0.954830737117278,0.08495932678069283,-0.4652867382030001,0.08249588214816486,-0.6171592847916838,0.0819961726951153,-0.7157818082953558,0.07911574455925961,-0.8107100591848274
0,0.0,0.0,-0.1337387498836465,-0.08570272443201411,-0.24860074379419925,-0.24573856854100684,-0.3269740424409298,-0.3740703175377142,-0.4074708826901216,-0.4512050845389484,-0.16746944545324327,-0.4905376278742929,-0.23812121308580064,-0.6676254676445665,-0.2811177458724052,-0.7788338414303304,-0.3129359035758743,-0.8814347096564473,-0.07942566470999887,-0.5231334850631058,-0.10865221423703701,-0.7403351848609763,-0.12456744234051614,-0.8795588261536599,-0.1385091223546763,-1.0,0.007996438739224943,-0.5055864143496045,-0.008415311299238023,-0.7047160661379757,-0.020132650211751292,-0.8327577151406153,-0.03407433022591145,-0.94787363697615,0.09443466190931614,-0.4499494314474181,0.10392910660294595,-0.5980738132064707,0.10891964640114439,-0.6993910552742976,0.1101798812880922,-0.7974631804508776
0,0.0,0.0,-0.12929586823068057,-0.09164311454755039,-0.2301377128786051,-0.2573143212202678,-0.29944820065639566,-0.3942289648939389,-0.37711418565197247,-0.48610377101978763,-0.14658776706762713,-0.5018315123524163,-0.2032033275506179,-0.6813484449856964,-0.23708989633237976,-0.7926958751239838,-0.2608995569137916,-0.897078914917491,-0.05490898925027669,-0.5274118901820215,-0.0686242690226445,-0.7412021824963715,-0.07495174687790811,-0.8781634995768278,-0.0803768722019891,-1.0,0.03118693106313883,-0.49952464930320195,0.027423379020614806,-0.693576159511035,0.024917376102449804,-0.8181379081888612,0.01963035619229252,-0.9348592425791676,0.11283738889335677,-0.4337074865101887,0.1292082658364066,-0.5738694025420971,0.13881484970684313,-0.6690494039207576,0.14664928022426213,-0.7652780011718615
0,0.0,0.0,-0.11732773737715112,-0.08828767264351114,-0.20853993731596085,-0.2536470364037396,-0.27148997792336726,-0.4013056403972851,-0.3423061681819073,-0.5148185396072955,-0.12926926767464347,-0.5024842105054201,-0.17495725242323115,-0.688735359063516,-0.20190826274493165,-0.8038812392789871,-0.21871647841852204,-0.912546311425681,-0.04143816470900011,-0.5256504070790136,-0.042299939975975503,-0.737656551911352,-0.040188553351531604,-0.877072336269523,-0.037724317769518165,-1.0,0.03854887268231956,-0.49442128924855333,0.045675329828168514,-0.6841088690396876,0.050983696740464705,-0.8078064978301774,0.05205340971942553,-0.9234789219893634,0.11619723115303943,-0.4297529089567805,0.1445405308565421,-0.5672644999954095,0.1624968703885532,-0.6595005078096988,0.17788500548255817,-0.7520288194721012
0,0.0,0.0,-0.09783802255018383,-0.09481924882754054,-0.17280490200096554,-0.2570825280520007,-0.22159018024285387,-0.4007120718480388,-0.29282264790873475,-0.49554409517427345,-0.1092336737914659,-0.509592317842302,-0.14003272400748798,-0.6970338678573919,-0.1558339804858887,-0.814332774626439,-0.16357133466365542,-0.9250898073871733,-0.02815206763245425,-0.533727337906249,-0.01949654636105098,-0.7438021059825639,-0.008697836798327392,-0.8783207708558328,0.004026362307138337,-1.0,0.045050334186208546,-0.5042083989135289,0.058820445372251555,-0.6915956573091689,0.06998588950165084,-0.8127716244318675,0.07971021049712494,-0.9246389740374282,0.11511393522158167,-0.43966045382471153,0.14214929875986232,-0.5782621678430738,0.1614182993629251,-0.6679700203806481,0.17968476795389257,-0.7573058156437575
0,0.0,0.0,-0.11480537998157929,-0.12772418151133877,-0.19652563531955983,-0.3227897806072151,-0.2522115738567691,-0.4760452284638961,-0.32151228055784675,-0.5785262520437215,-0.090924787501057,-0.5207726672712386,-0.12418384051047343,-0.7165284100719461,-0.1424645472216779,-0.8388380268675021,-0.15352558114100046,-0.9506286485082415,0.003882374803222966,-0.5234803293853872,0.020527597899897262,-0.7380785649871819,0.03500618496357631,-0.875084748938075,0.046216083335738456,-1.0,0.08743178944692805,-0.47605105139317383,0.10557527756384842,-0.6646729463161365,0.11923764184529136,-0.7873314325266804,0.12747126384401436,-0.9042457255901539,0.16300252512593982,-0.39513182858713963,0.1980704837740278,-0.530279232244243,0.22160119415620944,-0.6203779233003756,0.24219031256978021,-0.7119422203386312
0,0.0,0.0,-0.1306392769491598,-0.09856686799234322,-0.23245649785654157,-0.27541463158940044,-0.3019788969911273,-0.4229051057086036,-0.38262289870983734,-0.5138305906827545,-0.13927322224233957,-0.5063382843628402,-0.19379970776158212,-0.6933975613456624,-0.22596997835742966,-0.8112717853353252,-0.2497217435337381,-0.9191626794661034,-0.04463115900159969,-0.5273532898943071,-0.05278781841400186,-0.7418655217576239,-0.05636662095782741,-0.8780569439324942,-0.0613347221510902,-1.0,0.043373624917737316,-0.49470501207881923,0.043201465375854814,-0.6887901295837178,0.042267812441316076,-0.8137654537834584,0.03611503238931717,-0.9311159857588472,0.1268652320198474,-0.4252244505982664,0.1505198568959875,-0.5646724772916515,0.1622949924896602,-0.659966871310502,0.16952929994303828,-0.7560309338957852
0,0.0,0.0,-0.13386855895937597,-0.10271633741500001,-0.2385970725973352,-0.2773132099335542,-0.30998009037487084,-0.4144491268436947,-0.38613462979619656,-0.5045388407399699,-0.14811189048545007,-0.5046424529658553,-0.205710909384856,-0.6871935735410103,-0.2413139905980837,-0.7992430501652883,-0.2680220515399367,-0.9041486424565387,-0.056732159716459785,-0.5286137220101844,-0.07419952856437222,-0.7402267321329202,-0.08327095758240521,-0.8774758632640174,-0.09218585175055535,-1.0,0.030431178705186596,-0.5009854326569658,0.02329890608712895,-0.6918802403446357,0.01810311024251513,-0.8132624095737697,0.009421790187029,-0.9263817270907563,0.1133685227844178,-0.4361699562059704,0.12796467180380847,-0.5765180754207684,0.13636105823810982,-0.6717287789209858,0.14335064074336412,-0.7674289608676274
0,0.0,0.0,-0.1464253669072692,-0.09762581361016465,-0.26545045758768765,-0.26321088353541644,-0.34399175179621516,-0.38351880869652255,-0.41927838091745556,-0.4570086616014604,-0.17269048274165696,-0.4909660713171586,-0.24390889271814134,-0.6678719984343854,-0.28779323293590003,-0.7769221308697645,-0.32344799695136045,-0.8760498213771933,-0.08351934732541579,-0.5218310778996526,-0.11340247832130919,-0.741873548787883,-0.13302226018558458,-0.8790401094493911,-0.15257628443914592,-1.0,0.0030941985628483415,-0.5052913555897784,-0.019376276718798463,-0.7070897925785018,-0.03914754795929223,-0.8349017159369966,-0.06104819875765246,-0.9518111172105846,0.086739225963349,-0.45351857080209473,0.08973534918189004,-0.6078431548571533,0.09192510006153835,-0.7094299106908409,0.09128166296284493,-0.8071607569351836
0,0.0,0.0,-0.14617329364094547,-0.08068190660341688,-0.2626219403243277,-0.24633722321682494,-0.3390130805672433,-0.38223798986056245,-0.419680351541495,-0.4616825013995978,-0.16470789653262993,-0.48269968604996055,-0.2325344561142236,-0.659153359387561,-0.2733141624139986,-0.7672295838500991,-0.30382955451566546,-0.869536001068085,-0.07222356586891257,-0.5176702057864224,-0.09894527654021308,-0.7383236897874159,-0.11425814575423031,-0.8783670765309685,-0.12717624698456026,-1.0,0.01818987591408191,-0.5030133075774338,-0.000905724331501844,-0.7037478055769328,-0.011828115380561631,-0.8343928019659336,-0.02398390038674913,-0.9546118604822323,0.10693317129550904,-0.45448282477329777,0.11460392565479437,-0.6103339545227832,0.12250653365020699,-0.710939269404133,0.12834014802622748,-0.8085667075657043
0,0.0,0.0,-0.15017594388427338,-0.08511983548955701,-0.26791321798108114,-0.25277415136565146,-0.34179067270987223,-0.3826890539571309,-0.4134811745003638,-0.4498803607464213,-0.17135692219178766,-0.4801016718011487,-0.24426947814599698,-0.6583596311108638,-0.2862171827672896,-0.7688575227601389,-0.31774518822911907,-0.8685390382366882,-0.07405126373813581,-0.5173958881877586,-0.1020446495074477,-0.7386997188434412,-0.1203799904857897,-0.8810731261512691,-0.13774838407219414,-1.0,0.020559708138876417,-0.5022540182012104,0.02273749621005789,-0.7062311823713673,0.023765039546940724,-0.841320353293767,0.020026205050639664,-0.9628043328904007,0.10951865255320259,-0.45038291893038884,0.131794670748375,-0.6144926954930849,0.14757053389556019,-0.7211616134824037,0.1572089550887008,-0.8231899818729711
0,0.0,0.0,-0.15195201731026606,-0.09096111274549465,-0.26572979053260865,-0.2516980202975169,-0.33994742543158446,-0.3762995075550318,-0.41179213898109407,-0.4545312199118654,-0.15811493959093112,-0.47818247004080483,-0.2292156754560639,-0.6500836225247176,-0.27033922460144366,-0.7593924047761993,-0.30024967904172445,-0.8615050048119207,-0.06135945865728111,-0.5149447594115958,-0.08669744347765025,-0.7346786720799775,-0.10334322177775229,-0.8776420040008837,-0.11717773924558067,-1.0,0.032639063200920644,-0.5000049067852553,0.03294960818774538,-0.7051225965748023,0.0324270900778914,-0.8397448297203765,0.027575915055478295,-0.9639959725106625,0.12247052494097137,-0.44818369346592846,0.14640756805111432,-0.610913628148984,0.163202294543633,-0.7172800838820391,0.17282199251682537,-0.8220747327383111
0,0.0,0.0,-0.16157200458625134,-0.08469777170361492,-0.2773999111151348,-0.24225257321910526,-0.3545776890860696,-0.3635554668538133,-0.4248335327805554,-0.4401868862426119,-0.17003322514906616,-0.466493261784441,-0.24575942770518897,-0.6418284228603204,-0.2885300481980834,-0.7593324310891127,-0.3169621424300382,-0.8655174472953049,-0.07184773392698279,-0.5023238865601546,-0.0998962483113964,-0.7231282731422651,-0.11729934952850045,-0.8723586695084838,-0.1293476851046508,-1.0,0.02495549265909674,-0.4926743360811934,0.016386919407932427,-0.6966874527509889,0.008836108342003766,-0.8322725999703566,-9.279065175950605e-05,-0.9563572376877698,0.11987852326499825,-0.44980697399637937,0.14726576315061965,-0.6140557969830847,0.16762010378329611,-0.7245451931676731,0.18235914249246302,-0.830754987412869
0,0.0,0.0,-0.15245482069482114,-0.10158430292200138,-0.2589785077305604,-0.2751812924970291,-0.3340005465795465,-0.41189076025782034,-0.40565042027354187,-0.4899252623541594,-0.1595480178713811,-0.4797030984194518,-0.226585811513733,-0.6643261905202509,-0.26458269134374085,-0.78594008597766,-0.2885418636216983,-0.8932637423319959,-0.06423999294113167,-0.5059949155765248,-0.08440625718257286,-0.7263788997766748,-0.09728772639268496,-0.8764659958059808,-0.10662967733837753,-1.0,0.029509717074013255,-0.48804243259545094,0.027645017235492914,-0.6845236725532586,0.02129997428018719,-0.8185183725017385,0.014389578192387955,-0.9361246437376816,0.12335576240471399,-0.43772954396545877,0.1627618412382199,-0.5919218332245806,0.18654851108030454,-0.6985035574604488,0.2059413035788087,-0.8006769218721127
0,0.0,0.0,-0.1345932169121925,-0.10279140194093417,-0.23454372629104703,-0.27712166038306685,-0.295780097279434,-0.4140562273092229,-0.36018772254415976,-0.5032974353603761,-0.12879906880541786,-0.5035311612732435,-0.18382274866764411,-0.6816783975075054,-0.21701437373455282,-0.7930204769717704,-0.24100841595103448,-0.894551431700761,-0.032489265517000626,-0.5265293001931625,-0.04404338011124299,-0.7429753135981755,-0.0506338872210198,-0.8831381344690358,-0.05696021404966371,-1.0,0.057707118794945195,-0.4995918205566804,0.06261472660522703,-0.6991020234064093,0.06265109003002164,-0.8295267191172706,0.05981510653028928,-0.94748848733971,0.1430837129674882,-0.43572164671041913,0.17900459488235704,-0.5873867642951895,0.20363808792385207,-0.6896834418417929,0.22290252129442156,-0.7893897708231515
0,0.0,0.0,-0.1261351797642299,-0.10534433252070796,-0.21908401349921455,-0.27734802895618815,-0.2699739489863936,-0.4129929066195561,-0.32715216565438093,-0.5039134787047094,-0.10677201080496525,-0.49826270737096273,-0.15951977802741796,-0.6772238044851326,-0.19090568495928328,-0.7891859160214608,-0.21229216290419567,-0.8919392768411092,-0.014331407815187549,-0.5174864005668178,-0.01997686231826636,-0.7399284660491957,-0.022725590940237076,-0.8803177046673907,-0.024273007164465742,-1.0,0.06842178403121227,-0.48575082097692174,0.07772827703222378,-0.6867412227137337,0.07982864364590665,-0.8166199611011928,0.07981087232148268,-0.936942533946143,0.14543993641944522,-0.41638941458344014,0.18434325924924602,-0.5592528002945961,0.21123272976865815,-0.6571689377059725,0.23334550134945534,-0.7550097654884376
0,0.0,0.0,-0.12056164517431754,-0.11124892165022288,-0.2105316790863935,-0.3006451163124831,-0.2666707208577792,-0.44905672600920427,-0.33101497975678,-0.543610461264909,-0.09822373697394217,-0.5125165959888299,-0.14624042599687045,-0.6954341658601086,-0.17585273095997425,-0.810774738800862,-0.19576579458413484,-0.9182221029705647,-0.005436725068248404,-0.5280629122802476,-0.006373298001605652,-0.7416179769956156,-0.0047964094111198384,-0.8789613025403822,-0.003234997969137881,-1.0,0.07835943321586451,-0.4909856909653104,0.08742630292080501,-0.6876847713008194,0.09214327210066611,-0.8170059346646558,0.09519542057199296,-0.9385348331375063,0.1547368326618237,-0.41604027017074785,0.1911752449447079,-0.5528616870927361,0.2165196919663943,-0.6494760745541092,0.2392546643571474,-0.7470132698742852
0,0.0,0.0,-0.11314068179964785,-0.1139491665966226,-0.19593533298239327,-0.3115285062864731,-0.24667260440065322,-0.4648686193429143,-0.3099036508677505,-0.5719388433009637,-0.08164782695145843,-0.5234366399326776,-0.12441928880249808,-0.7102135262297865,-0.149961475242547,-0.8252397963529563,-0.1659526761641621,-0.9327820432509951,0.012470743433627047,-0.5300731247524336,0.019230647669673064,-0.7435537919958503,0.027350168234057788,-0.880279723973602,0.03519681422692913,-1.0,0.09631183104657975,-0.48451346057090744,0.10900325240203161,-0.678056634866974,0.1165636304384575,-0.8055901985957349,0.12247361800451458,-0.9235774081634683,0.17227948589679695,-0.4020281089598178,0.21206472359527018,-0.5362144298451681,0.2409179550654439,-0.6271918133623048,0.2681473324914694,-0.7170010934384493
0,0.0,0.0,-0.12799711475156747,-0.11033314740333712,-0.20309651722167804,-0.3134420613781138,-0.24487089133102086,-0.47991115745480345,-0.3053528604772916,-0.5934145508103611,-0.08654198898490977,-0.5140332842596573,-0.1197444556320526,-0.7079840649324035,-0.13764920115386933,-0.8339474731678989,-0.146991879935018,-0.9456193421043131,0.015333122162525395,-0.5172147767507714,0.035697664662588814,-0.7347234779614805,0.05479607692607043,-0.8762216792501166,0.07255282822017324,-1.0,0.10321102104578882,-0.4687406605002831,0.12707962722068822,-0.6638068933487522,0.14306990509902098,-0.7933105331057528,0.15793233404853227,-0.914478570518898,0.18145613156507923,-0.38426190019604123,0.23720215762292643,-0.5145664724444781,0.27726309597150894,-0.6039985663218942,0.31564152654128863,-0.6939111941338564
0,0.0,0.0,-0.12883011057127416,-0.11560607521330629,-0.2115940212328484,-0.30618306356712643,-0.26279737165061884,-0.46395852048685376,-0.32481462577569487,-0.5605256800984036,-0.10609038683686321,-0.5104532847882577,-0.14672567668675515,-0.6985662834439788,-0.16852751651087763,-0.8175325130426877,-0.1802025100916756,-0.9254610373443267,-0.00784973055323587,-0.5203769654433862,0.0010960719594624597,-0.7365662345053496,0.012050147144913351,-0.8770013168068989,0.023019300028104574,-1.0,0.07869318782588351,-0.47974039782249933,0.09597427386989621,-0.673793051059665,0.10382860439871387,-0.8027294082891687,0.10974340633430693,-0.9223578427060072,0.15908938883382762,-0.4049550170304513,0.20837237722329757,-0.5452864721043106,0.24178353319907794,-0.6428302320872957,0.2724435204456456,-0.7408268341108889
0,0.0,0.0,-0.13020689340475688,-0.11275440069661533,-0.22548502378070498,-0.2859832417311119,-0.28951868408369913,-0.42833664673676664,-0.3529562547593881,-0.5263263870405689,-0.12975621830954506,-0.49785194010543105,-0.18174012677590762,-0.6824073087158076,-0.21258395094994653,-0.7974495830430712,-0.23324614646335845,-0.9026231173508331,-0.03473922934283833,-0.5173778268815256,-0.03797051067508284,-0.7354928903220512,-0.03823453838411056,-0.8777035609311286,-0.037881722595940776,-1.0,0.054135438792817486,-0.48767766463711687,0.053737404307994854,-0.6827819779166454,0.05229906491446279,-0.8134321245028778,0.050615664924784746,-0.9322783014235712,0.14033876775478107,-0.42489452807727146,0.1725619683410023,-0.5718871789395226,0.1946890297174113,-0.6714697443968503,0.21537129188648074,-0.7693198427681319
0,0.0,0.0,-0.13581011299193818,-0.11095718108865268,-0.23230206737657327,-0.2787687624577273,-0.29776275085739606,-0.4190880330128069,-0.360330582277595,-0.5176023883631802,-0.14231702829790951,-0.486971138402656,-0.19715296224482226,-0.6707653339434544,-0.22782376561354395,-0.785934849462179,-0.24712610492842715,-0.8932615039758941,-0.04572581073528509,-0.5098994138882095,-0.05331385253198589,-0.7308358473850037,-0.05562037536184379,-0.8762107061826153,-0.05749215584470807,-1.0,0.04340672469374842,-0.4835429002443372,0.0415646265241911,-0.6814549013661906,0.038215081010453594,-0.814883146772516,0.03396374540126915,-0.9353157506123789,0.13054847427214739,-0.42729139606722466,0.16310997196988708,-0.5809476893061148,0.18436430304219897,-0.6823031942690494,0.20384280343512723,-0.782402170978201
0,0.0,0.0,-0.13814144475498977,-0.09202770488046792,-0.2468560379880008,-0.25540588051308555,-0.3111606645558505,-0.38734640968901424,-0.37431126677404736,-0.469935253808083,-0.15525571484244982,-0.4831646854766815,-0.22043263368641836,-0.6573929914881589,-0.25792715175296427,-0.7656652834297585,-0.28359012700021574,-0.8657964149576917,-0.06499346851254363,-0.5151210374109552,-0.08545453633129443,-0.7350648047327777,-0.09631691011301731,-0.8792833929613815,-0.1025582356119109,-1.0,0.022530269806463915,-0.49885015714039604,0.008868371711049003,-0.6960537773072207,-0.002161930711037294,-0.8266096980462406,-0.011095466763008197,-0.9426963251392855,0.1114363752837141,-0.4507517817329098,0.12967048185818728,-0.6090276697559515,0.14433232475793353,-0.7140826898020148,0.157612469537845,-0.815230324834873
0,0.0,0.0,-0.13529762690143182,-0.09564581296980143,-0.23817809522638375,-0.26032874343063184,-0.2954274571921308,-0.3828977240813852,-0.35666332430552394,-0.46158045047760754,-0.13563443321055113,-0.48871645688005155,-0.19744088357981168,-0.6559758525762824,-0.2359293963044365,-0.7592136001417152,-0.26328721495348223,-0.8579941977851346,-0.051742342841170935,-0.5218988909720023,-0.07606724294423353,-0.738466743617414,-0.09577636114250922,-0.8785362252899861,-0.11437867810669256,-1.0,0.02770924848056617,-0.508750017863962,0.01592155942584063,-0.7093381493467108,0.0013400464163895122,-0.8419326846028601,-0.01726173878334288,-0.9652530484228032,0.10683227584217364,-0.46067651738155196,0.11339664210690394,-0.6261897315619817,0.1163057924769289,-0.7334339254419711,0.11267477186474173,-0.8371017375071081
0,0.0,0.0,-0.13442854850720842,-0.10063009702174702,-0.2270579554058871,-0.26104061165211173,-0.2766446688807436,-0.3768559953151992,-0.33074894642207026,-0.45526389877181445,-0.12135808726771807,-0.49306883773990395,-0.17997158061259147,-0.6578674165533429,-0.21708632864029737,-0.7592373529246477,-0.2443840624466356,-0.8565353392150352,-0.039878769647942215,-0.5242435591454745,-0.06349553035360526,-0.7386013632509738,-0.08459097991231473,-0.8779217562790476,-0.10455785291908212,-1.0,0.035775360868936075,-0.5106023617846659,0.02528641329032598,-0.7113584700661155,0.010575484450376161,-0.844247612464676,-0.007591625239825911,-0.9679922169755615,0.10910310878451736,-0.4616493696993621,0.11677495879487462,-0.6295435930000562,0.11997152902982869,-0.7385874494794349,0.11694450319147984,-0.8441004658466456
0,0.0,0.0,-0.13235037429933957,-0.10222006355267278,-0.2257483968235348,-0.2763859224140642,-0.2801579633211001,-0.4089785234188258,-0.34437554513316987,-0.4965517485846969,-0.1173401302103112,-0.49152216377636815,-0.17047672644458525,-0.6708225723517712,-0.20155408452976806,-0.7817561672461837,-0.22116742375093895,-0.8855539865887804,-0.02667638111726641,-0.5126446607096402,-0.036449736350344625,-0.7317454771055393,-0.043356020150898705,-0.8759939418378889,-0.04795977172397735,-1.0,0.05369719679370615,-0.4860463304196765,0.05628186733551871,-0.6819487867100644,0.05327077276161354,-0.815065457336164,0.0488471485814016,-0.9388354265156056,0.1286992498127338,-0.42581682422671424,0.15221112610932774,-0.5782796954350375,0.1673867276701605,-0.6815073958246286,0.17876127363458152,-0.7835451329072988
0,0.0,0.0,-0.14247540979098666,-0.11483373251462213,-0.2259032450551475,-0.31554304695856855,-0.26113454563453325,-0.465305600545563,-0.3171318893144989,-0.5476308980066601,-0.09267999593027572,-0.5121023425662912,-0.13184902972823592,-0.689502861181155,-0.15879624155463468,-0.7997080385303895,-0.17940533903828015,-0.9008902521854144,0.002195588748862265,-0.5245802409386764,0.002152279183085346,-0.7424379435793225,-0.0016520880710331875,-0.8813437514608385,-0.006600721551114912,-1.0,0.08340913653100003,-0.4907415147623749,0.09422683488193676,-0.6882731444944605,0.09608667137801415,-0.8201751768817662,0.09511076249584091,-0.9416050937548981,0.1555280192266974,-0.4238356601340259,0.18317904586964234,-0.5711554854658597,0.19993627306749967,-0.6704773814074096,0.2126048022746459,-0.7680666197365128
0,0.0,0.0,-0.12498196385495908,-0.1282800691671848,-0.2052789489390166,-0.3224395241825804,-0.2577931303001174,-0.4664650300871865,-0.31582559738204763,-0.5627615409435649,-0.07292139743580243,-0.5208809048587455,-0.10638253872129626,-0.7077811735653097,-0.13105510943275228,-0.8203006495706691,-0.1506467077888528,-0.9261752796697112,0.015715595421816764,-0.525202843479942,0.02262436519842454,-0.7416183962616848,0.024624002791476567,-0.8804854636417587,0.02222241682322692,-1.0,0.09284535933861406,-0.48346420625131775,0.10928583601826584,-0.6780974847745297,0.11820225945238828,-0.8069097128430152,0.12163865871706593,-0.9272779937474697,0.15998198743161926,-0.4088287182582372,0.19289500504877338,-0.5430544169525617,0.21381491243965217,-0.6391889898344177,0.23244923103038762,-0.7356595638048419
0,0.0,0.0,-0.136434627965714,-0.10595744908915182,-0.2310987717247264,-0.29173526949867584,-0.29184582650397034,-0.4292989668932272,-0.358497133831969,-0.5236603672306562,-0.0869225767024439,-0.5214071756100115,-0.1373513441162029,-0.7022344608315564,-0.1686450232375846,-0.8125386073445307,-0.1935596868343991,-0.9169588399498735,0.002260543764564288,-0.5337337663631583,-0.0011717049924080524,-0.743320164979361,-0.011318075871101937,-0.8824060997233807,-0.0256607687813952,-1.0,0.07903001584902351,-0.49464592143595204,0.10048927487110043,-0.6836579980538119,0.10370202434068103,-0.8179662760593993,0.10079078148342628,-0.9435121727454239,0.14350055360956598,-0.4211488061561219,0.17968450782343695,-0.562407127649297,0.2001794678944243,-0.6643233712012263,0.2157710289524679,-0.7670767971972253
0,0.0,0.0,-0.14684656549294614,-0.0874080259714245,-0.2584450305463722,-0.2585087025712088,-0.3352036814544944,-0.39077296570345826,-0.41390489258937924,-0.47781656793981137,-0.11739592969537867,-0.5112093050184402,-0.18064598650012206,-0.6900265520795608,-0.2205843697293615,-0.7992891553722777,-0.2545387976045232,-0.9018447137921354,-0.02601428338192551,-0.5348320488347527,-0.04227903447854232,-0.747491540565771,-0.058820061590005975,-0.8842009421487533,-0.07804429403572029,-1.0,0.05628487258340366,-0.5036276854416029,0.06667475245035166,-0.6959786185959783,0.0678605030456217,-0.8286821060057511,0.06315215402319155,-0.9525295472707733,0.12928344038544679,-0.43637636308493216,0.16278556093152172,-0.5849933489498835,0.18376838089506808,-0.6871963869224986,0.19906333098507525,-0.7896515773828515
0,0.0,0.0,-0.1420812174559989,-0.10366601066846479,-0.24243139170642874,-0.28604570730632156,-0.30878529039463565,-0.42496820920621897,-0.3829866474310222,-0.5134015002292655,-0.09037271819926025,-0.5172073932942987,-0.138158404835395,-0.7025844557755865,-0.16765008318312746,-0.8146265674335079,-0.19298558168803814,-0.9198206996326816,0.004532275314807991,-0.5305393443560777,0.0038540620343726797,-0.7447970979266798,-0.0040774106917543145,-0.8836430812226831,-0.017531653583001777,-1.0,0.0864197046875558,-0.4907859694790956,0.11265974166041595,-0.6821589252199801,0.12029708239064446,-0.8147840331373469,0.1196185787170255,-0.9371412010720155,0.15517475571399408,-0.41655406670970296,0.1972114195957901,-0.5580735548510617,0.22297125514032234,-0.6576411013219569,0.24217372220465344,-0.7560647890424198
0,0.0,0.0,-0.13960893083549666,-0.11239849671219831,-0.23776314840294016,-0.3017905784346074,-0.29795542709853073,-0.44344830173976363,-0.36557795345888977,-0.5341562795136122,-0.07782012191955945,-0.5082586537839799,-0.12019763640489745,-0.7042070237152886,-0.1468623997082371,-0.8240537678909345,-0.16814934239120125,-0.9334941015352028,0.01634630948050781,-0.5124361301374367,0.022301127493543266,-0.7325058918187176,0.020742898767886087,-0.8773236182419929,0.016057205021722296,-1.0,0.09685390518786044,-0.46850270613127143,0.1298356978376565,-0.6556487591284941,0.1422535512564344,-0.7859247943488386,0.1472721028181731,-0.9068783530682665,0.16669658556280456,-0.39517879546178,0.21689483949925667,-0.5349595551446679,0.2482556118180032,-0.6304819944552312,0.2727245381424734,-0.724525265694336
0,0.0,0.0,-0.1228545464088294,-0.12584705857637513,-0.2076509192020328,-0.31146053605078944,-0.2654791142951615,-0.44876242451379217,-0.32011522014249605,-0.5576754182677264,-0.04941815498981869,-0.5135956121192271,-0.08585225583112084,-0.7111057138671368,-0.10757960255006604,-0.8332223069557171,-0.12268828417723665,-0.9434635612191334,0.04622429773447256,-0.5122798663440246,0.06176385368951353,-0.7330386696969194,0.07016786176023447,-0.8784039990573389,0.07363101113714283,-1.0,0.12672516998718505,-0.46369856920880326,0.16818943133810105,-0.6495712854171314,0.1904089433827181,-0.7800004007488318,0.2042243086891984,-0.9015700895493372,0.19399009873050674,-0.3841554034635931,0.25388908367808943,-0.5196300713880657,0.2931202449643101,-0.6115434106318665,0.32482876827489204,-0.7030704224551357
0,0.0,0.0,-0.12630790969389713,-0.1258768602294653,-0.21177641592538926,-0.31168993321638616,-0.2647978030436996,-0.4536990127493349,-0.31636628490243757,-0.563845012242889,-0.05741645475881479,-0.5131785951025822,-0.08861322572142945,-0.7166117627184305,-0.1063264321366898,-0.8387022186930131,-0.11704349953775384,-0.9479484564613291,0.0410873118219833,-0.5093132513271706,0.06510335000830318,-0.7311441457966176,0.07897069951363264,-0.8783850944044741,0.08795577431077703,-1.0,0.12390500202681116,-0.4588755036956132,0.16825980059125983,-0.6442152230046769,0.1914751057596478,-0.7708746048905158,0.20539595556838774,-0.8856168827683282,0.19492350147510257,-0.3772441029999179,0.25728657302885305,-0.5083357901546616,0.2963656039250657,-0.6008174775499795,0.32739145736208286,-0.6908852029108842
0,0.0,0.0,-0.1368279443408877,-0.11437290489115419,-0.22274847095010364,-0.30402665763562026,-0.26493911429726624,-0.46741669762426213,-0.3186489922960724,-0.5880559851928773,-0.05288681173605636,-0.5247594198172745,-0.07771660423171638,-0.7190173512079481,-0.09375500952253814,-0.840720777625619,-0.10454719660963721,-0.9525057597541046,0.046523042572666456,-0.5189684801525795,0.07701308261601986,-0.7353055829265077,0.09437502769770141,-0.8766042098317676,0.10721978543240421,-1.0,0.12650990086821692,-0.46808923884801634,0.17057783286618824,-0.6544726795344489,0.19658166595450519,-0.7829583497695825,0.21597785332829258,-0.9027382563113829,0.19437672375447881,-0.38204609006936874,0.2551242115387667,-0.5095155624151629,0.29425880677481675,-0.5991806130862269,0.32785317783593004,-0.6892114785840004
0,0.0,0.0,-0.12390142844187256,-0.12658049989655554,-0.20598671663521928,-0.3077783427488501,-0.26083078261582676,-0.4599306621554461,-0.3230178697812467,-0.5693420517852752,-0.05070835752491382,-0.5243062442392651,-0.07432895661062233,-0.721601355075771,-0.09226625390387665,-0.8482666674146189,-0.10296517654544632,-0.9644678606922913,0.04635180281200661,-0.5199603745584578,0.07803192126627247,-0.7356848951978661,0.09651362094501362,-0.8762053550976752,0.1107317924715668,-1.0,0.12653542241738433,-0.4655185332549586,0.17399279214447125,-0.6549661558286383,0.20081369190698306,-0.7853471880802055,0.220503000557358,-0.9071675729577331,0.19289007279044554,-0.3777881422589146,0.2585542697455052,-0.5054589161183576,0.3011500166486156,-0.5966123907104866,0.3388424023211095,-0.6876652924379757
0,0.0,0.0,-0.11627593028291142,-0.13074748651691762,-0.19332225702886632,-0.31459866321056335,-0.2468019700820722,-0.4673435872159101,-0.3056470698888619,-0.5835437176366502,-0.04041336456075997,-0.5311357193886457,-0.06676803740729813,-0.7274888464735966,-0.08215699685972945,-0.8517645063639805,-0.08734174711803434,-0.9661140883171577,0.05827507955182306,-0.5254959715283547,0.08822806313295117,-0.7389363453790956,0.1078918437827015,-0.8762138643503922,0.12474825152669587,-1.0,0.13826880390529356,-0.46795699726981593,0.18580722322417823,-0.6572610017447859,0.21391812463997545,-0.7845095242923676,0.23540983285601247,-0.90687457788373,0.2027935357930455,-0.37649381453943215,0.26559722718019024,-0.5017223302888378,0.30683367506107145,-0.5924546330218462,0.34402587619448444,-0.6848331023950971
0,0.0,0.0,-0.12197203601965113,-0.13854470539179767,-0.18194763624091484,-0.3451833496604405,-0.21303605790294836,-0.5152270733911379,-0.26844619474409126,-0.6334281851898172,-0.04183989632399998,-0.5423485641595627,-0.05783051404750659,-0.7484839663828888,-0.061493193753070656,-0.8691123054481174,-0.0565937051609303,-0.9814286051459823,0.056141465543925975,-0.5330153910679013,0.09022953534346202,-0.7491958300631644,0.11826825595297359,-0.8848015205234585,0.14268349819144846,-1.0,0.13639351520401377,-0.4735253990736548,0.17962254947574657,-0.6613364155439124,0.2069485925364457,-0.7858535541232072,0.22941516220806873,-0.8974008836984574,0.20552676420248073,-0.38115742414948706,0.26533701346599753,-0.5067723357403043,0.3023678962502092,-0.593103033857745,0.3371545365439181,-0.6771131214869703
0,0.0,0.0,-0.11540266627099455,-0.12974080788075645,-0.18561135105901427,-0.32913133303872966,-0.2310930146667484,-0.49960930066027787,-0.29061835058485286,-0.6241186080942904,-0.04283527029889373,-0.5340006537191566,-0.06508940792182895,-0.7352132328670208,-0.07780024041382143,-0.8578811327834781,-0.07991138772319725,-0.9694710197051167,0.05373399436382267,-0.5263605798746966,0.08432654562110309,-0.7435579632777565,0.10591191134364016,-0.8814425743202342,0.12413016645108987,-1.0,0.1342649637712714,-0.47012809884921775,0.17478600911981232,-0.6646243319000971,0.20215256923455724,-0.791089286424683,0.2235403676955217,-0.9071644205822617,0.20346188914084315,-0.38218136835891764,0.2626711846401803,-0.5101110086090942,0.3014349565567064,-0.5983223717103034,0.33690029600145366,-0.6855395817272594
0,0.0,0.0,-0.1305120832861507,-0.12205810982022912,-0.21609123293301694,-0.32417342501388885,-0.26824346967959795,-0.48520771941552865,-0.3334592503327181,-0.5866628412931594,-0.08561496037195591,-0.5209377139191038,-0.11892442800102482,-0.7161948232780699,-0.13784417279363256,-0.8371896674723848,-0.14909256491815182,-0.9453634376599422,0.014135570991407408,-0.5217786053725196,0.03195053753115229,-0.7386676178180678,0.04082116704510722,-0.87879463741693,0.04573801436761058,-1.0,0.10064065387185386,-0.4744656839902382,0.1314131228506394,-0.6635493720206911,0.14823776638703126,-0.7903835200016632,0.16043580331261723,-0.9063176481546195,0.17638235396273313,-0.39481442621500834,0.22620126121201642,-0.5282532540041172,0.26076911076719683,-0.6171069641673365,0.29133492057129023,-0.7047310800552932
0,0.0,0.0,-0.13309750882536941,-0.11886934193554909,-0.2254563399165168,-0.30045387614123337,-0.28289461286960693,-0.43990254640651605,-0.33528642425524496,-0.5467823816783202,-0.08458737991126077,-0.509284335551393,-0.1268970979434606,-0.7016330227472339,-0.1500949952330912,-0.8191336969011302,-0.16524831425426667,-0.9242343073759115,0.01415091444869734,-0.5139269184687122,0.020077331859520407,-0.7309846906599272,0.02329226078546961,-0.8756417638248478,0.02376942095685451,-1.0,0.09987462722989712,-0.4741382291646737,0.12994791958093077,-0.6599592294827082,0.1468993433181512,-0.7880551120358942,0.15651517848021346,-0.9073961270535522,0.17604546197862272,-0.4025390783639377,0.22694659004475948,-0.5439635339598482,0.2607347862327486,-0.6391397687986055,0.28659413841688086,-0.7329943371072715
0,0.0,0.0,-0.1397788750820138,-0.09313338148153948,-0.25317325641082583,-0.25296993821002955,-0.3322171982840626,-0.3773634248364167,-0.40468966393377664,-0.46933263904943695,-0.1333378841131968,-0.48861443660884757,-0.20133888446603573,-0.6811578985180866,-0.2401584694806247,-0.8006799697492537,-0.2698780981165195,-0.905928966829352,-0.03898599209235477,-0.505174908746459,-0.054041090813063686,-0.731567507936659,-0.0663809363669637,-0.8784621106810385,-0.08086189996696762,-1.0,0.04723675384480346,-0.4738914697678287,0.059496500214899835,-0.6641770080068823,0.06175544729884777,-0.7989071100886526,0.0586810441290215,-0.9221590127768774,0.12474260717453302,-0.4091405586140276,0.16326001221887804,-0.5495849937795206,0.19032391625514347,-0.6451528719190512,0.2123357041395415,-0.73682092957559
0,0.0,0.0,-0.13528994721094875,-0.08929547986019402,-0.24886996346300286,-0.24518816861116094,-0.3287427273706826,-0.3674049980044842,-0.40601925956564916,-0.45762311457368354,-0.13098222693983766,-0.48522427244850647,-0.20095481610590865,-0.6783459358734508,-0.24210486995280842,-0.7990346878550936,-0.27497586386681816,-0.9070402926764982,-0.0373878422128872,-0.502627529569181,-0.057759290373901886,-0.729279756730355,-0.0721616316438262,-0.8765956595358925,-0.0884558601605431,-1.0,0.048136991129990876,-0.46762758379343083,0.06060901252694327,-0.6574810153291003,0.06351061238330925,-0.7946757240824099,0.0603470872033117,-0.9232875902635571,0.12502748471843314,-0.3986091194533587,0.1656788023074543,-0.5389397656104481,0.19091870021872984,-0.6374295219520375,0.2101770608845732,-0.735030793348974
0,0.0,0.0,-0.13965052888986626,-0.09319874820705806,-0.24857229278687265,-0.2493042557865373,-0.32713835265669056,-0.37599724133827356,-0.4116962095464536,-0.46745730858065315,-0.1284427785893773,-0.4840071282155785,-0.19464758329439627,-0.6801977662224168,-0.23413771000847086,-0.804533618232546,-0.26486671397064177,-0.9175045378778605,-0.03387670772697111,-0.49646931804312094,-0.04834850997556479,-0.7239970771663569,-0.06146290679521782,-0.8717314599095226,-0.07773151929339642,-1.0,0.05107132630536538,-0.45548351228251477,0.0700839636596979,-0.6556710912432026,0.07289059847533995,-0.79903726433668,0.06797900248354831,-0.933988999406221,0.12683499306481189,-0.37928223297225666,0.17613334630936692,-0.5208290729585853,0.20366637470591092,-0.6232394906823178,0.2213507011449199,-0.7247657816975914
0,0.0,0.0,-0.12858592034896443,-0.10511628444911397,-0.22361432758087013,-0.2815536976881289,-0.28667025605923047,-0.4277548714742816,-0.3600713049369569,-0.5235660260037186,-0.09617516641521642,-0.503688603049604,-0.13984971422327747,-0.6987129014516952,-0.16675396661864916,-0.8217154394910895,-0.1841105159564123,-0.9326626099834825,-0.002014726654770336,-0.5114477172711162,0.006052275880834196,-0.7336042320338373,0.011840430094043506,-0.8778206279692002,0.015784602358103084,-1.0,0.0817196335410778,-0.4688367172336801,0.11051735645803043,-0.6637666647289222,0.12709121936981507,-0.7959100403669702,0.13812516226073296,-0.9188874993266084,0.15748815972208483,-0.3913037682230407,0.21196320801605303,-0.5217525407025246,0.2466427055944305,-0.6137292743776112,0.275459298692753,-0.7058122897838969
0,0.0,0.0,-0.12151683630007734,-0.10741175608304938,-0.21323647350875133,-0.28286716194636335,-0.2684952737815078,-0.4261641496221481,-0.3206474172959408,-0.5262436233993945,-0.08198214686171681,-0.5102612649658482,-0.12116317517953769,-0.7031841560317873,-0.14477624092095356,-0.8229154410632178,-0.15892662225324497,-0.9331381157272913,0.014548593756531562,-0.5179237142965508,0.026882868998984694,-0.7356036960961249,0.03577550916735238,-0.8789719783546898,0.042302493854513186,-1.0,0.09724943500136622,-0.4738512902476196,0.13393521540617823,-0.6617745627801913,0.15359689917927502,-0.7912178445654376,0.16692554952283553,-0.9097892335932326,0.16758725822716677,-0.395695306823204,0.22411267768268986,-0.5248559721335032,0.2611987324935402,-0.6167018276219458,0.2944242575037861,-0.7072098943134354
0,0.0,0.0,-0.11895914683222947,-0.10193219190035092,-0.20164143039726592,-0.27612405202909374,-0.2568815157933078,-0.42718568449147937,-0.33009301053602774,-0.5314060581318947,-0.06837781550064724,-0.508194088625965,-0.10146580339577776,-0.7053257993228402,-0.12024967708729645,-0.8323890656783886,-0.12803083967446932,-0.9506421423061732,0.029554805986687405,-0.5149032889648929,0.05287647233360154,-0.7335601148419767,0.07576100266687175,-0.8748784267066749,0.09861085464395973,-1.0,0.11218896448600159,-0.4665393672179012,0.1503384589870346,-0.6604724123945399,0.1777101798845364,-0.7900841840687042,0.2010908230276788,-0.9132251396142953,0.18427524093348238,-0.3822775670962792,0.24624947385325666,-0.5125727618851367,0.288909867590605,-0.6024526916154636,0.32673876422734116,-0.6945587594962226
0,0.0,0.0,-0.10993557416001698,-0.10777060715418889,-0.1841792633319939,-0.27648645438802577,-0.23234688892991726,-0.4240129746207571,-0.29671387226636275,-0.5352723562125701,-0.06378238735871339,-0.5099477658939513,-0.08993704324060024,-0.705445839681735,-0.10238732601525671,-0.829387193704581,-0.10439429095199342,-0.9439960323146346,0.031191103210618392,-0.5186008607317446,0.06301666705787652,-0.7346339484436796,0.08945684774311036,-0.8752170192868793,0.11508728242163337,-1.0,0.11140745744074718,-0.47247675191654875,0.15234844442700543,-0.6624922823638277,0.18267573292582112,-0.7885922973232254,0.20883716199322705,-0.9090414903156877,0.18251282613618144,-0.3910272108057066,0.24703010412371387,-0.5183917094340782,0.29273988083163976,-0.6035764288005657,0.33447496543047855,-0.691360650057648
0,0.0,0.0,-0.13508879176644661,-0.11003412325372726,-0.2324691845874409,-0.2671226585139276,-0.3042534232194604,-0.3875711581999798,-0.3823098090365467,-0.4877107263187293,-0.13194659024959346,-0.49354810036822017,-0.19747316588130198,-0.6758148529991423,-0.2339608080243869,-0.7839500005942229,-0.2591213225026294,-0.8890713235920382,-0.038909595908576816,-0.5121483933201416,-0.06788167931371208,-0.7350674244990205,-0.07898683994208307,-0.8756252958735177,-0.08827107857410257,-1.0,0.0478943709258588,-0.4850238481483022,0.036466349153529386,-0.6874102475730943,0.03270343223184203,-0.8199021611889213,0.027457433828321064,-0.9461959578973222,0.13223986404178575,-0.4272442068212835,0.13741269874282228,-0.5810954648903361,0.1426999213644944,-0.6843293252994389,0.14823535587022962,-0.7906049883037113
0,0.0,0.0,-0.11926134718432921,-0.09871478612413871,-0.2055385418476146,-0.2461426025116372,-0.2682174366531453,-0.36845252266775225,-0.3379164914958591,-0.46862440941959804,-0.09616711714217858,-0.4742330215444411,-0.14864056216623622,-0.6666849776466318,-0.17761513771254198,-0.7839274660067992,-0.19415774993271154,-0.8940216663253633,-0.00013847556460304267,-0.49034279502902034,-0.0034046697454517784,-0.7225816769859885,-0.0016785911793879415,-0.8666790446546175,0.0018606847880488434,-1.0,0.0844187376785621,-0.4541082188296165,0.09823979500457315,-0.6587888218912866,0.10561405851770996,-0.7962173775577307,0.11016159136916161,-0.9254596353988803,0.16385821767174502,-0.381749577201036,0.19577056228759288,-0.5310479276123383,0.2121893555439853,-0.6353975904900001,0.22394711523213037,-0.7409727797023198
0,0.0,0.0,-0.13199906562988903,-0.09216572743680938,-0.22771615280315255,-0.2470236110287624,-0.2924548574484877,-0.3744453800989427,-0.35849549787256757,-0.4801100540964447,-0.1397010600113296,-0.4863572417482644,-0.19919435580187794,-0.6722940364288749,-0.23180067758068276,-0.7852144307320226,-0.2515015479644947,-0.8902323580006479,-0.04444765108328941,-0.512386151242622,-0.07274124565407174,-0.7375529179291455,-0.08388316113487913,-0.8795272352197526,-0.09201077837615072,-1.0,0.04449817512737676,-0.4867976711402959,0.04895974694857178,-0.6908529205462649,0.05130671218419794,-0.8276439125118379,0.05015089349953623,-0.952831226508836,0.12853096016659687,-0.42521041998014236,0.1532751432288462,-0.5771781074511341,0.16916943601853907,-0.6803960020025185,0.18216073932392204,-0.7848853750361477
0,0.0,0.0,-0.13109093566655447,-0.08779073496167615,-0.22549978597114165,-0.24239439378625255,-0.2866356005808858,-0.38080717963658345,-0.35712716098301145,-0.4949624915047198,-0.13160910425566927,-0.47560965909006164,-0.18715357030462695,-0.6658589418075173,-0.21855279701662167,-0.7817921101157347,-0.2397685008185796,-0.892972768867228,-0.033106983107878005,-0.4977219971452876,-0.0433731594388218,-0.7244024219813852,-0.044936365566261696,-0.8670277978990868,-0.04734636531270834,-1.0,0.05653282695580366,-0.46538586594186865,0.0629957030164397,-0.6648356551694308,0.06930719281141448,-0.8012085794499483,0.07114818900761705,-0.930701010385247,0.13938349745526896,-0.39749260593682745,0.1660968345106992,-0.541940955876248,0.18163319182404788,-0.6412924807510747,0.1936862978277438,-0.7428761451538248
0,0.0,0.0,-0.1345863129957529,-0.08097324498395587,-0.2310548108447029,-0.23633282284488552,-0.29206290336765084,-0.37547475011718906,-0.3625352721323297,-0.49135386592631936,-0.1342266424789093,-0.47430976279385534,-0.19038924462887039,-0.667412074472939,-0.22219881590199642,-0.7863128556546313,-0.2440533848351626,-0.9002499544521357,-0.03449028835475638,-0.4953772340662236,-0.04340614347554944,-0.722302966243763,-0.0442123454485027,-0.8655984893838292,-0.04628019619619135,-1.0,0.055189046402527475,-0.4634132999508828,0.061055725941255135,-0.6631739738644095,0.06497567607135868,-0.7974822554372624,0.0639231558336832,-0.9279797998644995,0.13834871623161585,-0.39860204832614066,0.16995858376167855,-0.5430869422599548,0.18641096266565269,-0.6403422830455406,0.19868268125964408,-0.7434164152273849
0,0.0,0.0,-0.1309064532911662,-0.08124349673095516,-0.23027141162927883,-0.23110902756157112,-0.2959893776525145,-0.3665415256771593,-0.3681839851623052,-0.4747268627001163,-0.1473631804365281,-0.476695381757255,-0.20445650593180068,-0.6633204488382192,-0.23733193914169137,-0.7758216265956053,-0.2613159441722516,-0.8847422298736625,-0.051356878922444164,-0.5056867759352418,-0.06521165836433054,-0.7284698268799056,-0.07084773952512823,-0.870041833430285,-0.07777576933160732,-1.0,0.03688416090418995,-0.48011996739148244,0.03481092385337638,-0.6773506757254986,0.03330813103216609,-0.8118820614236322,0.028060709808773166,-0.9383989361266325,0.12087759311452308,-0.4198228857718715,0.14139643108787914,-0.5671648153686073,0.15351043390630376,-0.6669764894022318,0.1631666362839399,-0.767948126444033
0,0.0,0.0,-0.12561433378114079,-0.08695583193722717,-0.21722381768650478,-0.23244918599802242,-0.2774934654996723,-0.36548017051163584,-0.3453047837422609,-0.47138181732566115,-0.13727124647874409,-0.47699843826917654,-0.192857161442377,-0.6607601311805661,-0.22503291603620038,-0.7726909639380367,-0.24589115150565918,-0.880299224808071,-0.04212554554121693,-0.5066072275219503,-0.051846493327597235,-0.7326277357022684,-0.05634936011809475,-0.8741468595591552,-0.060082689423720755,-1.0,0.04409768366424736,-0.48205627828292996,0.04369952448726535,-0.6789595086586294,0.039138780557875966,-0.8128576348672193,0.03332872812385353,-0.9363343222158669,0.127568067989392,-0.4207914229126327,0.15071067351537681,-0.5682929613847156,0.16302048095521648,-0.6695195061506201,0.17295250260558184,-0.7700597752805851
0,0.0,0.0,-0.12543507105105783,-0.08993709663639979,-0.21895464819363772,-0.2320187771392048,-0.2832882089944216,-0.3633777360695523,-0.34794543628925,-0.47532342918256215,-0.142284318140828,-0.47791882576169076,-0.20138727019019725,-0.663806755677809,-0.23637146524546973,-0.7757077551283011,-0.26012463071696545,-0.8806446184084099,-0.047877855252652354,-0.5069581045035391,-0.05875080817743727,-0.7338206304891465,-0.06426909118139984,-0.8772931540383558,-0.06899211703991368,-1.0,0.037578009557851795,-0.4848205028683048,0.03439895857174348,-0.682417908684651,0.029021875899806038,-0.814563390379498,0.022197193185258,-0.9344857486544439,0.12042555749740803,-0.4291538210840178,0.14121272495810133,-0.578112788346635,0.1531401319029955,-0.6774753037850654,0.16395889870596686,-0.7745912705234881
0,0.0,0.0,-0.1242361520193811,-0.09085244815535812,-0.2172461256558445,-0.2386110556558462,-0.27758790686613827,-0.37802539943480296,-0.335972988866524,-0.49405189561172547,-0.1347575489221447,-0.4833471768897811,-0.18355711158223115,-0.6742752910920827,-0.2132063966559712,-0.7885556503336447,-0.23350681172520113,-0.8931494325555329,-0.03764691993731642,-0.5072887893652991,-0.037230205424582184,-0.7346122551857364,-0.03745789899422336,-0.8774428505932262,-0.03876028450162264,-1.0,0.04789136655662495,-0.4796063126617402,0.05439230292607609,-0.6781183324702666,0.05469910576335779,-0.8082582001657834,0.05228661233388792,-0.9252408939957864,0.12848946247254117,-0.41768790952912177,0.15471099589985352,-0.5647861649696225,0.17124578269070906,-0.6622828417527995,0.18543334459023383,-0.7561449361842296
0,0.0,0.0,-0.1299541623074784,-0.08047075370917262,-0.22804293414204552,-0.2267797351820706,-0.29322769750985506,-0.3634704987794273,-0.3652573521297118,-0.47637582052063054,-0.1485074746284206,-0.47615372263643707,-0.2048359124277699,-0.6639841104827994,-0.23756431182211862,-0.7781864976625922,-0.26037693735570533,-0.8889478161018483,-0.05227522038731664,-0.5054380873868266,-0.06159408894068414,-0.729448634415295,-0.06403716566681233,-0.8711532922355684,-0.06747802748385445,-1.0,0.03603614042987115,-0.47996663289675234,0.03300429738713565,-0.6755677566844566,0.030096746390150662,-0.8067849800029134,0.02522728476645787,-0.9300880004237794,0.12189587168315433,-0.4204497799437609,0.14138999615949993,-0.5683782826343182,0.1533703147002865,-0.668039052257287,0.16471620580665952,-0.7686362196677746
0,0.0,0.0,-0.12927616898029773,-0.08627157116158846,-0.22839527875147606,-0.23749110886928063,-0.29417206720532585,-0.3754545808500153,-0.36293101644801073,-0.4892813932459949,-0.1504703291926621,-0.48748558823255944,-0.2085241827133174,-0.6723220262945021,-0.24446033161011985,-0.7855328518563286,-0.2709824873780811,-0.8935830443231583,-0.05423923882623127,-0.5161991462190031,-0.0634992352465342,-0.7351708433673327,-0.06757709714461047,-0.8748863911074746,-0.07273162848323121,-1.0,0.03330905221708771,-0.490655305390001,0.028613605405807478,-0.6831440723470725,0.02268618492622105,-0.8126144805720077,0.01436426090877816,-0.9332559378806333,0.11660006066889196,-0.42899952696860094,0.1352855273312196,-0.5730246580691951,0.145543596758747,-0.6707803158501549,0.15443225771959349,-0.7686391223698524
0,0.0,0.0,-0.13440664742789907,-0.08184494568585346,-0.23454740623539333,-0.23374457601895957,-0.29945016434971305,-0.3760058386507921,-0.3723725717453793,-0.49323667066639626,-0.15722839032934918,-0.48304640635543244,-0.21629375625269123,-0.6711209086219372,-0.2530368866108907,-0.7879824985215369,-0.28143045685806267,-0.8994741092368267,-0.0604715380719772,-0.5106586999310758,-0.07125476085555302,-0.7303200009187788,-0.07631292160189092,-0.8714746384786155,-0.08395986761403673,-1.0,0.026752039681177446,-0.484331752792482,0.021772069532050516,-0.6770511226486381,0.01653078231659074,-0.8081043846046018,0.00698932690481813,-0.931311054939042,0.11022121016704312,-0.4248844014163668,0.13059104067909083,-0.5686904396498382,0.13910075778802733,-0.6657984416315058,0.14479136561844594,-0.7648863805666947
0,0.0,0.0,-0.1354181923862229,-0.08771528264973649,-0.23770524496663567,-0.24143631714841754,-0.3051803216394739,-0.38437524152916364,-0.377373854127722,-0.4996406128795804,-0.16453856199804343,-0.49100141983979095,-0.22450382979399497,-0.6748657904671305,-0.26139219106320166,-0.7874000514048536,-0.29039869544875063,-0.8958551899124677,-0.07021065563365585,-0.5203894058337061,-0.08350574481511878,-0.7365003092400804,-0.08985406218332269,-0.8765181271619704,-0.09741815564482721,-1.0,0.015677321836917522,-0.4959305594241597,0.007413486839546519,-0.6864262554675583,-0.001579383509170702,-0.8133262366169053,-0.013690803943113065,-0.9307745764768014,0.09874746596083467,-0.4387738568750516,0.11623157075590125,-0.5814824027747367,0.12383985319329896,-0.6777208617148203,0.13010988821844116,-0.7750979729176193
0,0.0,0.0,-0.13874405777491616,-0.0850682224290259,-0.24486702119678422,-0.24480466888756477,-0.31847058788224547,-0.38234269295955736,-0.396872948333943,-0.48523600682474366,-0.1700742592662367,-0.4968315357307074,-0.23705931171719927,-0.6759265403104344,-0.2803041392263712,-0.7845694372987513,-0.31470577545766426,-0.8891726048627465,-0.07691424090064743,-0.5278288025655808,-0.10083818842200977,-0.7415736855916484,-0.11496932233042922,-0.8775140567779461,-0.12899992564403767,-1.0,0.010556045889965846,-0.506028668057979,-0.007039975832645069,-0.6973422244836512,-0.021808803812626978,-0.8232228674926736,-0.03876363039818451,-0.9397936772090973,0.09554157648644404,-0.4495411436880624,0.10719962441903153,-0.5949277230037008,0.11254508455406595,-0.6935307311858575,0.11550165100245507,-0.7920327086209903
0,0.0,0.0,-0.14112674113683346,-0.0955886434397345,-0.2480635345687464,-0.25600569207298096,-0.32108354597307703,-0.39199846596614696,-0.3947773884755707,-0.4868633212842151,-0.168131455936055,-0.48666517524486513,-0.23226147203331815,-0.6668885857452596,-0.2726931881832296,-0.7755620165144127,-0.3049094129461019,-0.8793115686673586,-0.07293203994543415,-0.5178360030344266,-0.0926674191057861,-0.7378628822679479,-0.1058599420363963,-0.8772642558337861,-0.11949400431615227,-1.0,0.01532570465474987,-0.49959226994958883,-0.0005389303141573495,-0.6943508194129293,-0.015993312150658273,-0.8232976345265268,-0.03297466321060502,-0.9398667139884712,0.10111469762544344,-0.44839203984451087,0.11235385047543275,-0.5961090711525944,0.11667218941281154,-0.6968121700019008,0.11999105146919065,-0.7958477639606332
0,0.0,0.0,-0.13755697560103675,-0.0910036270742098,-0.24974323740578544,-0.2459921574760926,-0.3244965293294009,-0.3743548351059076,-0.3986275583162034,-0.46778774540471296,-0.16038259302290941,-0.48644353084875025,-0.23161196264188041,-0.6637946122680013,-0.27442763726278785,-0.7744121830964936,-0.30785686090505554,-0.8769219024637293,-0.06867291536330325,-0.5182310751631066,-0.09411698990079542,-0.7357238880448059,-0.10830205261119552,-0.8756107188607859,-0.12046392290046772,-1.0,0.018658764560431376,-0.4987387165966574,0.0027514001847052166,-0.6917174978401406,-0.00814620758483034,-0.8193130529984807,-0.01998540232966902,-0.9348971832454493,0.10465580033961927,-0.44239021956087826,0.11498812077337861,-0.5876908496439955,0.11986623767390592,-0.6849612342479221,0.1221838040337236,-0.7792065123484374
0,0.0,0.0,-0.13358226841411466,-0.09635258358662614,-0.24056425284977104,-0.2604912246298657,-0.31486747066705884,-0.3946570651443678,-0.3921306736680793,-0.49125894695558386,-0.16254189771691488,-0.5044568639626978,-0.22724359323535714,-0.6875755793051607,-0.26798360768848073,-0.8005292821010048,-0.3001966423723459,-0.9071984181455698,-0.06810417143292916,-0.5318270128153451,-0.0891901166781057,-0.7422341696535245,-0.09943385880242435,-0.8790057485664898,-0.10999662276258021,-1.0,0.021053262302404376,-0.5062092144109989,0.005768902543096092,-0.6946194797601798,-0.0035473702941101705,-0.8203641969256246,-0.01660347964397381,-0.9368974082426381,0.10736619058513362,-0.44637183020848087,0.11820494383981,-0.5872665439240594,0.12298337164500514,-0.683587533999339,0.12587018335130895,-0.7809334974743348
0,0.0,0.0,-0.13809041343105563,-0.0882548027752831,-0.25575876200162617,-0.26494572531043453,-0.3357696622687854,-0.4118440008159264,-0.4219722542517416,-0.49968694489380205,-0.1840068149688503,-0.4987003255206489,-0.250373258011236,-0.6861528714660895,-0.29061819175970965,-0.798542133534293,-0.3252332685502857,-0.9036185133140495,-0.09225617115190114,-0.5285616746889988,-0.10971855496029441,-0.744254340983588,-0.11749765562805087,-0.8802794406371025,-0.12829681732030496,-1.0,-0.003559054091956042,-0.5040272202123108,-0.017478319871491586,-0.6927287993699235,-0.027013574692681876,-0.815502177220354,-0.042456505171783676,-0.9276244216979769,0.08440287925705366,-0.44630626846812643,0.09755225612157303,-0.5876536590617413,0.10138204621883261,-0.680968870140209,0.10115044210180382,-0.7721500653024452
0,0.0,0.0,-0.1311535414594853,-0.09461043102889997,-0.24224148867181852,-0.2660317787005881,-0.3199624212562975,-0.4122604643405578,-0.4035465604715263,-0.5058482141669025,-0.16724173263202904,-0.4977796072329323,-0.2304866873130932,-0.6854921742000101,-0.26762683491345624,-0.8015084725163298,-0.2965179337368583,-0.9102913062339374,-0.07587410943434054,-0.525073698161782,-0.0864052063770312,-0.7435057348392036,-0.08664934401317208,-0.8787654371367765,-0.08871511036316361,-1.0,0.012609637936433727,-0.49740027128375414,0.003987108255347386,-0.6888833098392257,-0.0002075879609628178,-0.8111735550680295,-0.008760744229453893,-0.9261609622855257,0.10065709573797077,-0.4349377635324729,0.116354294098913,-0.5782816862174901,0.12468105529202925,-0.6726254465580763,0.13009395573053664,-0.7674911930363998
0,0.0,0.0,-0.13994382940287564,-0.09569595859418473,-0.25470827422731723,-0.25620256182339984,-0.3308034155043691,-0.3970313628332147,-0.4060511907027781,-0.49248643318482105,-0.17925047570106373,-0.4889841522853607,-0.2431247072045984,-0.6797342034164623,-0.27952100490486065,-0.7961015838845411,-0.3076368136126336,-0.901877420523288,-0.08269242810913904,-0.5175723360962162,-0.0952689939403658,-0.740338173034743,-0.0992824971631773,-0.8803292754248405,-0.10377227794955503,-1.0,0.0091464804507129,-0.4934127353959729,-0.0011934433697107691,-0.6912901871389447,-0.00885131253049906,-0.8163930480149869,-0.019576870400529033,-0.9291960629850027,0.09999647004710802,-0.43481108277491193,0.11662308032203814,-0.5803529917415067,0.12323331622754821,-0.6763421670256635,0.12787422866538156,-0.7698367831379649
0,0.0,0.0,-0.14309520882997923,-0.09766623251089918,-0.25128756462880736,-0.25917534318791313,-0.32657868550153607,-0.3986483670626118,-0.40115482972354527,-0.49514462978857193,-0.17110326735185555,-0.48860240000745575,-0.2321595653448391,-0.6786321508435441,-0.2675071247089143,-0.7925781695788865,-0.29470138295053244,-0.8981230368255178,-0.07312174877732135,-0.5134628731756974,-0.0855860109349577,-0.7367860762077891,-0.09164590403311189,-0.8790100720972889,-0.09938245782103744,-1.0,0.01798009776505614,-0.4882540555054697,0.007018236124819519,-0.6848210246040944,-0.0009766306734126983,-0.8103958765576811,-0.011079852130308626,-0.9221720835907232,0.10683924578227959,-0.4321866802979972,0.1229935681994704,-0.5810600821291182,0.13079254616619707,-0.676594748737405,0.13776752497274877,-0.7688080973479571
0,0.0,0.0,-0.13904947957376654,-0.10117125323498942,-0.24857101906162737,-0.26916842109330785,-0.322183341653174,-0.4104304454879472,-0.3944229783577583,-0.5016565323864289,-0.1637785519542726,-0.4923889266140872,-0.2238761979604505,-0.6817813756648701,-0.258811800285884,-0.7960731523015631,-0.28506250770653785,-0.9007411976846837,-0.06744480889366962,-0.5161351629254316,-0.07810890080091787,-0.7368991491279624,-0.0829367503580576,-0.8789507094230363,-0.08808480546502874,-1.0,0.022826809020838477,-0.4914626490677153,0.014302456009940248,-0.6897387382671804,0.008875648183505357,-0.813746461140255,0.0021676668625722744,-0.923375145655761,0.11016528789166338,-0.43464943727782773,0.1293612856560209,-0.5831720302999113,0.14088359166994835,-0.6787460097259581,0.15238253655489742,-0.7701323750469418
0,0.0,0.0,-0.14201551264003714,-0.08224440141435749,-0.2607926846874856,-0.23415671774010566,-0.33838327664370904,-0.3618909987240146,-0.41174541669818027,-0.4446342967472622,-0.18381186494600987,-0.4762177059531826,-0.25275258941646545,-0.6576504124424238,-0.2951424882387676,-0.7666834419451926,-0.3291049686665189,-0.8680623035414681,-0.0889566064632191,-0.5115625112042373,-0.1123530167629784,-0.7353818888230846,-0.1273602175709135,-0.8770602384287871,-0.14123615570633824,-1.0,0.002084042662420768,-0.49723321309741864,-0.01811939444646684,-0.6935031867358928,-0.03360621294205323,-0.8208012057962033,-0.04901766045143906,-0.9356961177922896,0.09282198655413011,-0.449391741311422,0.10187993907860889,-0.6019253448636984,0.11003658022643922,-0.7010114978264979,0.1178510859484841,-0.7970902263109819
0,0.0,0.0,-0.15168452865262683,-0.08795983765083197,-0.2729174673833746,-0.23271362289298642,-0.348598958680862,-0.348284499272914,-0.4185515340526112,-0.4258406228704031,-0.17838463406013758,-0.4758843231653998,-0.25144594335623816,-0.6491539330030699,-0.2955243922269357,-0.7522847508062879,-0.33052834346105225,-0.8505602743677545,-0.0860503697715627,-0.5137190921216221,-0.11797444596807413,-0.7342679258191708,-0.13797706973609103,-0.8757754278276597,-0.15372872825759307,-1.0,0.002448394782057132,-0.5046869436206214,-0.02265849516188875,-0.7019257372901258,-0.0430342353058852,-0.8263030993377098,-0.0626596443944793,-0.9395831948555021,0.09107523131827865,-0.46259933102880607,0.09564159516728057,-0.6177749311645111,0.09991014896607275,-0.7204393108070939,0.10301427229905047,-0.8206326696173598
0,0.0,0.0,-0.14218930730831492,-0.09171232731179425,-0.26207721850311877,-0.24783172801748693,-0.34315750996986794,-0.36630815424312,-0.41843325002423576,-0.44024553165325175,-0.1699464090547516,-0.49164944709230446,-0.24383000296141266,-0.6624411203435769,-0.2869834625686736,-0.77086335138954,-0.32130314772934015,-0.8689304320342515,-0.07793910246620603,-0.5234132538488405,-0.10810085801287883,-0.740263193890194,-0.12639803909330308,-0.8809695538890785,-0.14381542829596597,-1.0,0.011761655416397196,-0.5061544761818759,-0.007964772469220564,-0.7048915764409663,-0.02367470143515635,-0.8332786921711138,-0.04052918983451945,-0.9502617131838639,0.10028681215215021,-0.45521859342194554,0.11177888605732392,-0.6119284506765433,0.11968887903226877,-0.7161213727674867,0.12543790395727067,-0.8171028055068995
0,0.0,0.0,-0.13875816897749615,-0.09532139800939274,-0.25429794546714074,-0.2561404223673353,-0.33444927211417974,-0.38185321818237383,-0.41475181716771425,-0.4602338568779862,-0.15656708112183046,-0.4991977465592241,-0.22775831924083903,-0.6754755898472917,-0.2713905598964966,-0.7834036684630352,-0.30508727371359295,-0.8862633836248612,-0.06465637447662513,-0.529851150151282,-0.09213864849583847,-0.7439963109075906,-0.10807993373131895,-0.880284367009301,-0.124069131325068,-1.0,0.023935963620990007,-0.5088317916484143,0.005258580291561822,-0.7058351521989384,-0.011191435498823362,-0.8329959836391235,-0.029469602235103556,-0.9504457281914406,0.11004306700216991,-0.4529957480567639,0.1223670487770092,-0.6046845233850511,0.12857639490225242,-0.7079621584692495,0.13233600284226935,-0.8103580310663094
0,0.0,0.0,-0.13373463440129682,-0.09981867630977641,-0.24621034700097408,-0.26442942154984006,-0.32442267307074896,-0.39193444577130176,-0.4058290063940778,-0.47225953692579187,-0.14699330396865748,-0.49940382371371894,-0.2174409379233905,-0.6757981834889031,-0.25967016732650783,-0.7865046182819512,-0.2911219907346353,-0.8926409745458647,-0.054601895819368744,-0.5248769069531466,-0.07953337268430305,-0.7389946888317521,-0.09201866533516082,-0.8753367039348847,-0.10517622898262585,-1.0,0.034881845530163366,-0.4991835734864201,0.019096134297765573,-0.6968530744536718,0.008981146398643513,-0.8237346374329586,-0.0038476335303003983,-0.9434449560878951,0.12081960369511063,-0.43654610657321874,0.13528593572695155,-0.5851825712190403,0.14517445849215452,-0.6878688963932623,0.1517270922331554,-0.7906981644197506
0,0.0,0.0,-0.12921988800166817,-0.10623548410241995,-0.23550844758233258,-0.281854529791712,-0.3058972677998861,-0.4160784827550437,-0.38358872945999783,-0.5067262583821641,-0.12883747237636833,-0.512392632730468,-0.1932366265861119,-0.6938654046699011,-0.23360196430681648,-0.806074828712503,-0.2658431247635892,-0.9134973284964586,-0.03476731128170702,-0.5304727717126149,-0.05154747907733649,-0.7419604070541393,-0.060614464338004,-0.875186813208415,-0.07121761422398623,-1.0,0.05338591686792379,-0.4964820862322285,0.045030082530856545,-0.6913584577929356,0.03663977181475872,-0.818318025997458,0.02532743676362972,-0.9411951675306302,0.1358042715477558,-0.4268041145138978,0.1553977421147191,-0.5756991276644439,0.16926420224569758,-0.6770967290006152,0.1803852538780823,-0.7805674494442839
0,0.0,0.0,-0.13121601701916275,-0.10887435485849119,-0.22765166562405267,-0.2852491590309012,-0.2930060528177189,-0.42640284290365554,-0.36847227868107657,-0.5297240634022435,-0.1157353976833143,-0.514591479156848,-0.17017280651887004,-0.702786980463908,-0.20454805961952174,-0.8218162155657769,-0.2307154851703266,-0.9338378505130663,-0.016019641767604814,-0.5254452064568531,-0.016526421586814777,-0.7364856015137058,-0.011503979031502883,-0.8726032669942866,-0.007792530358579504,-1.0,0.07374024333144866,-0.48390731097382716,0.08001197141977799,-0.6782076192841677,0.08483741006972272,-0.8068809437674953,0.08666243450237231,-0.9350315985316499,0.1564261918003488,-0.4077588993081723,0.1895572503068062,-0.5518485121731289,0.21125714563401857,-0.6514703171269209,0.22924944906014327,-0.7568711089993143
0,0.0,0.0,-0.12750983507633393,-0.09972338604175406,-0.2304262879934885,-0.26846444949300435,-0.3073454727463525,-0.39828262337309983,-0.3911181815205036,-0.4797720975415038,-0.13722001412695864,-0.503541251186992,-0.20127781927160404,-0.6876142747771418,-0.2433449706623922,-0.7985963478849324,-0.27738563946317557,-0.9017572938610101,-0.04651807892073778,-0.5217174701829176,-0.06722296114150815,-0.7412630374208478,-0.07835378831703639,-0.8772743078024159,-0.09023852106647623,-1.0,0.040236260129387975,-0.4897735476597742,0.029172637359724446,-0.6904836378321824,0.020723437497563644,-0.8231326608734701,0.010850938756671714,-0.9489550572484864,0.12273816633324341,-0.42319487562507113,0.13756476805124374,-0.5793127374958484,0.15134603720099107,-0.6846758361958876,0.162839393944119,-0.7887082564744662
0,0.0,0.0,-0.14334231103510084,-0.09474643324330724,-0.2591829186108365,-0.258068684166569,-0.3378181367011157,-0.3821617876196761,-0.42245512044239975,-0.4615947555401542,-0.16256902376872617,-0.503359983112518,-0.23726406289964355,-0.6759054332141963,-0.2806329630011895,-0.7854964426226472,-0.31286138674435404,-0.893335655984805,-0.07284462380129311,-0.5312546848051425,-0.10734526074020038,-0.7403107527087611,-0.12774295097851035,-0.8750259391287847,-0.14682340827931845,-1.0,0.014192459072997418,-0.5050622749250314,-0.005111078627200895,-0.6996237211211681,-0.022939452430245342,-0.8250509481072648,-0.042840232246466325,-0.9470141241183226,0.09653356721748689,-0.44275995132395024,0.10572749974197086,-0.5897777182066453,0.11409822978775605,-0.6909814961580512,0.11972754613273082,-0.793063585074816
0,0.0,0.0,-0.1415351904524371,-0.10056378450631581,-0.25303823184318214,-0.2726943460384232,-0.33076221816379187,-0.4020927500878175,-0.41615243140475106,-0.47826524683740934,-0.15115952894781012,-0.5119020494221819,-0.2080104697829227,-0.6919027195169839,-0.24869117523460044,-0.7982237759581234,-0.2843808156912399,-0.9006975752106009,-0.06796432454403187,-0.5374013576838067,-0.10229633010598177,-0.7522542942927569,-0.12940574085379697,-0.8801978915491507,-0.15758689568474435,-1.0,0.013440862625592844,-0.5123551378540712,-0.0036909017348363132,-0.714671432220033,-0.023834098222365662,-0.8435132173754115,-0.048776379989730105,-0.9666895221710484,0.09169839766637447,-0.44853129811466136,0.10167392453248864,-0.5945527814192331,0.10664126719329162,-0.6947459757831651,0.10609899582788541,-0.7949867778556656
0,0.0,0.0,-0.14567214912152535,-0.0919215264821489,-0.262103666972302,-0.2584023127869714,-0.341928331055958,-0.37648128892487565,-0.42388854592352593,-0.44920373127761176,-0.16907211829638855,-0.5109678875881067,-0.22998683001874054,-0.6791485649696533,-0.2746042952473684,-0.782860956758144,-0.31293508570172857,-0.8835960344112724,-0.09043270243106132,-0.5406316548105665,-0.13359908185843847,-0.7496452854990441,-0.1681320852102964,-0.8803293380326916,-0.20050691152668085,-1.0,-0.01011401793969528,-0.5208339351693604,-0.03539480471207135,-0.7169404164799932,-0.06129777165653717,-0.8430711654890719,-0.08988633272545807,-0.962164732804007,0.06976466527591754,-0.4603919534704078,0.07713790107535644,-0.6145371745973487,0.07727115383363009,-0.7195578813746542,0.07104283975988454,-0.8229536726246902
0,0.0,0.0,-0.16610533899512198,-0.05825903439942584,-0.3041793021301895,-0.1888465929147821,-0.40424580819142736,-0.29694440258427485,-0.5044242615349998,-0.37276182847973266,-0.20133789689461765,-0.48036110073208277,-0.2947296268848258,-0.6512656795006506,-0.35252151899431,-0.7601961051463236,-0.4012927309184718,-0.8648702116840106,-0.10923517341464069,-0.5259896604234231,-0.1573265733173416,-0.7393478483758139,-0.19319451698295753,-0.8778406139063383,-0.22857235260804912,-1.0,-0.020008673656512193,-0.5132225954085013,-0.04282536189550188,-0.7137564329905846,-0.06866389563812446,-0.8507071386842328,-0.0998563737441089,-0.9812083390962745,0.06501440563261267,-0.4616499489764673,0.07956196142304392,-0.6123682350812076,0.08074130002318938,-0.7177774176656339,0.07272074817082527,-0.8249531567499352
0,0.0,0.0,-0.15044080738408022,-0.0636111990225584,-0.2716442863509155,-0.2028072565250684,-0.3594399044700063,-0.32442942128061375,-0.45090004608832834,-0.41029089396515656,-0.16925984711831624,-0.4818321735039043,-0.2403085551409344,-0.6613990394855436,-0.28464624901575947,-0.7785482698024379,-0.31865414058905617,-0.8879842633829635,-0.07323222781512845,-0.5181754477166222,-0.09476979702283037,-0.7347575388912889,-0.11194891054652574,-0.8780661674366105,-0.1289415047257584,-1.0,0.01657583375149767,-0.5006289913635527,0.013935923184514963,-0.6988612693182898,0.004013816069463815,-0.8315733528436579,-0.010305574842591713,-0.9563823109064881,0.10076111926046885,-0.44610357078248675,0.13067753853830605,-0.5976622106593599,0.1468418263813763,-0.6990653575816503,0.15613321733033458,-0.7995781854997054
