2,0.0,0.0,-0.09906004505914322,-0.09299051600019088,-0.15218896445764754,-0.2351859388068001,-0.08461380566204214,-0.32613205899327613,0.005405008824700478,-0.3670655894752452,-0.10587350703919735,-0.5031629972418059,-0.1479628722332304,-0.6930793079939999,-0.1718255144810912,-0.8149729277845573,-0.19064164993000784,-0.9170555094681081,-0.011963196112423817,-0.4997474273541076,0.009273240186922993,-0.7302761372386789,0.02065352702701341,-0.8787959058225987,0.033921948961365404,-1.0,0.06708512664491657,-0.43353025298207465,0.07589050062142488,-0.5143650406117579,0.029228814879684283,-0.3832267582101681,0.001107381065762223,-0.28409242977266813,0.1291477443270535,-0.33383334931662495,0.12217023607001176,-0.39044974051652687,0.07012735615014622,-0.29968571078155914,0.03312507424903031,-0.2210017521168244
2,0.0,0.0,-0.09335841764057776,-0.08945422464870632,-0.14935880061809115,-0.23277312073762044,-0.09026445245193794,-0.3117996667663704,-0.00993437910670495,-0.350196042013785,-0.1041541362111358,-0.5086933016009108,-0.14444578222617196,-0.7082972942134761,-0.1630577155031385,-0.8338383309379241,-0.176954508102458,-0.9424506997438298,-0.010069717024970205,-0.5026776031222746,0.012387918787170686,-0.7327688014423567,0.029099272162753924,-0.881240616780966,0.04251122386871358,-1.0,0.06778809969365399,-0.4400739175396142,0.07533894769729371,-0.4930322568569712,0.03558577382514269,-0.3632331148849754,0.009157445871131667,-0.2648280506552551,0.12832032325605755,-0.3485151162736288,0.12269534102815785,-0.3677399395514628,0.07685771989442203,-0.26762479433855574,0.04301226211931261,-0.18833459132807892
2,0.0,0.0,-0.09767009223654102,-0.08700786024320739,-0.1594419343930265,-0.2317098876890275,-0.0926893369607239,-0.2969372588803347,0.00858213339719837,-0.31955911597155134,-0.09604386595159353,-0.5222139998977442,-0.13757228544442263,-0.7262798347043685,-0.15876184351092656,-0.8521434702933397,-0.17509487814963615,-0.9624034063744841,-0.0007599221779412675,-0.5168093314712011,0.02992758673580595,-0.745126299388887,0.05410462922847986,-0.885493935960949,0.0732078098328835,-1.0,0.07687179721774479,-0.45331923279433756,0.08085833891703914,-0.4861645188460162,0.04032718273563014,-0.3540636372035366,0.013241051943264167,-0.25583077918035685,0.1376339977270505,-0.35914808346586224,0.12562216834357237,-0.34736588118053446,0.08303226171030927,-0.24312576299433736,0.05217486462316489,-0.16247713820053084
2,0.0,0.0,-0.08454676470860219,-0.09153819232276729,-0.11665711096868459,-0.2320939142533787,-0.027571093325973312,-0.27527968200154646,0.07537862971290937,-0.29531534870354315,-0.0718068022817015,-0.5265209742828425,-0.10113010948269055,-0.7320183341359645,-0.11838140465914967,-0.8595356855525671,-0.13081620124726756,-0.9690562550816514,0.02042654928570565,-0.5196227325075597,0.06848056577319706,-0.7361533668185857,0.0974700756085711,-0.8768757206786489,0.12190895103333137,-1.0,0.08880272557908597,-0.4517864650058721,0.10738156328847846,-0.4807727738009792,0.07019027694689048,-0.3605086239581503,0.0482467902457901,-0.2808569611600001,0.1378280799520271,-0.3584805871134655,0.1333754329406961,-0.3483548075712427,0.09322585188573282,-0.25949713080090736,0.06549737407996768,-0.20066450039230527
2,0.0,0.0,-0.08633017547987985,-0.09592617767426433,-0.11226923878390274,-0.23947531813613407,-0.014726864340827034,-0.28271216990319475,0.09064505405868986,-0.30378793570510193,-0.06695920401113069,-0.5316272041302058,-0.09547468448635385,-0.7365457510734481,-0.11198342304132049,-0.8675035828855022,-0.12563152343866285,-0.9781723952670472,0.026574839425774377,-0.5254337027969896,0.07396868891197939,-0.7363919457017424,0.10402488103119059,-0.877837071205508,0.12930601882237536,-1.0,0.09384236296083137,-0.4546958126664748,0.12383068934575306,-0.4835162459581791,0.08699217648067793,-0.3679331038774547,0.06156077722036128,-0.28990558334762706,0.13910455504885624,-0.3557176260955975,0.14351015753355723,-0.3423579993677678,0.10377875699743563,-0.2616177986127748,0.07285997899174554,-0.2072692175204873
2,0.0,0.0,-0.07384680436203567,-0.08805684088466752,-0.0833882957705389,-0.21565672418950407,0.03775347038860228,-0.2607954104826231,0.14010916167819462,-0.2993064762122818,-0.07053003977237057,-0.5233423562821512,-0.10631760287454162,-0.7202312853824536,-0.12816434076464875,-0.8538996864740704,-0.14602054721168725,-0.9679186162021632,0.02307425283705884,-0.5201260381622728,0.05546602361230617,-0.7376953074511339,0.08804982440332212,-0.8778016994656396,0.11502376371445136,-1.0,0.0911527709561987,-0.44442392841711875,0.1482115358339088,-0.4672167834233782,0.11941718890214224,-0.34342721877758126,0.08910063480691752,-0.26718243959363497,0.13744123696873234,-0.3391510426860568,0.17164898390271463,-0.3166517720308282,0.1372732107049348,-0.22646764478878545,0.09911998552389112,-0.17458833565369603
2,0.0,0.0,-0.07054431342778818,-0.09683101278823833,-0.0778646461180224,-0.2246858110487628,0.04508498121734966,-0.2764390147287536,0.14535750297320701,-0.31758411734600334,-0.08340887035419736,-0.5256240148694372,-0.12368302146612255,-0.7230306169981561,-0.1506832537321173,-0.8561423873303038,-0.17432491603575095,-0.9648171268494157,0.011180030788577074,-0.5210334972436114,0.03614080946630129,-0.7452981767579161,0.06544549555687841,-0.8832812803722729,0.08998238419664378,-1.0,0.08050435006807068,-0.44116249957932824,0.14200500171854769,-0.4843047587311693,0.11811838430404152,-0.37043483761885243,0.08895180728873862,-0.29664302996966935,0.1279189794419768,-0.3313041781581325,0.1683419058427127,-0.32533974188866643,0.13582043686971643,-0.2435039541308682,0.09543300321402438,-0.19492817868335158
2,0.0,0.0,-0.05382458843329367,-0.09270019944138531,-0.047414265162425154,-0.21358034165046874,0.08350015533630496,-0.27451314919958963,0.18848123559786598,-0.3249937232212503,-0.07760910978514418,-0.5167282672589065,-0.11736272479994397,-0.7123568354306838,-0.14270638309285386,-0.8459216583510213,-0.16355180745152353,-0.9537623049076587,0.018207128483612205,-0.5158627423078729,0.03534683207065157,-0.7410139623870087,0.059849178505627494,-0.8810377210189764,0.08004345691447712,-1.0,0.09055547815643744,-0.4373184483653927,0.1645354177950589,-0.48114992076730917,0.15408933066815472,-0.3551384653667092,0.1303852712872202,-0.277892738232623,0.1419533558974527,-0.32869497388338526,0.1961845380402593,-0.32636213549050885,0.17498914135901758,-0.23777480929395364,0.13982260370467775,-0.18164252683369478
2,0.0,0.0,-0.045862492022002356,-0.09887717905520962,-0.023800556448890824,-0.2252071272367524,0.11587567028335893,-0.27840599419194256,0.224627524298594,-0.3220318277940282,-0.061148485853102605,-0.5217569110696644,-0.09571943308668258,-0.723779732841385,-0.11563792783304429,-0.8616774956943245,-0.13184219013231635,-0.9715269116936208,0.03632009267632972,-0.5201128233579232,0.060085128711695274,-0.7446398004542102,0.08864823965341097,-0.8838587723393331,0.11294946478818181,-1.0,0.1086567570351092,-0.4442318231331486,0.19101130564019062,-0.4884357561638254,0.18730383898615344,-0.35477638678084317,0.16869508901152516,-0.26908103991742727,0.1618231105959085,-0.34324747541949796,0.22215368724445037,-0.3414522849962525,0.2118589692990864,-0.24595217636768626,0.18600480672008637,-0.17736338548256267
2,0.0,0.0,-0.0377584964359118,-0.10261428653780393,-0.009908629721934147,-0.23110876546118791,0.12759751035254335,-0.29145266186803404,0.2338748538555004,-0.33781201978927583,-0.05872103251380479,-0.5226028430993398,-0.09392014629094728,-0.7237277103403424,-0.11142763704189168,-0.8577476499815215,-0.12838590244496692,-0.964407622964261,0.0363699487918255,-0.517525306994396,0.06225387232786664,-0.7458961542472525,0.09341532163356484,-0.8852501465875737,0.11679564321022962,-1.0,0.10779853354593429,-0.4416021783948852,0.18920775922587582,-0.47654645459553674,0.1937105116022922,-0.3440394964663207,0.1799129037547873,-0.2628612289999192,0.16121181797134737,-0.3426453520965428,0.22609465891408223,-0.34524932200332187,0.21943921927915291,-0.24892594170040094,0.19328292175945386,-0.1800414418881711
2,0.0,0.0,-0.0351770724516803,-0.10734685420364787,-0.004207457811874198,-0.23765868054213107,0.13572195118838443,-0.3058066221009212,0.2425346620727088,-0.35890958939280704,-0.060440399853007365,-0.5304011254921495,-0.09512593282706706,-0.7316562309150743,-0.11502549286263658,-0.866330540498236,-0.13415837142967607,-0.9717318818248257,0.034755538405580315,-0.525008830443842,0.05894757625430777,-0.7540910010551489,0.08891853432274344,-0.8914080625987443,0.11154248804183359,-1.0,0.10514984728305729,-0.4496995021544031,0.18635821235030944,-0.4943871784582965,0.19314723775083245,-0.3643816493429812,0.17932632628386772,-0.2905268574993459,0.15952924068693158,-0.3512474667605578,0.22431936140031883,-0.36744274475344013,0.22178602811703407,-0.27501267792734374,0.19610172971597314,-0.20807453532721815
2,0.0,0.0,-0.03263574450960716,-0.11764385844516007,0.005903927830881939,-0.25139423398786426,0.1468851948663197,-0.316739494440677,0.250796869804301,-0.367131100874505,-0.058214513681189003,-0.5322636598413951,-0.08810098128916687,-0.7338710287223544,-0.10573991549113425,-0.8672613996690982,-0.12120314568770008,-0.9720898690981239,0.0374718308391519,-0.5232327453688599,0.06418059394487761,-0.7525648944247793,0.09716103547797342,-0.8929307232754221,0.12287001122985648,-1.0,0.10861478825846485,-0.4474836840642453,0.19207333323128284,-0.49601588151422504,0.19878155411697163,-0.37002423207165125,0.18504328446652096,-0.2962634953310982,0.16362522414989028,-0.35242015487205913,0.23021353325883648,-0.3682188606629138,0.22854334800216813,-0.2754540493416545,0.2042852719205821,-0.20682964866539177
2,0.0,0.0,-0.03638583998684862,-0.10959426072750197,-0.012486161835119528,-0.24267075626424436,0.11996116484351518,-0.32217541686533,0.22427630562095743,-0.38295101676491056,-0.0755656193444665,-0.5310449136631409,-0.1076716182765543,-0.7294078730943111,-0.12536025651738653,-0.8607452337637205,-0.14326990488372301,-0.9638805008810366,0.019602724286591513,-0.525567904086703,0.04186412392150609,-0.7540193713372442,0.07432548674567324,-0.8916030898453493,0.09922699250914034,-1.0,0.09411863656049989,-0.44846650103650837,0.1709465987470146,-0.5105401258082845,0.180006193380947,-0.391203214441173,0.16999665571992956,-0.3109292055778295,0.15145110260203923,-0.3511282894599106,0.21452837549729553,-0.36960739389921027,0.21175919508622035,-0.2785732503835363,0.19185699661803535,-0.21355968119926574
2,0.0,0.0,-0.08340077401516455,-0.11506097396197057,-0.10099603605243733,-0.25809501526838075,0.006051882626189931,-0.3047044675836703,0.10833189918175133,-0.3208031154039258,-0.06487426164898512,-0.5265589464746183,-0.09199963873603124,-0.7294444001951395,-0.10948893949112984,-0.8618328883907681,-0.12119997240739766,-0.9704819602694972,0.03867497905664591,-0.5138987067034378,0.0900032641764106,-0.7364173992692228,0.12559896570410206,-0.8779726050972355,0.15812499022169377,-1.0,0.11896891849799526,-0.43265076014774845,0.16252416130578434,-0.4761059086571079,0.11381432880994813,-0.36006994866922587,0.07893582159818059,-0.28360537173920153,0.17543597022843546,-0.31786180088666127,0.18154243358218827,-0.3234461026871497,0.1302018811327759,-0.2515940417046539,0.09046017775894022,-0.20512646372355056
2,0.0,0.0,-0.09788707713159243,-0.11321604588729997,-0.14712220652810873,-0.26390662605785414,-0.06795987964033134,-0.32945497548450975,0.0331891715788145,-0.335653308022168,-0.09968915782785634,-0.5161037823597068,-0.1411236154724371,-0.7172122506228479,-0.16604229089552586,-0.8412215646051747,-0.1830541653767798,-0.9456830100917929,0.001963390013137454,-0.5121338102212635,0.034360294848750035,-0.7387400807992198,0.06116584854342094,-0.8818080464965732,0.08830124893958957,-1.0,0.08607870625344215,-0.44700997755420524,0.10343029991897512,-0.4850303190997988,0.05873351559817021,-0.3474858312242654,0.031753606805807556,-0.24655379833197352,0.1510324148868578,-0.34972318263458485,0.14865349912522752,-0.35325788405897257,0.09835672524104724,-0.2570713420864646,0.061998134100754325,-0.17968535692198553
2,0.0,0.0,-0.10701568954414696,-0.11021697378374046,-0.17036649475984128,-0.26346173854602817,-0.10420843655710184,-0.3406567140675836,-0.0029223691647521643,-0.34972716587133984,-0.11116549593806856,-0.5128322024413768,-0.1556695859895,-0.7075954181300774,-0.18022659081770095,-0.8286190768772197,-0.19666658699338338,-0.9316672126629905,-0.011528314010218801,-0.5089347728889626,0.011196673968488748,-0.7315476675880648,0.03207066410962294,-0.8786216779755862,0.05428070491171732,-1.0,0.07422954763384408,-0.44680964740354145,0.0748444964976562,-0.49601276225398533,0.027742998827396736,-0.3497790120887804,0.00016854414415427748,-0.2389959479105447,0.14245073379093917,-0.35388997775709397,0.1251263641706433,-0.3780109471091252,0.07171948771016172,-0.2761262755926989,0.03367526060193634,-0.18908631850379198
2,0.0,0.0,-0.10552763552802943,-0.10789002843738855,-0.1690124847890265,-0.26155490814771193,-0.10460716076724955,-0.3409375983115974,-0.0035697321897142464,-0.3526757270399309,-0.10825673455970271,-0.5109555220448494,-0.15298834577561082,-0.7053715911212605,-0.1773670606402272,-0.8277772468742984,-0.19381107463087832,-0.9319491649221924,-0.00859109776727904,-0.5062432777168269,0.015111436444052852,-0.7324520257068764,0.03611702023366387,-0.8798645307036006,0.05775603762376552,-1.0,0.07716726232859447,-0.44290150743418943,0.07529098466422984,-0.49599440684843116,0.025248847021899386,-0.354423940186628,-0.004428029419157639,-0.2474928941856766,0.14567294724501428,-0.3485999192045374,0.1227981514195996,-0.3745318358675682,0.06673910113546418,-0.27411688916625404,0.027293816568157086,-0.1884049855781689
2,0.0,0.0,-0.10673876497817754,-0.10965519159803208,-0.16910988105283176,-0.26212394585698595,-0.10593451703747739,-0.34000145908806295,-0.007661436984803266,-0.35438204908799126,-0.10887718624839242,-0.5061256330806405,-0.15547020687384433,-0.7000774506337498,-0.17978834125655474,-0.8208211866584767,-0.19701415297926014,-0.9226571358241284,-0.010725172015810636,-0.5031250552187854,0.01122867986295769,-0.7311869926323051,0.02947970214309245,-0.8795998669675584,0.048272021601501354,-1.0,0.07452475979719025,-0.44111381254287385,0.06482112437606052,-0.49646905937281255,0.01700852306872462,-0.35627536455770126,-0.008805613955040143,-0.251823728865748,0.14331831265737902,-0.3481513581678053,0.11608935007424029,-0.3859434885046079,0.06335381363456562,-0.28514464653766625,0.029412871011191766,-0.19854357118626484
2,0.0,0.0,-0.10525583335583101,-0.10816682879504505,-0.17024263520592336,-0.2593104217050564,-0.10878689364059056,-0.34006742334317713,-0.009345735791414365,-0.35644671491909113,-0.10947244848105885,-0.5078311925710658,-0.15437942569106314,-0.6982066017746743,-0.17880771632381667,-0.8187332737072476,-0.19575220745697647,-0.9213073266060943,-0.010938745082807396,-0.5059945117294149,0.011505338044200522,-0.7321931223313045,0.029833653671140947,-0.8793533211352412,0.048867554323167,-1.0,0.074273840491802,-0.4444525532824683,0.06972211166915011,-0.49903898657716367,0.019666331959378787,-0.35969979107646566,-0.008716439643393043,-0.2561493102214032,0.14206800334765346,-0.3510882050951564,0.11746919488237492,-0.3805351891154235,0.061380846092415786,-0.28210024323611144,0.023736291298104013,-0.19941233180087906
2,0.0,0.0,-0.106222426440159,-0.10488002457585137,-0.1713378034757823,-0.2561694465223445,-0.10940906264141265,-0.33992981663773286,-0.01210531442330998,-0.36304721738250106,-0.11018568324229779,-0.5057094769842726,-0.1586208807264443,-0.6941782379999746,-0.18391463132650876,-0.8123989909682352,-0.20206598156079308,-0.9128805758945817,-0.012720407697064645,-0.5037552925465506,0.006326574102970099,-0.7324950640071637,0.02250858037692149,-0.8801185823162949,0.039321536436783835,-1.0,0.07208405275722965,-0.4424515770869566,0.06059644531846933,-0.5005939222163153,0.013157071647214559,-0.3606021780574797,-0.013612902809861077,-0.2564248931907084,0.14151466631538392,-0.350049582093781,0.11285672142739277,-0.3920384975205468,0.05866351906187995,-0.29132072026202627,0.022050483998252646,-0.2041809963361002
2,0.0,0.0,-0.10653767460763015,-0.10792656997618764,-0.17238596776788204,-0.2635607800691614,-0.11016335158180807,-0.3461295557038104,-0.012297374282765481,-0.3648381733002058,-0.11075982667664017,-0.5079424322049552,-0.158214327739565,-0.6974231481063903,-0.18328580712393774,-0.8154842653775064,-0.20133125223656562,-0.916252529446638,-0.013488423769636203,-0.5062364650522098,0.006598548934370979,-0.7321023345295665,0.02383481303045807,-0.8793892627225701,0.04143791276569017,-1.0,0.07044246460329827,-0.4459356321815247,0.0623840031323582,-0.505385814156538,0.01505805869473901,-0.3689912089039977,-0.012554314742213728,-0.2661438351655244,0.13895709820050098,-0.3547552905630279,0.11247978991359232,-0.39404281730462026,0.057349905388198674,-0.29548895838549466,0.01909480584580151,-0.2096224634041276
2,0.0,0.0,-0.10754080792257835,-0.10785642805886948,-0.17056259203806318,-0.2569968590154259,-0.11065306867063227,-0.341739497808355,-0.013324948711727853,-0.3682746709027471,-0.114675772119526,-0.5052821919288443,-0.16085017737817464,-0.6921038373150882,-0.18501460897212643,-0.808865164376369,-0.20103463905349522,-0.9083186764881634,-0.017857158122781703,-0.5054752228789378,0.0028585336179043816,-0.7329621120766078,0.02117698270911159,-0.8792551228003405,0.04074679896040267,-1.0,0.06729992444607896,-0.44527948710189075,0.06672596085045093,-0.5138364208881715,0.017891353153799163,-0.3768656595204181,-0.011900383719540563,-0.27327027427663403,0.13757105513726484,-0.3523944984982397,0.11437827534967411,-0.39187385863398033,0.059577318641096305,-0.2954001015250471,0.02007043150538666,-0.21272780088506998
2,0.0,0.0,-0.10604328678591883,-0.10929041496363424,-0.1630979832057098,-0.25931235592354035,-0.09420604686830035,-0.3434044738136066,0.0016324341946931328,-0.3734381500908935,-0.10767990499279848,-0.5079213392320095,-0.15293468288367476,-0.6942540625921528,-0.1779331515352145,-0.8123150875814167,-0.19407657679520063,-0.9134047549792256,-0.009724815844887623,-0.5055662424524604,0.014927383958095612,-0.7303391593750491,0.03511390387416098,-0.8770812531819413,0.056880641512831696,-1.0,0.07457315544475547,-0.4434980952702922,0.08748585385479737,-0.5173455756414175,0.03764138195579474,-0.38200935009571346,0.0051101851241295996,-0.2791586319685978,0.14405135556974027,-0.3499399008489528,0.12927108148012276,-0.38803834429600315,0.07310824909801066,-0.2964066364458256,0.03129021881714294,-0.2186666858573359
2,0.0,0.0,-0.1049919081980901,-0.11275797885877155,-0.1560050918029893,-0.25887239862331013,-0.08292205922928317,-0.3492403603519226,0.01175704650185147,-0.38503559255313435,-0.1078551547945805,-0.5031301502673063,-0.15273931013226782,-0.6930030719039071,-0.1784769776590543,-0.8128289123806188,-0.19569830494373353,-0.9133915232324098,-0.009247512656232472,-0.5030466209181569,0.018089168991746785,-0.7313962661384557,0.03988102962958719,-0.8789188944135057,0.06266228959592138,-1.0,0.07551368681525758,-0.44023421098102067,0.0946683116800517,-0.524775709997392,0.04358853708308704,-0.3908145614406106,0.008965704891805829,-0.28858476788348003,0.14446409238512078,-0.34290408630391844,0.13621311973732925,-0.3908165541885028,0.08125745048997104,-0.29893609680968536,0.03941007687772275,-0.21969265018946466
2,0.0,0.0,-0.10407041651117518,-0.12112084730346999,-0.1535432683803735,-0.25970785254211115,-0.08316889171291067,-0.3508211643780331,0.011409198524829576,-0.3808624074517603,-0.10781179556369899,-0.5009229522608591,-0.15546228866549522,-0.690749319259196,-0.18239697926973958,-0.8082484164654056,-0.2002869607826047,-0.9098484289570479,-0.010188950134471042,-0.502069837037769,0.016392967238437445,-0.7323369045495602,0.03789247157965492,-0.8769719465969074,0.06097755527820217,-1.0,0.07387715874291448,-0.4397533958141267,0.09575488225346583,-0.5407203992897278,0.04633176562671817,-0.4122519547726542,0.012464544018291994,-0.3086104840734452,0.14239679090370505,-0.3403460300577664,0.1368304093499612,-0.40107639622398805,0.08443672731199273,-0.31441215793698873,0.04477923294211305,-0.23310032399784106
2,0.0,0.0,-0.1011491645067484,-0.10798193520880064,-0.15195488613775204,-0.2566318707370364,-0.07931046119949224,-0.3485710457457156,0.017334200307873974,-0.38866366188260226,-0.10123821205880948,-0.5016043595543012,-0.15109364761828706,-0.6939972761139047,-0.1781209997517361,-0.8138269630641446,-0.19544901852222496,-0.915837700227514,-0.0002800069366873576,-0.5004328746855352,0.028885655926273304,-0.737364519913405,0.0511939890062193,-0.8831701129016036,0.07187240103943386,-1.0,0.08329671746999365,-0.4351317820236215,0.10737196783061118,-0.5451535410352171,0.06120557354141613,-0.42345251894307073,0.02630795483668545,-0.3236711448842098,0.1524320339964508,-0.33420615527420466,0.14924820810596692,-0.39820628491942117,0.09664499564452217,-0.30861442343130124,0.05287419769492142,-0.22368611422879642
2,0.0,0.0,-0.10493361910100713,-0.11091671470178281,-0.15743748667066795,-0.25334529094094027,-0.08906172727014619,-0.34734935296203345,0.0038962916890335334,-0.3843225265876844,-0.10182949415556247,-0.5016756992493316,-0.14841909995067734,-0.6886045188003832,-0.1739935900356351,-0.8069996903303165,-0.19136926161938098,-0.9063444814419382,-0.0041727824778460725,-0.5007165650831256,0.025923281151680702,-0.7332317002714397,0.04759817816505196,-0.8796479339617845,0.06910371425345506,-1.0,0.07938454966170733,-0.4369739659574637,0.09897214755595349,-0.5334657848013591,0.0479550576190297,-0.40944373684811725,0.013148416293775507,-0.31137138110698,0.14813798722629062,-0.33769693572274195,0.14090713408961406,-0.3932762062096365,0.08580425310511536,-0.3089678095392789,0.04454621506394448,-0.23179782729411422
2,0.0,0.0,-0.10613124418329349,-0.09975703324186495,-0.17118436611896376,-0.24418151089898674,-0.11020413388662707,-0.34140192127345503,-0.014722719231192439,-0.3719345764238463,-0.10627952310258487,-0.49963278685124124,-0.15499020143731698,-0.6824260959230103,-0.18113039745394563,-0.7979778320584857,-0.1993670839921482,-0.8960832163982548,-0.010843807523915444,-0.4979262018249489,0.012908206598071596,-0.730045749313339,0.02971185435671824,-0.8788875613109023,0.04514760882821895,-1.0,0.07265229500925569,-0.43583177100289866,0.06758520730608318,-0.5234701221218697,0.019066238218915756,-0.3975957424017587,-0.012227419997040904,-0.29611300182488404,0.14210630285880135,-0.34013239443877885,0.12181737125622062,-0.4050630039558871,0.06598006774807104,-0.3168161420806984,0.0241192272707458,-0.23220235680834406
2,0.0,0.0,-0.10843366935051302,-0.08958269887794663,-0.1856484510322129,-0.22885370203317132,-0.14678903930084858,-0.3317579625952324,-0.06256234474856673,-0.37156477433242485,-0.12199828548939287,-0.490026601493488,-0.17561164701576204,-0.6675957335136867,-0.20218960360988703,-0.7786284683694569,-0.22294402030001054,-0.8764844654899501,-0.030501412693975227,-0.4969377220193566,-0.018538266025822696,-0.7286804576853082,-0.012755395312539528,-0.8759801034790732,-0.008257767094910043,-1.0,0.05163193934078124,-0.44384617503058993,0.021694291294519556,-0.5279940930402206,-0.02646731718158025,-0.4029112735957361,-0.054116282502929304,-0.3030362272824943,0.12276699723993893,-0.35781106246819716,0.07929307339636098,-0.4083905664129486,0.018346448346765375,-0.3226006698567964,-0.02378170955985368,-0.24268394883111302
2,0.0,0.0,-0.11184561955277844,-0.08574060442526656,-0.19661158878787754,-0.22500190099612197,-0.16711159967324954,-0.3344705654808763,-0.0841559151269124,-0.3741828477458288,-0.13545346724339155,-0.4844467754215242,-0.18348745863164248,-0.6586946041053313,-0.20766576291786024,-0.7651906943636806,-0.22601297851858607,-0.8586780551847343,-0.04590298262347561,-0.4964461626855128,-0.04021229946068503,-0.7248424855122009,-0.03780221499966397,-0.8744836153065368,-0.03473269785898932,-1.0,0.03673087353374828,-0.448640290831898,-0.002223771065166778,-0.5346008113230586,-0.04967768255794252,-0.40297173810362935,-0.07553249188882027,-0.2989444975391171,0.10986022235817544,-0.3675262850181628,0.05566337507742024,-0.41371646792711914,-0.00598080199003531,-0.32374910511199156,-0.04583909022269578,-0.2418291084943448
2,0.0,0.0,-0.11391530013492138,-0.08341150257164083,-0.20216630473673808,-0.2209915863207646,-0.1733317063963409,-0.32947380663218323,-0.0917775176373316,-0.3758990256808191,-0.1423553980307707,-0.4795834501105491,-0.19091819620987233,-0.6525448853486062,-0.21591789433679756,-0.7588270864672525,-0.23425874907610952,-0.8532971530509199,-0.05149970543543125,-0.49591819938748366,-0.048254569881710244,-0.7252645202537767,-0.04820674683144488,-0.8749597237766038,-0.04703833915153965,-1.0,0.032705564442275195,-0.4515146560966604,-0.012530433572353256,-0.5280398777509375,-0.05879724869702048,-0.3891015240459381,-0.08238195650612738,-0.2821189773938376,0.10643234325320033,-0.37302519400905876,0.04557552578345596,-0.410305009377131,-0.016594598442080725,-0.31703870139922935,-0.05602954924312476,-0.23481784978668696
2,0.0,0.0,-0.10951952618188956,-0.07446621110419657,-0.20336221196503762,-0.2029391853638774,-0.2028797193708545,-0.31633517063062705,-0.12695313045387616,-0.3553587059885283,-0.1475321396584017,-0.48164378792554813,-0.20164383354760623,-0.6547330112599565,-0.22614193486373577,-0.7575105411535152,-0.2439148728578133,-0.8485783045797034,-0.05690219067290844,-0.501725280720193,-0.05949604065428796,-0.734671509579236,-0.06258968814845513,-0.8795168246481192,-0.06672918199610427,-1.0,0.028592917010290566,-0.4637084196727506,-0.040813965163704335,-0.5214077378235612,-0.0877806154785339,-0.3794107336982652,-0.10951543592840121,-0.2710222412646246,0.10145968168310156,-0.39245588927086,0.022400430546374882,-0.4113298133817913,-0.03389388553118844,-0.3113022710306578,-0.06651853394145439,-0.22745962575675097
2,0.0,0.0,-0.10990415060332566,-0.0719914630430794,-0.2114585666469743,-0.19888995001051332,-0.21445444336950176,-0.3033994174577835,-0.13574147430592373,-0.3514373422653603,-0.15112273215154134,-0.48293274419421306,-0.199714270609829,-0.6580132406396594,-0.22442379487765043,-0.7624245519002631,-0.2408444238793988,-0.8563464672583733,-0.05923705931081599,-0.5043518434425568,-0.06330125170268291,-0.7365531007826421,-0.07037567346825517,-0.8805166507897108,-0.07515989052754525,-1.0,0.025105338492526694,-0.46806427468040035,-0.042366474694641366,-0.5399611696996078,-0.08901227207491573,-0.3885529792635288,-0.10924488549255548,-0.270482090403044,0.09612640284208009,-0.3984399625013067,0.009448350270391988,-0.4099308545082116,-0.049809440647680926,-0.3026937454415382,-0.08249808212698635,-0.21401844172149845
2,0.0,0.0,-0.1162446302263889,-0.06834443743593786,-0.21698829141370338,-0.18965760619371116,-0.2261211190748093,-0.2942476975784197,-0.15361486864560894,-0.35293989541499543,-0.15666743710783804,-0.47514929814610873,-0.20301932927744276,-0.6577611827363526,-0.23249371141965497,-0.7641583666731947,-0.2546638184717669,-0.8588557867656222,-0.06460006155051339,-0.49808369979627287,-0.07480755926780323,-0.735958232762677,-0.08744464904762025,-0.8799284920378561,-0.09803667851047758,-1.0,0.02024347424670565,-0.46674682646061655,-0.0582614078281062,-0.5349746644606826,-0.10389494573635524,-0.3841124803839531,-0.12276402499662999,-0.26485669158360314,0.08902378851040127,-0.40337984169818375,-0.0061474211097913645,-0.40957638240672684,-0.06469766489560574,-0.30700146627565983,-0.09736776177407909,-0.2223062430533124
2,0.0,0.0,-0.10199834752152544,-0.09250726351666683,-0.14757037504861037,-0.23680248709462,-0.07588333633741182,-0.340021839572169,0.010953670207400637,-0.38542750546812876,-0.10650532804301778,-0.5000022746286198,-0.1471371759497398,-0.69754835821228,-0.1694704209647343,-0.8220250563676502,-0.18495201396402353,-0.925818085870211,-0.0123970397198787,-0.4961841928370533,0.01972393224618635,-0.7327350589450398,0.03891701323378931,-0.8802157822518415,0.05919619016961984,-1.0,0.06611262988325507,-0.4261392006829533,0.09203476824750219,-0.5344606235902205,0.041542326838405835,-0.41087965849824,0.009158360742608201,-0.31438426509180795,0.12701306593740505,-0.3205571365531721,0.13068933639984645,-0.3923607303722689,0.07756734587077255,-0.3138976514381065,0.036582067737812814,-0.2406917882926277
2,0.0,0.0,-0.10347206238057202,-0.08637375224187938,-0.1549088425114327,-0.22446829821852546,-0.08642048567504422,-0.3297856635886352,0.0075485883381076705,-0.372217343138348,-0.11566289077544471,-0.4971314115472187,-0.155240846245866,-0.6941733894412052,-0.17747300074078382,-0.8183204797410764,-0.19256224451489892,-0.9221868309191065,-0.02072765212135031,-0.49474368655862816,0.011036551867493517,-0.733067073197791,0.034092785657815684,-0.8789209399515049,0.05768704300642223,-1.0,0.06004609958643268,-0.42662958990548416,0.08984310094158443,-0.536949160583106,0.03981806321022791,-0.4097287383398612,0.0064720699600279916,-0.3085220300422144,0.1204424250190537,-0.32221956003103885,0.12340131895886236,-0.3902905362559349,0.07235898471263003,-0.3107997940115936,0.034464061184824486,-0.23601923202517291
2,0.0,0.0,-0.10579899563953307,-0.082322442308576,-0.1737719342912037,-0.22082750136924376,-0.11974913653812956,-0.33419327636120216,-0.02107013073949098,-0.36456168986411885,-0.12266685213036939,-0.49252885036929217,-0.16390639340577182,-0.6950932482932578,-0.18499150510004483,-0.8172576562769734,-0.19981651823360727,-0.9229912945904626,-0.02582188778038448,-0.48879727306259774,0.0051170439486878235,-0.7246470238664463,0.026624804859480197,-0.8740814268451258,0.04631754159582409,-1.0,0.05631333140417964,-0.424108113126235,0.0596773707787861,-0.5218644318290488,0.007896437979157688,-0.39054937722696165,-0.025254086307686767,-0.2884361621929758,0.12230816305240136,-0.32544183725808473,0.1114578378492503,-0.3955100137980027,0.056669303728689786,-0.3104885933613102,0.01389960928427984,-0.23015108875059148
2,0.0,0.0,-0.11357187762023904,-0.07816643270855048,-0.1933052652574844,-0.22664406798277775,-0.15265103471198757,-0.335818729572607,-0.0628707335409739,-0.3745523717892875,-0.1259665571687233,-0.5082567588611413,-0.1606877377678203,-0.7056599690294187,-0.17806981828074553,-0.8275077278210352,-0.19042509910470576,-0.9294602450353926,-0.0243621814110689,-0.505888537347026,0.007430201478311778,-0.7330675524561184,0.02870328410655055,-0.8806450661633924,0.04470712560158171,-1.0,0.060506093729088085,-0.4473436245720214,0.03814735735841024,-0.5197358757263941,-0.012176275305870406,-0.3895548489343461,-0.04297565115048056,-0.2862311765131707,0.12857674256678392,-0.35906883223812175,0.07879338978547076,-0.37640864866473944,0.00987857352898395,-0.2835006459202004,-0.03986888263665179,-0.20513809511624156
2,0.0,0.0,-0.09989539019908267,-0.09019206449953214,-0.17969677743550716,-0.22808451741411165,-0.15942111842830672,-0.33844735233284784,-0.06062604830507355,-0.362270233487411,-0.07268795309718505,-0.4966653226974581,-0.09268009776618419,-0.7031525687340453,-0.10104237680772714,-0.8247404219567693,-0.1025943723555379,-0.9264949583376952,0.031055426063222202,-0.49311672681666247,0.06930614461671646,-0.7276556903614539,0.08620896481468679,-0.8786894389111045,0.0998388247047857,-1.0,0.11417575327359666,-0.43449838992381073,0.06481848072274217,-0.49100238944769087,-0.009051772013098468,-0.36467669123050195,-0.05340918011911966,-0.25954721503627204,0.1722833845607958,-0.3482332636540719,0.09032103382652923,-0.34168742384617806,0.008763853647126911,-0.26702404207244496,-0.04856729501907287,-0.2013776849367422
2,0.0,0.0,-0.11099306771433419,-0.03862321962931577,-0.20268629736160015,-0.1507517013455918,-0.1547267696333066,-0.23416252236825022,-0.05775474100379892,-0.28352111264859997,-0.1754382911096829,-0.4625227696475099,-0.23913332611847427,-0.6782796050188865,-0.2742305406837,-0.8111194152320702,-0.2970375104228211,-0.9317931050134058,-0.06466166916742327,-0.4887771632110734,-0.022650733561275536,-0.7134844635317436,0.016850851417696648,-0.86572920843064,0.04906275275485911,-1.0,0.02767229091176315,-0.45091165816759354,0.02932921262987325,-0.43341606234502783,-0.014670222017475294,-0.27968421766046203,-0.044970159970716524,-0.17979958850601935,0.09967895163672062,-0.38036685551380167,0.08098194283392357,-0.3196911772720206,0.03496313243038497,-0.20703454934585364,-0.0014055852580976886,-0.13283548747308516
2,0.0,0.0,-0.11871893259384933,-0.034509049110423316,-0.2173165826957308,-0.13993673657906455,-0.171770860551816,-0.21572894010155025,-0.07095072549907197,-0.2610592912092428,-0.18626619768070926,-0.47042432004396667,-0.24158339344401059,-0.688011324115545,-0.2737295332344574,-0.8241715153901735,-0.2934811427285095,-0.9462509338623073,-0.07371075631499467,-0.49326906091174405,-0.026537100555349052,-0.7120829668422144,0.017918578860914934,-0.8647448424425545,0.05409255572198444,-1.0,0.021141553897809397,-0.450779782693768,0.0290004882459091,-0.4239992492299086,-0.018607551495835803,-0.26054804376548,-0.05550331651461119,-0.15284320436526191,0.0946094523426603,-0.3739462230253336,0.0780207455441427,-0.297018970439041,0.02699015411641598,-0.1747748609787245,-0.016710844947574903,-0.09306865620740883
2,0.0,0.0,-0.1260008450023295,-0.03214240248383541,-0.2325314345003383,-0.11821228228760067,-0.19541705267152568,-0.17565308353651193,-0.08419918233184895,-0.21276028448463796,-0.1937821534665038,-0.45843007683776493,-0.2385298504917225,-0.6864759586065938,-0.26969957536798694,-0.8255028040948816,-0.2863917276566702,-0.9487428736588828,-0.07697517733458041,-0.4909500999820556,-0.02995598042086049,-0.7064720575151078,0.013068929663976152,-0.8613176806785683,0.0534783990913376,-1.0,0.020571388920478693,-0.4525725075768048,0.011512512801676018,-0.36694050538882167,-0.04264791384878892,-0.2041216850186301,-0.07719536499128654,-0.10547652207156856,0.09148402968232643,-0.3793810689661928,0.05318011935716444,-0.23901452091154413,4.7065989717759385e-05,-0.12065440614546014,-0.03607982766510776,-0.05386300549985213
2,0.0,0.0,-0.12453914092599029,-0.024875116933813717,-0.23252036085577343,-0.09484047027963549,-0.2019848493136293,-0.14684516173319737,-0.08887860840665214,-0.18745453004344817,-0.20133566036206754,-0.43941391230750376,-0.2555639731200599,-0.6743115335285678,-0.2903789678275313,-0.8145379741058911,-0.3097098298162669,-0.9424052640476694,-0.08131387972021731,-0.47944420934147186,-0.041291911581379036,-0.6959974971476439,-0.0031937245222971884,-0.8518404223981733,0.0317944530953041,-1.0,0.019321332183145197,-0.4455070995502087,0.003615980135856289,-0.3427629339218776,-0.04708855141841471,-0.1816024546299902,-0.07807115030331899,-0.09708144667717374,0.09365544282837192,-0.37440343804394466,0.05182928104822283,-0.21984719150431004,-0.0005225122674940501,-0.10313666965370547,-0.037013842391271506,-0.04470733967031831
2,0.0,0.0,-0.12838975785380372,-0.01933679449920868,-0.23871783149690057,-0.0802194315642078,-0.21774638818168557,-0.12152433419289371,-0.10195123921491632,-0.1496525513551,-0.21075476345663194,-0.4297540393112611,-0.2631142087271252,-0.6629974659200596,-0.2942387362333821,-0.8036887670448436,-0.309951412005499,-0.9353827939098805,-0.08857922865379371,-0.4779443659548594,-0.03983778114435242,-0.6936559422923119,0.002095787582361107,-0.8530642998515451,0.03824336695861985,-1.0,0.014579868197277255,-0.4494465516075801,0.007258062189482808,-0.33999057917048514,-0.047633084811715576,-0.15478449404133704,-0.08435061579647453,-0.04429146621152671,0.09210447623517391,-0.37954246831503374,0.06242601720903754,-0.2357856938286549,0.01351427428773983,-0.10092779030084977,-0.025338226259443344,-0.0190220910732689
2,0.0,0.0,-0.0930951879618538,-0.06969749515917939,-0.12659534750397675,-0.20222716085207879,-0.02915934571804867,-0.23933972563473288,0.0746960884753966,-0.2677255427233752,-0.10698213541086078,-0.5201901883658699,-0.13464485215664973,-0.732307633780936,-0.15038452305752303,-0.863833304727814,-0.16189308377524436,-0.974665389150074,-0.013676239783848439,-0.5281563831299393,0.03924338106621322,-0.7455002338574926,0.07635314427739215,-0.8850211474411036,0.10475016765193512,-1.0,0.05541464142539238,-0.47308161655982356,0.08143047649717454,-0.48780918290251063,0.05272056182419461,-0.3479128587412274,0.02960656499616332,-0.2600313952946575,0.10947582892601905,-0.39283060165369393,0.11725240153655873,-0.3465045529960005,0.0907564655846113,-0.22463530911949853,0.06661827320571143,-0.14581619213943922
2,0.0,0.0,-0.1008717453720599,-0.07397894418127818,-0.16251163390755363,-0.21839313532461813,-0.08996384337618,-0.28643322696486306,0.010358079864478963,-0.3131365843538067,-0.11364894592446503,-0.5124611616033673,-0.14886201115142328,-0.7225707061177571,-0.1628372728159264,-0.8500741890382554,-0.16983695539568822,-0.956107742760871,-0.017114379302542927,-0.5152499843223686,0.018395524954783502,-0.7354796816515355,0.04799952041641999,-0.8797004923190657,0.07388232300782888,-1.0,0.0596306653918289,-0.46168538819887356,0.07037757814159705,-0.4639614763991561,0.03381029706832436,-0.31783904500985827,0.008927824052497826,-0.2153480834751687,0.11804904239369668,-0.380145543671251,0.10743715065471722,-0.3356014560997313,0.06877169141890714,-0.22190754921464045,0.038305426228525445,-0.14079438489400126
2,0.0,0.0,-0.09949457874563457,-0.07116399174570638,-0.155723065908632,-0.212286647220708,-0.07941381399222525,-0.2768204276400118,0.021958937973820276,-0.3067852709434815,-0.1093153451735426,-0.5073672758886961,-0.14110904693288084,-0.7164600630762408,-0.15363830205831144,-0.844793281060979,-0.15980569334744474,-0.9530962803058993,-0.014765657016525435,-0.5062389333391396,0.02641592992611728,-0.7267277729089439,0.060336452411187416,-0.8744854999039626,0.08795621989434069,-1.0,0.0599402494277284,-0.44943467523927055,0.07663708817635427,-0.45144122237368745,0.038976160685518,-0.3044951477123004,0.011761085324003835,-0.20398543652703785,0.11512690548750852,-0.3652444573703994,0.11080353645832118,-0.3267090838444313,0.07259198143224592,-0.21096856271243905,0.04112883764127935,-0.12919638837068426
2,0.0,0.0,-0.09950205485417776,-0.06776657547826635,-0.16066916493954722,-0.20784117551697587,-0.0910468870429129,-0.2794797045227831,0.01018469799407435,-0.3082275631169564,-0.11322439691393357,-0.5026607939909205,-0.1393431767714347,-0.7181491966961283,-0.15033594062153008,-0.8458900380476603,-0.15676715549485096,-0.9519338885036931,-0.016268203475804016,-0.5028150810323181,0.022214954534476736,-0.7281084753115374,0.05604890047627984,-0.8755674384963575,0.0837968988930844,-1.0,0.0616211422838978,-0.449063579723602,0.07648704937492146,-0.456164415384547,0.03762130458585044,-0.3076527437013599,0.008629930446224548,-0.20340366981496139,0.12046060943506585,-0.36711800009430046,0.1139329025443774,-0.32813272041804276,0.0730608000521971,-0.2130695275391411,0.03890287637005672,-0.13023817498467305
2,0.0,0.0,-0.10544330011930551,-0.07797806477015601,-0.16712877163136253,-0.2146582782972671,-0.10452930107838189,-0.29913270954766635,-0.010391135554151765,-0.33789224598827267,-0.11277365959363403,-0.505990865239558,-0.13564785534607876,-0.7086758183622407,-0.1449553292307976,-0.8324443011599445,-0.15009707192811336,-0.9364704669352131,-0.016167883443455273,-0.5035056346048504,0.020437778145535792,-0.7257690324423586,0.05005203194812669,-0.8761293460561004,0.07498658575658262,-1.0,0.06275425267939316,-0.4457770068972061,0.06357249351017098,-0.4776158023709932,0.02309260914723765,-0.3257958297984358,-0.001702603390537968,-0.21610187378520002,0.12162606406485757,-0.36006095651369385,0.10797535141333016,-0.3603113723272221,0.06118874914499375,-0.2510678161138529,0.027312756898793783,-0.16533321179885596
2,0.0,0.0,-0.10909667884601296,-0.08385292170380057,-0.16678734709718104,-0.2137002540282292,-0.10480141362446999,-0.3070698469384822,-0.00819668822728561,-0.3491395342607869,-0.11561299400442497,-0.5062952987348247,-0.14441019865425828,-0.7089181900430572,-0.15632667768527922,-0.830049378273584,-0.1632011813309494,-0.9327175614366336,-0.022501905915008606,-0.5021330469945496,0.007198261516857609,-0.7279178968629978,0.03297187098169331,-0.8773331940615933,0.05734208119681066,-1.0,0.055593886541396305,-0.44099442468642147,0.062465943962123634,-0.49388865738087834,0.02120803638710678,-0.3493730264315828,-0.003744253053163929,-0.24134345206126864,0.11247864598513943,-0.348463764620322,0.10465280545919128,-0.370662644420534,0.056269900804355455,-0.26970486173753155,0.020710413078105637,-0.18400234935443513
2,0.0,0.0,-0.0949793253213994,-0.07039246511725473,-0.13985770373802384,-0.19572761599987215,-0.05811701516809029,-0.2548075682459179,0.0374906166077012,-0.29575486925015937,-0.11796387088052637,-0.5165071954740625,-0.15128675463733948,-0.7277899744998146,-0.1700939945789839,-0.8577308747361038,-0.18315282980137093,-0.9696070487526851,-0.0235791392268168,-0.5185322934367614,0.015904943593097152,-0.739426962537852,0.04595660490095683,-0.8803833701565755,0.0695054442404659,-1.0,0.048698744702306104,-0.45726941744138094,0.0743083093445352,-0.48719272043542605,0.044762589561555634,-0.36049424110685824,0.022134067678294442,-0.27686039227033227,0.10182160591733491,-0.36982011356464356,0.10794534632854434,-0.3527259826361668,0.07347672727254566,-0.2572573640796168,0.043857588531858914,-0.19451145843513068
2,0.0,0.0,-0.08379762759701795,-0.081887113000835,-0.11631512408406826,-0.21036239345959942,-0.03592935914442033,-0.2650708502572951,0.05046099496532424,-0.3040141485692121,-0.09043483882392127,-0.516453293077878,-0.11219876418857237,-0.7241639340378574,-0.1247309448956274,-0.855340155318653,-0.13284621501882105,-0.9643001194372776,0.0018424540194589003,-0.512182140543284,0.047170998886336225,-0.7338678865906008,0.08057549132609107,-0.878217543687763,0.10917297966996442,-1.0,0.07325847740659891,-0.4469586257947177,0.10936792604164304,-0.48869180544633184,0.07889465608026892,-0.3651821363271421,0.055200340021807494,-0.27934690757032377,0.12548442968750156,-0.3515085857714847,0.13697522334007983,-0.34786423300247327,0.10471832457747733,-0.25841838061201117,0.07796871100696125,-0.1960381516674741
2,0.0,0.0,-0.08910056465686877,-0.08207012605336952,-0.12729031525041512,-0.21686306096004948,-0.04569342422537539,-0.2702068722157918,0.04788548260381712,-0.3027123217964465,-0.09952965286471613,-0.520566752172191,-0.11745187494875044,-0.7311036410007455,-0.13033061316293218,-0.8612272533628671,-0.1398781562088752,-0.9692281294273561,-0.007310585308465975,-0.5187265108370821,0.0391672075317937,-0.7345476115543547,0.07269417022927974,-0.8779047303055707,0.10131824939717868,-1.0,0.06344174034131524,-0.4559354950091095,0.08623332953199479,-0.4833283199228996,0.05298777831015255,-0.3605382695365438,0.029948926452109562,-0.2756270469522926,0.11562343813996079,-0.3658484092241412,0.1112401645635287,-0.34807564087511167,0.07743769265355845,-0.2586607807049958,0.05239207132126166,-0.19661893070806288
2,0.0,0.0,-0.08950993180754281,-0.08993455959474808,-0.12527790929691762,-0.2258136673500706,-0.04589659911947719,-0.2884232950268816,0.044771692313456485,-0.3244044784850422,-0.08885782484862041,-0.5209266341758017,-0.10706864763855432,-0.7319838168641015,-0.11687634522149892,-0.8607876533226344,-0.12315187111654582,-0.969093832259089,0.003587480349256355,-0.5116956631987988,0.04821510252062534,-0.7313812200778469,0.08108249755181117,-0.8780272292568545,0.11007471798715723,-1.0,0.07588638262844154,-0.4446992558085803,0.09466791051683045,-0.48609756581674946,0.058645914619038175,-0.35953417618083433,0.036914740137384036,-0.27004810738444224,0.12893474849166814,-0.3523099283284496,0.12526207496241576,-0.3661580574349226,0.08731074346214825,-0.27500648427148794,0.06179114869622097,-0.20686153008289385
2,0.0,0.0,-0.08711540015011532,-0.07855053697902696,-0.12169797523309207,-0.20552821915988648,-0.03295189032490994,-0.26028851627234506,0.06145849254922612,-0.29534187974806814,-0.09015044268004123,-0.528069609796732,-0.10411912759778515,-0.746996574949677,-0.11327983600831734,-0.8826114224709961,-0.11958072278147153,-0.9962362834895052,0.004986494567092528,-0.5215965637864104,0.057860340941232935,-0.740389758150421,0.0962082811183709,-0.881554915852757,0.12704645167094553,-1.0,0.07588830986967005,-0.4537483964579944,0.10852555622624126,-0.48602083480037656,0.07688640952372654,-0.36685508407894457,0.05247206298343244,-0.28333288978582305,0.1255785056719521,-0.35743601905668515,0.12935446880396903,-0.3370001759274284,0.09248248203220437,-0.2433556779223324,0.06232329243825289,-0.1780498621195275
2,0.0,0.0,-0.08161614019123227,-0.0749343025225322,-0.10921346016499353,-0.2005109974772074,-0.014087821211011467,-0.2545179813776858,0.08516111713053587,-0.2907714366945238,-0.06816937390854362,-0.5299893212748092,-0.07821367250852038,-0.7485838438534124,-0.08514857063452365,-0.8837344621707758,-0.08947758521142148,-1.0,0.027257144223392017,-0.5193685940372896,0.08278083378331065,-0.7361805672767973,0.1263091262501814,-0.8731748103289384,0.1616296430616575,-0.9930916152240603,0.0935428866457227,-0.4434395674346937,0.13459265433432907,-0.4800727318006565,0.10150399345499016,-0.35563682107773453,0.07426010590662992,-0.26922389506205424,0.1364748654625029,-0.3379446046161163,0.14979214243729178,-0.31019909395360684,0.1125217107644438,-0.21289912356807197,0.07877826482907056,-0.14536370279765556
2,0.0,0.0,-0.08246877455898853,-0.09020737877642074,-0.11292821637870792,-0.2236164529424184,-0.03233389797676889,-0.27625656701027773,0.053062125605979615,-0.3182849620554433,-0.0708701651964519,-0.5364898760773592,-0.08388379595730364,-0.7471684861648237,-0.09062044640018038,-0.8805763834999843,-0.09319464617286374,-0.991010659969087,0.021286751544413948,-0.5234367038003869,0.0748753912668325,-0.7399921717212727,0.11410928380664292,-0.880542490771881,0.14847674546961317,-1.0,0.08964979632588706,-0.45092674251576775,0.12128889337653714,-0.4898652505155108,0.08995836137132802,-0.3612595290934943,0.0675957510757999,-0.27154500707157647,0.13761200781698116,-0.3515478502948785,0.139214851416869,-0.3512006851979865,0.10657591888716993,-0.2605423448448572,0.08164711126864953,-0.1955052593746933
2,0.0,0.0,-0.08130015085702587,-0.08798278984860904,-0.10386103929688963,-0.21943681191935363,-0.010259311195333397,-0.2734485975168505,0.08314335748046375,-0.30904332630514947,-0.07250905671175974,-0.533197280685847,-0.08546883415889273,-0.7490972814978324,-0.0927178944089399,-0.8844158614684188,-0.09722441280545104,-0.9970707015282302,0.0203884586870493,-0.5223927090609931,0.0784222781207117,-0.7409761982503932,0.12099885017960868,-0.8831319404750803,0.15545827588947453,-1.0,0.08801945221503438,-0.44972863697441484,0.1294100336284941,-0.4951481417962542,0.0996237063290317,-0.37897961990722207,0.07544524475574375,-0.29530822592777317,0.13446550329678333,-0.34826639908880486,0.1517735850356523,-0.3529835415501488,0.11827894549191914,-0.261421372880134,0.08897168951749126,-0.19454921652030838
2,0.0,0.0,-0.07997180997648724,-0.09082798348467198,-0.1011734012201739,-0.2192309150915325,-0.0074374403186377,-0.26952492177001064,0.08458635832349584,-0.3042193629190823,-0.06516548389794415,-0.5389047120805773,-0.07737767630190455,-0.7496137120786326,-0.08309468891788817,-0.8842307984029218,-0.0862968188739938,-0.9957476725484209,0.030290904706246145,-0.5223354155767627,0.08812542664273254,-0.7394214481445539,0.12915994896818095,-0.8818926503678608,0.16273733977195157,-1.0,0.09812953019220559,-0.4420789340106459,0.1451506644443969,-0.49129916237025684,0.1151830844300442,-0.3791198372582844,0.0917065514820426,-0.29787441971726347,0.1408871543343012,-0.33247550997784864,0.15694666747052155,-0.34087320032128265,0.12108582641791248,-0.2544682013812042,0.09067312797434407,-0.19103286923679813
2,0.0,0.0,-0.08081143477230429,-0.09594872109516264,-0.10025516741075456,-0.22745052747831798,-0.00771108456375516,-0.2727326973998429,0.08233931130063196,-0.3027587194229198,-0.06536255788185785,-0.5416408912693286,-0.07693664365227455,-0.7528360155386246,-0.0817880726980495,-0.8883437457517213,-0.08463281036646178,-1.0,0.028892506066391647,-0.5253842850079221,0.08466505217036666,-0.7424409211050277,0.1297578616465697,-0.8811013703969712,0.16801613052637152,-0.9964983957296453,0.09894287786973108,-0.44572320892568623,0.1433944604249903,-0.4856751349524012,0.112399500011429,-0.36781858932483497,0.08778192028815511,-0.2850444948924411,0.14529456136108534,-0.33663499029738253,0.16023190037763815,-0.343603791539895,0.12820327735530587,-0.2589190093104224,0.10004126469678869,-0.19774788593619733
2,0.0,0.0,-0.08218843607562117,-0.10027412803890291,-0.10364605284419443,-0.23570323158857426,-0.01318332404818504,-0.2843692282649592,0.07852570090177392,-0.31396977333211806,-0.06796086006571553,-0.5425388697091016,-0.07622848937340361,-0.7556300482788048,-0.08208324934656909,-0.8903228447251116,-0.08681451034268742,-1.0,0.024888560372065927,-0.527599974393457,0.0827679150015076,-0.7450402196451209,0.1252671612029459,-0.8840442441084128,0.1610085170313259,-0.9974460091036497,0.09514853579835181,-0.45267608603512904,0.1325785907881651,-0.49138480232629256,0.09726274145649351,-0.379518715979411,0.07114692325247837,-0.30022172505759687,0.14314557343544854,-0.3508089264028447,0.15279609885743892,-0.3626419574631531,0.11676250478635314,-0.2808825975696154,0.08748822896247571,-0.22038095206364702
2,0.0,0.0,-0.08460607694040195,-0.10019375041817484,-0.10747918078252175,-0.23803666557038106,-0.015721489428068745,-0.28334585109300303,0.08046626377385481,-0.3078077837534243,-0.06530406847607191,-0.5329130695776976,-0.0806177490837848,-0.7495361204117384,-0.0856848502439314,-0.8874824602156699,-0.08804641905689911,-1.0,0.03026596391304225,-0.5150434572010415,0.08758159710279044,-0.7335253246685934,0.13087035024911442,-0.875603703120833,0.16756160009951385,-0.9943844419168099,0.09966979500715727,-0.4370412445260324,0.13639261411343634,-0.478942599553884,0.09914183454128929,-0.3657303005487396,0.07249549784716522,-0.2865743964853523,0.1461390328876257,-0.3315410320225339,0.15381436712123253,-0.341437993740806,0.11629760478872629,-0.26139131836039653,0.08487323765807009,-0.20471272448332437
2,0.0,0.0,-0.08084265009100089,-0.10073447229019446,-0.09999795346838271,-0.23454903513011058,-0.006213549062572239,-0.2776145720493084,0.08372570150685192,-0.30518437621948863,-0.05887104013574086,-0.5442362460284496,-0.06728716885141668,-0.758250429422799,-0.07225861275854323,-0.8918277806434388,-0.07563841321240812,-1.0,0.037292922395986194,-0.52437395900146,0.09671094461852883,-0.7413295664748354,0.14038509213345804,-0.8809341858687922,0.17674195887494715,-0.9963906624204236,0.10711523228831538,-0.4426182767366565,0.1525726530352157,-0.48516845978495604,0.1187809276276652,-0.37436737754182714,0.09287020942995257,-0.29617731149932164,0.15244172152379162,-0.3322685942513857,0.16743861219109582,-0.337955626543329,0.13050708867388938,-0.25893834311870023,0.09946120403966736,-0.2037540831794171
2,0.0,0.0,-0.08241724226574577,-0.10033133242029162,-0.10329898648687523,-0.2348814767985606,-0.009578192679111558,-0.2810160124441249,0.08518789657420643,-0.3056444343080602,-0.06702778686191123,-0.5375170619971587,-0.07699353513994693,-0.7510970193890568,-0.08099889003524133,-0.885808721980179,-0.0842532984226441,-0.9954984634709286,0.031794288065658,-0.5203863680770177,0.09239979075679897,-0.7381808775372637,0.13577448866940703,-0.8802434788132053,0.17106391146241712,-1.0,0.104480985035613,-0.4401598275607725,0.14614505303919306,-0.47844889386707073,0.10907687892546758,-0.372319416696604,0.08118438279814683,-0.2983080344372147,0.15199843136641195,-0.33030300449946526,0.15930307193045726,-0.3337739745368607,0.11695525827105556,-0.26014692591773464,0.081052052353146,-0.20985100052172717
2,0.0,0.0,-0.08182517619792425,-0.10394139671965646,-0.10342395242407273,-0.2409587464821477,-0.010993655879641732,-0.2857753477596562,0.08140090806046138,-0.3098175104235173,-0.06402264994802942,-0.5423978658136676,-0.07371364885976807,-0.7536424640842095,-0.07910361822019064,-0.8875967607263399,-0.08324588645354354,-0.9955112611981006,0.034460930694126195,-0.5231223873360031,0.09313612855776876,-0.7412667705776831,0.1353103263608016,-0.881447134290364,0.17186184056383336,-1.0,0.108113969819971,-0.4397695292251995,0.14954027064507755,-0.4747415718546488,0.10837043041052692,-0.3627825024221278,0.07871463037560847,-0.28898540210035345,0.15625822641444576,-0.32703791184088044,0.15979055266126485,-0.3245780160353454,0.11537537779313627,-0.2533832896249705,0.07927911506169981,-0.2089873379933474
2,0.0,0.0,-0.08602208683713373,-0.08335847100415819,-0.1155155785149902,-0.21691844514330427,-0.01763502621158687,-0.28810355113306285,0.07988567191853961,-0.331492799767539,-0.11489815822855322,-0.5141575579257719,-0.1512299650591805,-0.7205075398896288,-0.17204525953477826,-0.8502696083062248,-0.18956692190903834,-0.9535162660818657,-0.01636326638134596,-0.5094820597383988,0.018874427398606147,-0.7351590557617604,0.04814987828589534,-0.8805562125011646,0.07241668898110017,-1.0,0.06342098616548558,-0.4368080218162407,0.08901059213493859,-0.47608142477060655,0.05857500787791801,-0.3608353568343952,0.03597586175518927,-0.2876494442674492,0.12206244870666412,-0.33254478143039534,0.12285534405164526,-0.3398380721371885,0.08233320150986732,-0.2577891489090468,0.04903724349531549,-0.20508777770611097
2,0.0,0.0,-0.08965698793061912,-0.08962576223759847,-0.11749339218798215,-0.22060713589486655,-0.02172701067983755,-0.3122244034428929,0.07593741590476337,-0.3670862113194438,-0.12464689487588546,-0.518122503164312,-0.1633153619350562,-0.7183769925624303,-0.18510829352238178,-0.8416972291751191,-0.20370536216708043,-0.9412733620768728,-0.0263525333036111,-0.5190048458372356,0.006620931145828974,-0.7416039207327109,0.030743863229729808,-0.8849398265716336,0.050740666933097,-1.0,0.05370558985442538,-0.44901614129799566,0.07666601540857844,-0.5033965530738117,0.048263862310306625,-0.38494340451562553,0.028884633424458867,-0.30724715808245623,0.11427866372248859,-0.34732663614499737,0.11986481009682784,-0.38734279544113553,0.08352135609715267,-0.31134119338960753,0.05378300355170573,-0.25599343566542276
2,0.0,0.0,-0.08316653078749381,-0.0922731550720089,-0.09730446379507034,-0.22587738492319737,0.014074567466605407,-0.31175846157791215,0.11372461590203814,-0.36241317172506643,-0.11878898490734538,-0.5103030462295066,-0.15460301912431365,-0.7095433802824662,-0.17651350925783268,-0.8381841173741744,-0.1961803506212472,-0.9405593079211376,-0.02064529856295854,-0.5136457374593978,0.010187653128975578,-0.7375513732414738,0.03569196548252224,-0.88165860045229,0.05695883973667909,-1.0,0.05963990147188191,-0.4446713924503455,0.09799046465167072,-0.4990845904540978,0.07137481819493825,-0.38715476641321156,0.04968621341726124,-0.31504541656273516,0.1179749814194856,-0.3442651960209831,0.13247149133449737,-0.3715685387334055,0.0999393259050835,-0.30387782276001224,0.07151256937096244,-0.26015390409084965
2,0.0,0.0,-0.07915477623658729,-0.09598304108872023,-0.09248929599581261,-0.22210583616854226,0.015405181889557707,-0.3083929861292855,0.11132352787228474,-0.3662909186076943,-0.11652635435749804,-0.5183223239989532,-0.15095482857890605,-0.7221485475006543,-0.17208374771002355,-0.8514447526825438,-0.1892155980109919,-0.9549715781209107,-0.01681654017272965,-0.5197456163308034,0.018897252028264852,-0.7427335252551688,0.04903889034284219,-0.8845769170374248,0.07430159644072232,-1.0,0.0641496990316671,-0.4508876210416121,0.10931923580214603,-0.5056117246794033,0.08698979324784088,-0.39397874901858154,0.06478597225857105,-0.3205401727296519,0.12504789322166973,-0.3524405129547239,0.1488401989008113,-0.38029835121695893,0.12087327924627062,-0.31324470034022506,0.09176152839570793,-0.2675720492017796
2,0.0,0.0,-0.07362600815689407,-0.09142146389580758,-0.08927628930306022,-0.21592210897206865,0.009568545401939656,-0.31179392979634535,0.10368295814572237,-0.3782300919581179,-0.1185443208062578,-0.5199852142137122,-0.1547083359503626,-0.7218592817361561,-0.17702169371387855,-0.8477157710591915,-0.19503543543419863,-0.9483959584144612,-0.021130083000155477,-0.5228939778810403,0.014203003903406394,-0.7448967929464798,0.04610570601614698,-0.8854779072964148,0.07015814407492563,-1.0,0.05814417789071904,-0.4546866103173075,0.10500008752032274,-0.5097066215816879,0.08501332883032693,-0.3990205961060664,0.06115673036430077,-0.32418454226356386,0.11876281271783551,-0.3560188755594865,0.1476325752700517,-0.3805325972016149,0.1165107603662674,-0.3073439847282185,0.08148142046513447,-0.2558455853204737
2,0.0,0.0,-0.07621210258711628,-0.0941731306940161,-0.0863911863359207,-0.2291318556272832,0.022473207101948188,-0.33061608932741376,0.11896287724771054,-0.4049037164874871,-0.12941839043541992,-0.5093703504416491,-0.17025542282667225,-0.7085507219668653,-0.19483293637525873,-0.8346093302732358,-0.21575874615656762,-0.9368904503045685,-0.031802143755864,-0.5157225571889982,-0.0014283200238802633,-0.7448413507658715,0.02832703080963044,-0.8877325880336633,0.05039845329122155,-1.0,0.04748531228122331,-0.4513120677752331,0.09024783266156591,-0.5268741055280015,0.07716087322540907,-0.41117755093237723,0.058381492471904946,-0.33017501729962256,0.10937695234619739,-0.36254541087641495,0.13688684558368025,-0.40880248539429875,0.11008189804350736,-0.3305486526950655,0.07809364538335498,-0.27344926628741495
2,0.0,0.0,-0.07881020490596698,-0.09180749948524465,-0.0933643944486844,-0.2214854333835864,0.007901065134382969,-0.3218319107091944,0.10475791546211896,-0.3849165672011838,-0.1212256410598363,-0.5122905794417526,-0.16364532053547487,-0.7126969078106016,-0.1891965836006121,-0.8370089592687585,-0.2106102038148271,-0.9342422528563112,-0.025039841760469337,-0.5177456726705628,0.004960847274160817,-0.7464098972045198,0.032443832059023396,-0.8885074277326942,0.0528461272515621,-1.0,0.054142967209427934,-0.45214472636939573,0.09104814695148651,-0.5229120179561212,0.07348321958200048,-0.4165885188240826,0.05272468742378438,-0.33839096875642183,0.11564526880736188,-0.3551233968073651,0.13613525931646553,-0.39635615856525613,0.10468557692909995,-0.32442781331728143,0.06912532812495896,-0.2662112572093532
2,0.0,0.0,-0.08015258899056067,-0.08704728338082621,-0.10407792005631768,-0.21909294623451062,-0.012320459339095983,-0.32237609162929,0.0793885985363755,-0.3884736570437945,-0.12395367576988592,-0.5069504544639618,-0.1682916468699044,-0.6920336279711117,-0.1944179519557265,-0.8118227232368104,-0.21542284916164342,-0.9050121336243699,-0.031154392286832918,-0.5116932553156969,-4.220727800617465e-05,-0.7367371373320276,0.022803159582620358,-0.8832389865141939,0.03981811373738477,-1.0,0.04767370134207528,-0.44586935956844803,0.08236789025178384,-0.5286122750381124,0.058039460319931166,-0.418327174555749,0.03614007859847055,-0.3340901601669395,0.10987290188201865,-0.3441775059990482,0.11727505166519328,-0.37538823919367836,0.07805539066320799,-0.2923682658578358,0.043195470423346746,-0.2256906407877969
2,0.0,0.0,-0.08389807288687563,-0.08118002677724713,-0.11150824486147008,-0.2108989501652505,-0.016278131614029002,-0.3130414947487142,0.07244660439123045,-0.3880629082901366,-0.1302786227670347,-0.4945216663181746,-0.17273590080782958,-0.683082467047339,-0.19882346006348123,-0.8052835621380555,-0.22138520124120778,-0.9060597874140794,-0.03571458058163806,-0.5049927488689369,-0.010060956350552682,-0.7349329023168099,0.011693396872173302,-0.8817877470189528,0.02745483859633156,-1.0,0.04378711608510733,-0.4435998712019405,0.06956400858423321,-0.5240464325836818,0.04907440315213474,-0.41105896850572554,0.031728522568365405,-0.3261444124241358,0.1061239944371834,-0.3458272059211778,0.11073733816959679,-0.3857978058632302,0.07251611079782026,-0.2995236507068821,0.0388502411507496,-0.2297154096663443
2,0.0,0.0,-0.09013208584586083,-0.08041888704808864,-0.12260756864061345,-0.2080708972396905,-0.032374095587592605,-0.30728236917364765,0.053804650058630527,-0.3773812559402108,-0.1312901560155094,-0.4878798061316814,-0.17485641013008474,-0.679190713236176,-0.2015090715395172,-0.8036787007067715,-0.22354129155698507,-0.9057204545456707,-0.03509747390824952,-0.49889287262200155,-0.013475367997042461,-0.7284780210891098,0.006196603490516159,-0.8794993069813462,0.022369099461896434,-1.0,0.04577870178151399,-0.43812455732262445,0.0675887449547738,-0.5111854532754773,0.042141316837209904,-0.4026736548385713,0.023117614771792708,-0.32041324893022705,0.10911279821368296,-0.3419505167656492,0.10716875082686213,-0.3738947153772912,0.06551706001447383,-0.290640790926739,0.03134595702342758,-0.22427535015441577
2,0.0,0.0,-0.09596756348704351,-0.08536750441645263,-0.13040262507109376,-0.21679689625474508,-0.04305260929157102,-0.31313446234402564,0.04129442871159099,-0.38028878913116404,-0.13355738410069418,-0.49222545873735946,-0.17748784270345513,-0.6854044283087501,-0.2040946190968309,-0.8114332713289413,-0.22629859362736385,-0.9141259853133022,-0.03562888318972027,-0.4996983466916746,-0.014320131673578282,-0.728532641847218,0.002601091564952544,-0.8797707282120875,0.016827290689356088,-1.0,0.04770303415498221,-0.43869192434000454,0.057485001816602044,-0.5099093111784888,0.03330538903635323,-0.3996409943791297,0.018721597097713333,-0.31993235329100894,0.11437452472898454,-0.3443740989777962,0.10016321735018188,-0.38299832315126137,0.057093807114856024,-0.29784999468288315,0.02589273628379543,-0.23179192947574756
2,0.0,0.0,-0.09347200795312988,-0.08817794067280327,-0.12687064494912603,-0.22560072802659933,-0.04029606010917368,-0.32606411756326287,0.04446641439322529,-0.39160261325784324,-0.12812298254494095,-0.49364691088796814,-0.1698013308762688,-0.6849595220847869,-0.19402935596014947,-0.8101056691813187,-0.21497357039156434,-0.9107572598072942,-0.03327455877405413,-0.5011400041826674,-0.010317435661179694,-0.7315761836494076,0.008860321641060457,-0.8819556735761503,0.025519385754077344,-1.0,0.048313028705828154,-0.44034034940427297,0.05673746639469226,-0.5097060425904654,0.030555256673324583,-0.3888084853591487,0.01490984533223412,-0.304235822121461,0.1140267493703267,-0.3466999360476218,0.0979456435094398,-0.3837589753071078,0.053655590680532106,-0.2903919129035289,0.021111862105336537,-0.21975825394852894
2,0.0,0.0,-0.09493749856022672,-0.08995506026832202,-0.13105589799306183,-0.23100987226096356,-0.04806515626417736,-0.32582532505967127,0.035199201155015514,-0.38141162189696537,-0.12490151950734131,-0.49700221572293546,-0.1645150537993325,-0.6903531663964202,-0.18554923648528893,-0.8143950060905348,-0.20475875041312677,-0.9152764529251727,-0.02839792371763801,-0.5013958631376197,0.0022005847477587727,-0.73321783805054,0.02251208351766349,-0.8834887034800437,0.038130744107742524,-1.0,0.052936831915812874,-0.43816045632703376,0.06170644985522345,-0.5135937634427812,0.03733001860304616,-0.40225098268934134,0.02296886187626083,-0.3215540995105476,0.11880336857584914,-0.3423761595170072,0.10627759957236971,-0.3836847947247647,0.05953915031515168,-0.29917948202011124,0.02337524229327559,-0.23152908389047663
2,0.0,0.0,-0.09566034518069491,-0.08997801222270695,-0.13645916843870792,-0.23360109999794434,-0.059424670925656495,-0.33142634284944233,0.026354307754269838,-0.38934991781230754,-0.12422180551019181,-0.49151580523762867,-0.16887572261596687,-0.6881277803536774,-0.19430898765623847,-0.8127496750940457,-0.21552551777484913,-0.9143271344246519,-0.027588074828486964,-0.49815601119793035,-0.002650067722049523,-0.7303548955161836,0.012335577030690765,-0.8814854616481544,0.026162637985103432,-1.0,0.05546869825201738,-0.43884202147462764,0.054328767519606656,-0.5118907585097952,0.022422317593952447,-0.38766076849108877,0.0076648873925830845,-0.2989106228829722,0.1238310428129737,-0.3479626664595796,0.09986242412199257,-0.3851244273699101,0.04800442648674452,-0.2953267598406343,0.01391899392214591,-0.22516648813017862
2,0.0,0.0,-0.09667675044745981,-0.09077754746133489,-0.14504753782373908,-0.23686590738729368,-0.07400143799048478,-0.329263393198611,0.008998913858250853,-0.3807556907708547,-0.12139249873793388,-0.481903884104086,-0.17117938166409155,-0.6836701073903533,-0.19593729443620064,-0.8086207720785081,-0.21672992932429744,-0.9131446098303477,-0.025794910431550123,-0.4904015091251205,-0.0027828557879117015,-0.730916412978629,0.011704898346310942,-0.8834233352200584,0.02421273845400725,-1.0,0.05536990010555462,-0.43604384341201485,0.045831357371231014,-0.5048616316602671,0.015477902369624746,-0.381755495724273,0.0005400113203506249,-0.2911133335373036,0.12393890835105326,-0.35122535146629136,0.09835376860591412,-0.3861643133595435,0.04645684498768529,-0.2898552830852545,0.008020238951184812,-0.20946568709938962
2,0.0,0.0,-0.09860296870661317,-0.10562984182159504,-0.13501509707355175,-0.25032668367545097,-0.058639145383800176,-0.35528818851997507,0.03090698183848194,-0.40220797874787084,-0.11334526937322345,-0.48696701782652735,-0.1562171179102073,-0.6942446358073748,-0.17689271092384648,-0.8187270168475766,-0.19238644329372598,-0.9228452408124342,-0.02009073769979191,-0.4884096157913643,0.007032967373131451,-0.7292154237548089,0.027465176997812694,-0.88051428186979,0.04560401087312388,-1.0,0.05986186638397047,-0.42563237238974094,0.062041289179368964,-0.5302449567716374,0.03357936240420225,-0.411906942225804,0.01789545048635324,-0.31913791978495587,0.12263504694682745,-0.32618346261141185,0.1106694063742748,-0.39696933509563803,0.060573056636601175,-0.3050179105893975,0.022882681806351658,-0.21878009493403183
2,0.0,0.0,-0.09255567439273103,-0.10694262694905138,-0.12257689822872544,-0.26814288654122315,-0.03456389168905963,-0.36585478899451745,0.056251215435644826,-0.41953281800650893,-0.09825471979335666,-0.48980292793507035,-0.140814409453667,-0.6965841342970887,-0.1613413550215678,-0.8215677536641635,-0.1765804420072903,-0.9227701579849231,-0.00239491439771523,-0.48548683241053736,0.03213248372938443,-0.7313596691302423,0.05103888096297728,-0.8844861672324307,0.06901205780463122,-1.0,0.07709918725715072,-0.42087937189701047,0.08421523668660705,-0.5261196815146351,0.0474293359254821,-0.40258770578734226,0.02943371651898646,-0.30774347523897183,0.14074278839891133,-0.32586652938322075,0.12635085944777824,-0.3955465950091834,0.07677230642141301,-0.29868985185272645,0.0440955417064331,-0.21144955257819698
2,0.0,0.0,-0.0796698808530875,-0.11265191209079582,-0.09483108278933738,-0.27271451693644727,-0.005196752361262851,-0.3805502454153884,0.08190065097442323,-0.4326623376559122,-0.07415648262648246,-0.5072763735578142,-0.1040989114605716,-0.7093645145071797,-0.12045842009347583,-0.8325168982518872,-0.1332178631411052,-0.9348166674863176,0.015623306995983645,-0.5000016327052431,0.06028541468783616,-0.7408948728800435,0.09160050334818369,-0.8875268938712896,0.11798976976580179,-1.0,0.08689672901852546,-0.42944620518236476,0.11343956868083452,-0.5289994673422834,0.07602251629167715,-0.41657148324938426,0.05279396932117163,-0.3297694511349627,0.1386790147999288,-0.3264911769103418,0.14742853377033102,-0.396773002615198,0.0986987141308264,-0.3081224513100085,0.062221704154403645,-0.22978080091019853
2,0.0,0.0,-0.06946145066579386,-0.10585064442174827,-0.07314506407114434,-0.2488004570111251,0.018087547010012476,-0.35141840365173505,0.107871056872301,-0.40922343933999356,-0.06053362418842405,-0.5308533857407588,-0.07775568579377737,-0.7359269531832878,-0.08973164131441526,-0.863507490343624,-0.09648761432554395,-0.9698371143028042,0.031531344575210084,-0.5178589893896165,0.0870159253005832,-0.7490199281705797,0.1306790203413206,-0.8906158580797023,0.16482480475112113,-1.0,0.10153211455812422,-0.4400267312322817,0.14886008217852065,-0.535895519707469,0.11970598294707908,-0.42988548361670864,0.09433999142181297,-0.3449403249043946,0.1493045615595661,-0.33256664741630504,0.16940684198204298,-0.38029953045239834,0.12296158618184025,-0.2979359678043973,0.08185405828084442,-0.2267490360661038
2,0.0,0.0,-0.07056778309846996,-0.12398270025166136,-0.07917140858416678,-0.2866540516244936,0.023381621526809504,-0.3992623163670323,0.11861691084829679,-0.45778197479823585,-0.09942028131532626,-0.5135492370337533,-0.1337314945313501,-0.7099656834767499,-0.15304802805890508,-0.8297594092090379,-0.17091697778898404,-0.9292470080527523,-0.008303522916394027,-0.510209225618893,0.030416560180500048,-0.740043943101101,0.06737765167684023,-0.8829323344074448,0.09776132390453998,-1.0,0.06740094731007379,-0.44724232802855224,0.10771678128346607,-0.5204422607452821,0.0826553047925284,-0.39787339988119225,0.059862583170549384,-0.31274850102877627,0.1276388299836725,-0.3547709114279469,0.15901993215489404,-0.428879716423627,0.1209228359555766,-0.34221662061211333,0.08286051191468866,-0.26953373104917366
2,0.0,0.0,-0.05673543809459077,-0.12888475494221285,-0.04533652237791199,-0.29185930239037505,0.07832509027359774,-0.3937731169502087,0.18011619274941404,-0.4481762090008048,-0.07051985059824183,-0.5254402438892464,-0.1043689543326122,-0.7273245642771897,-0.12239187324323425,-0.851445306272992,-0.13752636360537573,-0.9529034613911085,0.02032546461485204,-0.518440756414268,0.06393275083874689,-0.746124373963239,0.10573683075019498,-0.8844488151609433,0.14272713523006372,-1.0,0.09525021365414828,-0.4508230506852751,0.15225638579438214,-0.5060011965040527,0.11651949176949315,-0.38694157275987684,0.08341547817400663,-0.31195893758114723,0.15579927879095531,-0.3570534648712166,0.1958762453123147,-0.4079366877493865,0.15107678220829907,-0.33109916512102916,0.10772879976274032,-0.2743071472032687
2,0.0,0.0,-0.07460779469132732,-0.0978315943739923,-0.08709876706966758,-0.23948195787962767,0.021553297989804814,-0.29340817638296424,0.1210980848648975,-0.3256690453048899,-0.05847801991172804,-0.5049949423643461,-0.07600236109384029,-0.7013175297552813,-0.08435279627385579,-0.8321595324404671,-0.08937890858262888,-0.9410855066260988,0.03386351767453649,-0.4952790610020079,0.08899487978885673,-0.7226381487041479,0.13336005356989633,-0.8709547337485964,0.1731764416287778,-1.0,0.10540087257938759,-0.4196504565207076,0.139926804583108,-0.45853881426138754,0.08976303161659584,-0.3301135071314147,0.05562631161736106,-0.2589315320011194,0.15642854541154622,-0.31493725464270783,0.16379954224710183,-0.32550120351796763,0.10899368576558872,-0.24002572380357007,0.0688074991823485,-0.19630948800385933
2,0.0,0.0,-0.08104480652081042,-0.10049480234441101,-0.1139691343886399,-0.24957800722463702,-0.01878752926671666,-0.3122996796638971,0.08222905603019376,-0.33500852064411174,-0.0799606605926327,-0.4973309348713379,-0.1044495438252875,-0.702081388390241,-0.11684409438319085,-0.8318598776442656,-0.12543183018086757,-0.9401593699157444,0.011930155372737032,-0.49500974825945826,0.058719572121264066,-0.7190966756835726,0.09253276035950186,-0.8716381899991044,0.1256449449479055,-1.0,0.0854436067450313,-0.43044953147484566,0.088776090250343,-0.4609820987774409,0.04323926831339534,-0.3544105076073382,0.02020086554310766,-0.2856378615516399,0.14213139189340213,-0.33516656915544013,0.11158011320712141,-0.33194904690572447,0.05548969942971138,-0.26385827524408256,0.02098665079743228,-0.2200321287922647
2,0.0,0.0,-0.08541657983817591,-0.08119308272942126,-0.14587736095428877,-0.2261662006286829,-0.07223104420930758,-0.2928809750587789,0.028463271452818767,-0.31533874199951134,-0.10054939970764448,-0.48932277218485465,-0.12778026420587396,-0.6919299019733424,-0.14235129577422784,-0.8168138545005581,-0.15153429288852674,-0.9210451327166312,-0.008610359234797877,-0.48529169975708414,0.02907887748636968,-0.7146606768072148,0.049622243490157376,-0.8681444047338193,0.07041749177630635,-1.0,0.06811709438540532,-0.4254737681092368,0.0467689477610485,-0.464167236070384,0.005735937894910314,-0.3432265556383586,-0.008706906143786452,-0.2647606841103671,0.12941319744626734,-0.3373615698948002,0.08684384904422383,-0.34470898085082874,0.0373743599704662,-0.26086076253322266,0.015020596036644235,-0.2033666002755315
2,0.0,0.0,-0.10977076681469576,-0.0829219247792093,-0.18161180490970505,-0.2105589262269668,-0.11535229508234768,-0.2533734330570064,-0.016031087050050283,-0.27631274648211107,-0.13693862859271208,-0.49696200497447496,-0.16816630826602985,-0.7097522503719127,-0.18510922976302402,-0.8385070754200683,-0.19539896504877158,-0.9463411427518006,-0.04123753566469482,-0.49933426739336595,-0.01345885708511423,-0.7232510006061125,0.004714040450273221,-0.8728257841716655,0.02393952750579313,-1.0,0.0379205708584184,-0.4476954712557002,0.013889213839635938,-0.4612087109827282,-0.023575282982617563,-0.34807286922756014,-0.03861543926340186,-0.2705810543796938,0.09989206895969895,-0.3693234981248652,0.05705761555511662,-0.3405005724604169,0.017020198792078098,-0.25702164899586244,-0.0021419986605687017,-0.19815140416044147
2,0.0,0.0,-0.1095181964788016,-0.07085531905533116,-0.19042287514126313,-0.19689795096278903,-0.13095049466155967,-0.2605258219383364,-0.03693016995570318,-0.29199673891823374,-0.15942455380097503,-0.4902337681442355,-0.20933409040290582,-0.6987907394626639,-0.23919912739941102,-0.8258180888301075,-0.2670275349686403,-0.9358708339405472,-0.06225682806180107,-0.5005557724721804,-0.050619804885023496,-0.730657347882634,-0.03873728975508891,-0.8799757446732457,-0.03168934209187672,-1.0,0.022891587591391403,-0.4551652813026729,0.0001347327205285922,-0.46526490790056174,-0.02607017993692309,-0.3524272855756249,-0.04077477844716415,-0.2670875116516307,0.09075993035143243,-0.3802355004220709,0.058199379679556094,-0.34943601295633836,0.01259518935446529,-0.2510171976693989,-0.02061969146206999,-0.1745797507719635
2,0.0,0.0,-0.10844182004156978,-0.07993088724303862,-0.17983687057581085,-0.2124322525295364,-0.11877732691251389,-0.29493916482199534,-0.033999644358966075,-0.34250355471573457,-0.1450231381321977,-0.4951128730982864,-0.19044396608892697,-0.7027091757872173,-0.21256567440408097,-0.8318217836233857,-0.2322119042137136,-0.9408155928935962,-0.045648356877417494,-0.5033382582310904,-0.029694444701773303,-0.7341483854597496,-0.019280534121316976,-0.8829850619468387,-0.012728514615739353,-1.0,0.040161678842589525,-0.45549324180359263,0.010636468660772003,-0.4825192490144744,-0.02328093088475762,-0.3664442516863011,-0.03999221837534409,-0.2792193340384395,0.11037570289377473,-0.37911876489981156,0.06686593711299466,-0.37463890798771116,0.016983553974627474,-0.2770843580984366,-0.017382576888168067,-0.19848678581168513
2,0.0,0.0,-0.10118750218893902,-0.07628990020211389,-0.15725626080892546,-0.20987525153403064,-0.08346917685696287,-0.29223965147214187,0.004601981061853764,-0.34250810960344624,-0.1322325316016295,-0.49631083421740607,-0.17757759484035485,-0.697518773892685,-0.2013132304129303,-0.825832716735996,-0.22013500267549305,-0.9323510335560472,-0.03387480111133819,-0.5014062409256009,-0.011308668553181132,-0.7298210855452886,0.004417556022430696,-0.880845021344095,0.016792875164198133,-1.0,0.0500104404078808,-0.44514086570709493,0.03184235737760007,-0.4756049119126606,0.0007255085985957984,-0.3493302844091239,-0.014136666934142084,-0.25811037927275354,0.11808367310839094,-0.35871756324870024,0.07772407088128126,-0.35760768804149917,0.02923136874855641,-0.25843622639769576,-0.002155024318835427,-0.18257502574635617
2,0.0,0.0,-0.0940186977169929,-0.0814882765996756,-0.1416546340892849,-0.21774076711059087,-0.06342190993887199,-0.29693978955875033,0.023987546670081128,-0.34788311556546614,-0.12249215464139966,-0.5034081841611259,-0.16222912301672923,-0.7100004120391641,-0.18232910232616045,-0.839593596468337,-0.19853221016478464,-0.947021289133198,-0.024077486401599953,-0.5054059095277189,0.007635794595375326,-0.7340776769143318,0.02990651141503553,-0.8836897619787095,0.04681274414981921,-1.0,0.058693871294028935,-0.4462842706928948,0.05177316402215796,-0.4831834854703028,0.01995532254913124,-0.3592421049087156,0.0028167085868518746,-0.26769785744065194,0.1254911794820446,-0.3581619420247604,0.09854271051767625,-0.3599992822543593,0.052243464637957135,-0.2626011988124411,0.021416067843799055,-0.18753630264409518
2,0.0,0.0,-0.09290148265487966,-0.08257613440981709,-0.12976528046501803,-0.2164271647834024,-0.044276960227151836,-0.2905379604307339,0.04338805262494258,-0.34051544099021935,-0.11359607581671885,-0.5167997713789669,-0.1476540700389314,-0.726030121627375,-0.1654331179335597,-0.8566462360507687,-0.18072237348408107,-0.9652983372343887,-0.01455331441147889,-0.5141581323847472,0.021693018480722755,-0.7396076309436598,0.051551489788088815,-0.8839172673157253,0.07290206943691992,-1.0,0.06369071121790644,-0.44848535206138546,0.07832689179537611,-0.4795409035234022,0.04501222947836196,-0.3579103930073498,0.01898486259109959,-0.27635821565404584,0.12201259073005316,-0.3530143463729591,0.11746144651627279,-0.3468031912880336,0.0719777757422065,-0.24688160059806977,0.03303448509092098,-0.17750851001930334
2,0.0,0.0,-0.0887761042799373,-0.08396097813081266,-0.12383984979519037,-0.21308179819375703,-0.03711727149204641,-0.28874667321478314,0.05963802006055087,-0.33621977913847206,-0.10945962747097394,-0.5130384272641586,-0.13935343407120057,-0.7252525852464818,-0.15347458323905272,-0.8587601410297637,-0.16502472497578252,-0.9690397605268692,-0.010523378748333145,-0.5126049395876415,0.028250276636499087,-0.7344604308415401,0.06428870456551615,-0.8809905680971243,0.09277677888959339,-1.0,0.06818987203470384,-0.44735906054621666,0.0851703555596235,-0.4676294850516562,0.04990183365730406,-0.34913243735537947,0.023586073344075968,-0.2684146384976505,0.1260591471329422,-0.35076865387671174,0.12088322449231967,-0.3389607687004168,0.07734873972766071,-0.24852473461622931,0.039591209596832086,-0.18309180874505981
2,0.0,0.0,-0.08518252156585082,-0.08168552511630113,-0.11598932080849864,-0.21094454540048416,-0.02344085652692861,-0.28166222813976316,0.07469153221720176,-0.32338141137360177,-0.10562617528903508,-0.5158175557195303,-0.13435785091404998,-0.7305985296177848,-0.14866388721412482,-0.863891980427867,-0.1604065879216981,-0.9719425112581637,-0.008480901267814336,-0.5089371522853866,0.03929371407037157,-0.7373263668097819,0.07595861156256117,-0.8814660524520513,0.10559499386728251,-1.0,0.06754519580039703,-0.4360623833341537,0.10017276734895329,-0.4760411977853172,0.06587698973663503,-0.3645727376820577,0.04007770410300738,-0.29326773059162514,0.12164496254108988,-0.3313222058717735,0.1335359977264289,-0.349641513875844,0.09693702666880186,-0.27440497495129573,0.06523442972409119,-0.2237367236744722
2,0.0,0.0,-0.08340429067350201,-0.08662011982375911,-0.10483479944312592,-0.21966238519527298,-0.0024865474114454593,-0.2861384597868598,0.0979606926374195,-0.3271147302163096,-0.0974109838885443,-0.5250676860492668,-0.12397174132170116,-0.7385612884592814,-0.13699550869709134,-0.8727752840747991,-0.14667200916459655,-0.9790616135369461,0.00036134393568605454,-0.5141121950940747,0.05238322150866808,-0.7396503755647098,0.09267307033766316,-0.8827977427872981,0.12632069669924184,-1.0,0.07553341090652049,-0.43706131549413785,0.11547114721424487,-0.47998387579615454,0.08199825833981364,-0.368928202014998,0.055119236904908955,-0.3020373731614649,0.12917276416241838,-0.3307609191147865,0.14759866733543137,-0.3561840146190437,0.11029715923002971,-0.28251864635814106,0.07590882175941088,-0.23738823944178955
2,0.0,0.0,-0.08171052648171104,-0.08604774917120522,-0.09988600525334197,-0.21653201247384993,0.0004119279193394694,-0.29196168902216296,0.09236243604083466,-0.344250684199664,-0.10349142538409126,-0.5179213864989364,-0.13298042039345842,-0.7218853940868167,-0.14910487642792922,-0.8521147244475437,-0.16191835672705615,-0.9548184427695511,-0.007106176943217418,-0.5105459852370078,0.036743550070469096,-0.7371334524561622,0.072256990900176,-0.8815942619281505,0.10173715888270016,-1.0,0.06969105826384152,-0.4347987458896529,0.10064092621572329,-0.48409243662509976,0.07076438269448777,-0.36616524950852375,0.04854633579607382,-0.2944374598843155,0.12506615015949596,-0.3289372637982192,0.13142350099219985,-0.3588327223769754,0.0937508012628533,-0.27821317437959664,0.06272590358280612,-0.22664127004943554
2,0.0,0.0,-0.0894116023669812,-0.07852337221454812,-0.12334034124837415,-0.21078435040417384,-0.032475588502095816,-0.30422500994825935,0.056549452930764486,-0.37055762240731843,-0.123665099076889,-0.5032965057437533,-0.15159038534139171,-0.7087446049824381,-0.16736242128242415,-0.8380243607241263,-0.18021843899542744,-0.9412111562379595,-0.02715780052853316,-0.5045113837725063,0.010064771792518423,-0.7325098425818539,0.03593170368131753,-0.8836267928123765,0.05412183471653413,-1.0,0.051385978371828275,-0.43831656503003424,0.06983576019034579,-0.49525432803941793,0.03875968163626637,-0.37176939084585225,0.015362153080267756,-0.2837887830278566,0.10998892694357891,-0.34159975784066166,0.10317931306236817,-0.36151823798957217,0.061081875024597346,-0.26732389151611474,0.026899121492175736,-0.19718397453245612
