4,0.0,0.0,-0.09927401399247344,-0.11166001988414878,-0.14302833746649787,-0.27337087411576333,-0.06403165932506291,-0.36982840980964965,0.03371313488012801,-0.41056087400336577,-0.10253558659771587,-0.5315760486947068,-0.13098810731718283,-0.7595552735398792,-0.1462220628220573,-0.8897328923262104,-0.15244602618454248,-1.0,0.0010914824113157767,-0.5076784898673606,0.0057439236350594535,-0.5904938237545074,-0.021399267781037307,-0.45030873563993545,-0.033932207927297175,-0.36325621839457467,0.0906208329884772,-0.4492615991719366,0.07378286223432029,-0.4677885985966655,0.03701844035112995,-0.33672446966236796,0.026760631020293888,-0.2822909482164041,0.16852173717569474,-0.3702136268748678,0.14524849566094358,-0.39461125262984725,0.1005845694509584,-0.3043713451636866,0.08556927827488149,-0.2671720469331306
4,0.0,0.0,-0.09897137152985448,-0.1119978675123228,-0.13978763387144508,-0.2663321418359858,-0.06531333248083626,-0.3614841823296622,0.029137707731044318,-0.39655601667499996,-0.0975312346637759,-0.5266269531463088,-0.12283467136385345,-0.7528117905652557,-0.1332741893013321,-0.8857869833919352,-0.13600624255887514,-1.0,0.0019205756458623635,-0.4987013507819367,-0.0015346913067807034,-0.560459750818579,-0.02711746659363106,-0.4194079181775801,-0.036188598955792656,-0.33699694113435646,0.08833783023900159,-0.4376903436424867,0.0683785869379429,-0.45559808976440314,0.033405042032004416,-0.3298915975601809,0.026009744611600924,-0.2780594480084741,0.1643753268738169,-0.3567519389803434,0.1422090925004863,-0.3838762858347324,0.09735844182931194,-0.2994798621156428,0.08151516709253842,-0.2625365968441423
4,0.0,0.0,-0.09228183877029827,-0.10100474703182745,-0.14007686365899635,-0.25949461122086764,-0.0588607853702057,-0.33885407586197835,0.04378957989279388,-0.3557490410294824,-0.09463418213357981,-0.5272470646814115,-0.11951922978642007,-0.7510985998373364,-0.13107761710975704,-0.8851328906080026,-0.13642934427881181,-1.0,0.0027195776003177343,-0.5100379791749714,-0.01634758172969516,-0.5285261787634938,-0.04385638293988894,-0.3841177033185417,-0.04616364337248065,-0.3219859414265042,0.08760234007788578,-0.4527671428300253,0.06565480127736187,-0.44355416303447914,0.027804121784510163,-0.32455877134959676,0.0222665872330981,-0.29980331430724144,0.16566863644394603,-0.3727272362228754,0.13139465780047865,-0.3539920843864852,0.08389422339815054,-0.2825613748432136,0.07020890736498119,-0.2771486853306349
4,0.0,0.0,-0.08999675382814361,-0.1131030086868706,-0.1283634221140125,-0.260213566202099,-0.05491605033914519,-0.34099449011172317,0.03807610812136273,-0.36963393541964257,-0.09398698197254322,-0.5231455996805093,-0.11774964110173387,-0.7503586293949017,-0.1256306150393296,-0.8859966312228675,-0.12657507000958437,-1.0,0.0007980097793839945,-0.5032611390209395,0.005385490525964087,-0.5331105048164694,-0.016925801760532894,-0.40413405632206756,-0.023847980929502147,-0.3346123835989273,0.08468242455159898,-0.4441264992483257,0.07846056528560666,-0.44473343121440706,0.04314630233062951,-0.33886413381613045,0.03131274221935984,-0.30188932220971276,0.15965232441857943,-0.3629060605186096,0.15125386300724572,-0.36375892002676524,0.10285005285111937,-0.30753077813661134,0.07471500995092384,-0.29488468920010635
4,0.0,0.0,-0.08754965388721082,-0.11348173530103044,-0.12208580162603519,-0.2638843511031004,-0.042560084932796706,-0.34560087843447723,0.050445766203412304,-0.3832976293475121,-0.09688520319618588,-0.5295787633080422,-0.11954807776968455,-0.7534947822942188,-0.12725893806352934,-0.8880410809284686,-0.1268234319049556,-1.0,-0.00045315198037056955,-0.5103577335633718,0.010966969204584566,-0.5165164892018486,-0.015091907444208278,-0.390191870115109,-0.025419443003267934,-0.33254369796756517,0.08418057533383348,-0.44728665473784857,0.08215494414096865,-0.42955969854387405,0.041749650539962144,-0.32307662361571254,0.027427610290024544,-0.29475671687297117,0.15753116397661873,-0.3645410303559071,0.1535553966016694,-0.3576597056022028,0.10502611217794557,-0.2943450416696076,0.07738002114587965,-0.28198732702546747
4,0.0,0.0,-0.0813359929663314,-0.11706714490995238,-0.1149650896110882,-0.2595254510498732,-0.04238546567569001,-0.34263158635274915,0.04902498763443828,-0.38192160287985005,-0.0991422214573793,-0.5258376202417842,-0.12039330964484952,-0.7549733730041478,-0.1270211064174289,-0.8860647425095001,-0.12818081752327268,-1.0,-0.005196061347617136,-0.5026323944886574,0.004826447402077559,-0.5309653147346627,-0.021510304995542625,-0.4016556323645443,-0.034040199710586326,-0.3438001364450895,0.0790282959408127,-0.4405406790001194,0.0818223176111214,-0.45245869938462613,0.04378238631710459,-0.34117567900553103,0.027477883593073266,-0.3053485609228046,0.15290165887933918,-0.35811063597049003,0.15865674102599348,-0.3757252929582861,0.11212705339577626,-0.31148895072571686,0.08205447629726557,-0.2924311939017487
4,0.0,0.0,-0.08465466916931166,-0.11844789245092491,-0.11911590468594567,-0.2689082983654369,-0.045329989633552434,-0.35719417682299964,0.05082601421812058,-0.39000605022600215,-0.08990464049292253,-0.529938776580239,-0.1129520468141829,-0.7581903077920504,-0.12332493650483758,-0.8902507613782633,-0.12754470519329855,-1.0,0.003995904957946366,-0.5003857220392679,0.022756795051591554,-0.5346572728601822,-0.004198652844975172,-0.4097917745200127,-0.019820977015762263,-0.34476786082726507,0.08698081196144533,-0.4377827934865139,0.08970296629285063,-0.44132327622690654,0.05036289724404242,-0.33353530577978213,0.033474696151064895,-0.300174241498323,0.1584652790217137,-0.35886286530185546,0.15949279743947134,-0.3748461272379886,0.11222426600522778,-0.3078428716401875,0.08359350856023769,-0.2870222920675471
4,0.0,0.0,-0.08609379548533073,-0.12213358010564204,-0.11756591505738886,-0.28295302705345,-0.03489160136786333,-0.3657219634710371,0.062136768326665905,-0.3956455185457899,-0.08839404575891577,-0.5345140813977896,-0.10901173798472302,-0.7582158037256287,-0.11485274955817718,-0.8889771759740889,-0.11516910017139777,-1.0,0.005969529010075025,-0.5073796018466261,0.020751682245580935,-0.5351301883398318,-0.0054229768345555145,-0.40864308006865796,-0.02082582692055451,-0.346481067245513,0.09021694555362328,-0.4434497681301825,0.09140396649296217,-0.4432435753197798,0.054538527956337964,-0.33375766448510674,0.038426183944818004,-0.30194853971179964,0.16441034417075448,-0.36097952883177475,0.16319048773249872,-0.3699167867251374,0.11600799420824168,-0.3015412736042662,0.08804203508773169,-0.2839499198619638
4,0.0,0.0,-0.09116852074545462,-0.1200492106121329,-0.12982212178743707,-0.28908392023120794,-0.049527536102407226,-0.37583810499594,0.049940684898299184,-0.39521778503161914,-0.08879838850782484,-0.5360840450586433,-0.10835286226484285,-0.7606683758785371,-0.11644704747803558,-0.8889703219682691,-0.11674490304156966,-1.0,0.008385331522776417,-0.5101476583202958,0.023638467260341477,-0.5395846865869125,-0.007905619865324086,-0.40503254076445594,-0.02364376403977599,-0.33892873342174246,0.09360945326819237,-0.44787342250873485,0.09242933081018302,-0.43943759502201607,0.05003655660606386,-0.3240348958891518,0.035036606925468484,-0.2902086030644694,0.16765966567787566,-0.36577740213802734,0.16048623728971564,-0.3635151476415472,0.10848669422522153,-0.287253529817955,0.08217917980782931,-0.2660446952842243
4,0.0,0.0,-0.09126516274938769,-0.11845517666781834,-0.1282022179447882,-0.2836487849877591,-0.042925654467240115,-0.3693545101390308,0.05823316829813075,-0.38959652075457246,-0.09264165396977135,-0.5365090147237987,-0.11015793598073878,-0.758691946957135,-0.11462739262376648,-0.8877950939300014,-0.11115994569241906,-1.0,0.007500497210017889,-0.5113902923560407,0.02204507612013698,-0.527594250406522,-0.006960767757814822,-0.3918108086989415,-0.01853071119230531,-0.3310183671881751,0.09467085731771539,-0.4454939662939043,0.09338561470078824,-0.4319132762233221,0.04959835952605234,-0.3205180505779452,0.03654980923177128,-0.29528513808639084,0.16986850369022116,-0.3597659895928294,0.1631987310061892,-0.35887437516699444,0.11014672395952012,-0.28899743658696414,0.08434889809117926,-0.2748790869757884
4,0.0,0.0,-0.09278368643831368,-0.12551100773820173,-0.1261230841753893,-0.28803370275471596,-0.03922936533084084,-0.36925759862462026,0.06374082857565079,-0.38514132033341597,-0.07882124223110992,-0.5341208942267666,-0.10061843391620369,-0.7586545410153773,-0.10981496692589175,-0.8898035843331428,-0.11055233304262521,-1.0,0.01953031080294622,-0.5020798763132167,0.04391885151465247,-0.5354595155398092,0.014724834443468653,-0.4152372201990635,5.461345005845161e-05,-0.35381027727062603,0.10406652087299008,-0.43339306432855723,0.1058976777278911,-0.42352679795762604,0.0633027374019621,-0.3226659006129895,0.04856877253650224,-0.291533190605675,0.17730298831948496,-0.3479969037724536,0.17550395702344185,-0.3514808360896499,0.12374393291912779,-0.2920656294732727,0.09395474759962896,-0.2734113319358152
4,0.0,0.0,-0.09395791637366799,-0.125755624858556,-0.12719757438375068,-0.2949522329996308,-0.041454405866073775,-0.3725104801268956,0.055561650040518495,-0.3921932512313528,-0.08520258489294574,-0.5404066880709473,-0.1042824232638343,-0.7602907625413968,-0.11240196234551955,-0.889050603379288,-0.11102927088446592,-1.0,0.01518369311296799,-0.5136617850684669,0.0340507019582844,-0.5313793796668097,-0.0017911045346843879,-0.4010372195532872,-0.017348386767362164,-0.34237732433686247,0.10253395203870633,-0.44582410103117,0.09924545782529341,-0.42589597775788224,0.051678648648785276,-0.31384519255511195,0.037796703821680204,-0.2873604706986993,0.1779446936442835,-0.35779844959672763,0.1640981361492213,-0.3486934575732008,0.10805606094844453,-0.27439910203802387,0.08188241059179921,-0.2577215579795316
4,0.0,0.0,-0.09839268988198073,-0.12350152987948296,-0.14075873696480237,-0.2903160918343983,-0.06570730387361322,-0.37223870282871596,0.02147442915721333,-0.40430347813417145,-0.09671818995483213,-0.5431887267656058,-0.11762063151759881,-0.7615899090398185,-0.12773407156089336,-0.8881610224174177,-0.1264796952729846,-1.0,0.008040630268717607,-0.5198438065899299,0.022601419561642695,-0.545538122098953,-0.01228982369960244,-0.39996103490622986,-0.024484399392211142,-0.3314757196677976,0.098173053306413,-0.454547800928335,0.08781982807068668,-0.4366345149137231,0.044688799617009764,-0.3110420248527361,0.037082113939595776,-0.2798393106175718,0.17599950044751578,-0.36899993755593946,0.1576197989301251,-0.367664633765585,0.1061862081884978,-0.2829425306496264,0.08763166330162563,-0.2620294319671961
4,0.0,0.0,-0.10286248738826621,-0.11880389831535537,-0.1553106623477468,-0.2930045747634507,-0.0749814927317837,-0.3774815581810852,0.028190094784453227,-0.3887323134986473,-0.0972737287156221,-0.5376794279347732,-0.1217190632161958,-0.7606145106280287,-0.13236075263516014,-0.8886920652366015,-0.1298426060517238,-1.0,0.008211461024961344,-0.5120911569715658,0.00642618350483497,-0.5564361782860178,-0.025331367162915095,-0.40397005268322156,-0.028227121554400113,-0.3311640050209605,0.09817020064349917,-0.45047176101193676,0.07437144815204202,-0.4460145208552466,0.03447061791236057,-0.31353078062299417,0.034072131573240544,-0.2768587825907957,0.17928508810454663,-0.36802260492460936,0.14664639818017502,-0.38102422080873477,0.10007813953366985,-0.2918144984923825,0.09202049456183589,-0.2671342805172558
4,0.0,0.0,-0.1085659030055474,-0.11440212336246428,-0.1721656221406295,-0.28887621301455924,-0.09422626534366066,-0.3692735490414062,0.017279047914640487,-0.36967372727121706,-0.108740744542041,-0.5398685579816807,-0.12770652806979713,-0.7608070737957933,-0.13472338111622587,-0.8877206469761871,-0.13269535087637058,-1.0,-0.0038244735715421796,-0.5206382916781186,-0.02163380287250006,-0.5378119083369807,-0.04847864013746525,-0.3929977198229347,-0.04770328453724807,-0.331090657557143,0.08761024844439554,-0.46074018004895234,0.05792304373620738,-0.4324910181945399,0.02174104340099849,-0.3077980805590192,0.020864861966472203,-0.2767072091787366,0.17042773345333745,-0.3775485045456332,0.13447106981144583,-0.35765242588108703,0.08813773368196375,-0.27216313850262286,0.07657319141398117,-0.250220278953668
4,0.0,0.0,-0.10759802600426743,-0.09460385328876281,-0.18720485222812572,-0.2761504263694782,-0.11885404754540049,-0.37490942291888324,0.0033679996085842776,-0.3649497171772624,-0.11158316879222542,-0.535509284098985,-0.13569404558832188,-0.7567732749305693,-0.1472620387285955,-0.8856742674845486,-0.15122578633511322,-1.0,-0.007024419531312843,-0.5287996556868475,-0.04121176336929327,-0.53240549010307,-0.06794711575539503,-0.3943805307165976,-0.06547705035082292,-0.34128133917250403,0.08299406491032682,-0.47386976636959427,0.039564002690153824,-0.41921668757810693,0.0013011255689832893,-0.2965733709601046,0.0003967230543031266,-0.2695847593332333,0.1604731486326572,-0.3919061531049135,0.10799010514321918,-0.336272213049568,0.06070940782615834,-0.24731884376458999,0.05280115169100714,-0.2271562901418799
4,0.0,0.0,-0.10578450812580889,-0.08744273569922736,-0.1874475260634711,-0.26738191854497395,-0.12897609444469238,-0.37173423059175736,-0.015486879110449832,-0.3601895346509155,-0.11252393646748714,-0.5347397624388768,-0.13530789144952737,-0.7556120754846763,-0.1458236007735005,-0.8862766709670763,-0.14906188700226786,-1.0,-0.009131498773953356,-0.5313322985600656,-0.053153717875387474,-0.5344690454441794,-0.07581222263483954,-0.3949613556812696,-0.06693555486133942,-0.33518809140014977,0.07897812113725704,-0.47639902178305543,0.020019136891004475,-0.41056369485297883,-0.010401559447806116,-0.29077920392334927,-0.0019394014828838647,-0.2653449082727134,0.1531069197016217,-0.3931891665707911,0.08278257109903649,-0.3230752664486573,0.044722840579543996,-0.23493813265050853,0.04889217708953027,-0.21781990932700296
4,0.0,0.0,-0.11363023930979267,-0.08856852216418107,-0.20310915625292858,-0.26498487107091284,-0.15071435589609922,-0.3695860695168698,-0.03624538600900764,-0.35838116081090154,-0.1184515214374866,-0.525046962751153,-0.14609720324778272,-0.7471781004576457,-0.1564436007597054,-0.8827234796245055,-0.1594522001396317,-1.0,-0.017103748037746606,-0.5268179764947905,-0.0672360998201261,-0.5322406217988234,-0.08274637325634675,-0.39352661481983264,-0.07245088651211627,-0.32441265349839665,0.06653064520156286,-0.47584867763334326,-0.005291314979731353,-0.41182838726037485,-0.024826619651491473,-0.29565877074167907,-0.011341427388760783,-0.2610901973424579,0.1334181521855798,-0.39486067149681225,0.047486775360615234,-0.32227829252419155,0.02323849554465928,-0.23398848249269497,0.037072280643499135,-0.20946392258709715
4,0.0,0.0,-0.1151517886184668,-0.1009222751639813,-0.20340629254538337,-0.28703383893831397,-0.1567439281631042,-0.3858830968916428,-0.04903743961274246,-0.3561970099989158,-0.1131639839066863,-0.5434017284016343,-0.14172445426669533,-0.7556326273301966,-0.15664735399771598,-0.8881697134328009,-0.162875170343843,-1.0,-0.010771184476457652,-0.5432566236892694,-0.06659510980888378,-0.521450664073177,-0.08394697153155914,-0.39247351270916014,-0.06857901909214441,-0.33590556052944065,0.07243468177919803,-0.4861431492072478,-0.006276509202625259,-0.403715557107956,-0.029793535796066525,-0.2984230980732561,-0.013839970602499438,-0.27686985438238954,0.134509958338392,-0.40068783529089436,0.04492159476246651,-0.31288682416749825,0.021638943118303514,-0.2367423959612197,0.04166290649608152,-0.22952708848530806
4,0.0,0.0,-0.10713755413663101,-0.0925779222273649,-0.19138331504983425,-0.2784172030252585,-0.13761567829224447,-0.3792502316336072,-0.028243872044487292,-0.3616380651369899,-0.10632796591171584,-0.538168530390244,-0.13383427563674735,-0.7564702703485968,-0.1460589044050021,-0.8867817546874374,-0.14990432061671222,-1.0,-0.0036822711430127626,-0.536408029737749,-0.05115936136462241,-0.5236181041588355,-0.07123541049225658,-0.39091433690564775,-0.05998351501761438,-0.3387841174780875,0.08109366862457797,-0.48086795904155255,0.014335115654851861,-0.4052547373014919,-0.014649642981650867,-0.29138135458140163,-0.0044538433278866404,-0.2686279874768686,0.14720236892776867,-0.39789650260955395,0.06765031039329554,-0.3088232160376546,0.03326931977712031,-0.223907656822558,0.04123325397698069,-0.21210393210301154
4,0.0,0.0,-0.10740161520457149,-0.0915850161309595,-0.1922437848361952,-0.2697560324165513,-0.13767071053537916,-0.3730588375868928,-0.024384282330449206,-0.3575833081470131,-0.1113775979982147,-0.5359996274767524,-0.1386211719721943,-0.7578421415166616,-0.14894797326267106,-0.8879142563943967,-0.14997170931940706,-1.0,-0.012303283124696886,-0.5303875296085694,-0.047353854912738184,-0.5370186191336375,-0.07071844271225039,-0.4042518608590527,-0.0657659921418681,-0.3415286104882866,0.07227530873742734,-0.47681534795779945,0.018064741728929593,-0.41936049004378906,-0.01305096539751042,-0.29931627926591836,-0.007617046101509071,-0.2611971350853641,0.14247520611781575,-0.3971285837790726,0.07564488694270874,-0.33382071791555673,0.037422244557997655,-0.24533168626513815,0.03908893465379939,-0.2186131592080015
4,0.0,0.0,-0.10839797583738657,-0.08622584312070392,-0.19540428588347294,-0.26541587284984486,-0.13974713228606483,-0.3708962678687434,-0.029205438261407066,-0.3630103836461255,-0.1211566689403883,-0.5304495891102686,-0.14329792211948578,-0.7530635669560746,-0.15549596419615788,-0.8846008476165326,-0.16166446419406058,-1.0,-0.017874075923144224,-0.5304808256367276,-0.05780792231493719,-0.5332519517697322,-0.07515115578271551,-0.39729059724327837,-0.06361898720293059,-0.34203460989282214,0.07063364007899807,-0.4809336258619162,0.012463731046010422,-0.415210724731145,-0.01448036119420275,-0.29383879149984504,-0.005041753864917731,-0.263312494405315,0.14554293589970255,-0.40458084552993256,0.07252282519923772,-0.32858005622753256,0.037531311271004446,-0.23494669397512555,0.042736923029004184,-0.21133205846656677
4,0.0,0.0,-0.10555576983177474,-0.08436315085049836,-0.1918792176619036,-0.26756282989275815,-0.13536331414099287,-0.37728070501121586,-0.024755271525417986,-0.3742349588006908,-0.11142233230012144,-0.5305021597240571,-0.13600232788082461,-0.7555604378492227,-0.14729054930129332,-0.8865226586287852,-0.150235455521003,-1.0,-0.007338159474615537,-0.5270377338018893,-0.04748770545134322,-0.5406068855239913,-0.0671078874355354,-0.4022183716585376,-0.05600143032380181,-0.34033541958267566,0.0809416202237981,-0.4767547149679709,0.02031723053553875,-0.42184351003191195,-0.010060568878129419,-0.2979182804970231,-0.0022932762165051726,-0.2617712440753126,0.15509677214703932,-0.40120402408336536,0.07988041224181268,-0.3357645473627143,0.04161023892679575,-0.24113283952076944,0.044287410014501497,-0.21280788639018786
4,0.0,0.0,-0.10194535998249299,-0.08628708426044172,-0.1782453341592903,-0.25340241928532437,-0.12201544585322555,-0.36450887214045075,-0.016478058499944794,-0.37484755003945763,-0.10714225693345764,-0.524074037597788,-0.13152657052146785,-0.7562035771912271,-0.13768709398254322,-0.8881698107786301,-0.13522205334036408,-1.0,-0.0057127285258565435,-0.5105073690095907,-0.03387556035355922,-0.5443612443783936,-0.0557885085121697,-0.40610356423444866,-0.05337758997777831,-0.3294243738867245,0.08344653196556497,-0.4578289390819987,0.03386887414992601,-0.4265208809235924,0.0024944960798065265,-0.3011795005333603,0.0038722154446605515,-0.24958857259129966,0.1606853756282095,-0.38186932881177305,0.09724251926756072,-0.34475330890278855,0.05421788313708723,-0.2510282748709156,0.04868893485704084,-0.21077046208714725
4,0.0,0.0,-0.09731378339973558,-0.0883478783085296,-0.1683542194322962,-0.2604779897230125,-0.10688149975336565,-0.3717143653972419,-0.0024507342593647744,-0.3907359321654947,-0.09705781060340918,-0.5239136066097824,-0.12061073647532948,-0.7573666615869105,-0.1274624524359326,-0.8881559483359016,-0.1280579478380314,-1.0,0.003706327292032479,-0.5033491653906373,-0.023480383704755546,-0.5514125015597919,-0.047811423568751614,-0.4049509487730494,-0.049091197323807574,-0.3197774218640107,0.09235231420791577,-0.44794102502262656,0.046183736136348234,-0.43673849333708314,0.011810297901988495,-0.30251491242292733,0.008950476346697062,-0.2426210675987433,0.16960521090958403,-0.3706321878437914,0.11148720555571946,-0.3497698184704448,0.062172246323244466,-0.2513748500095956,0.04962732363884864,-0.20665314531197598
4,0.0,0.0,-0.09523721575682778,-0.10142653930950167,-0.15555333443423694,-0.2792662912005933,-0.08879511894104661,-0.39081915195656647,0.017664795130529504,-0.39624218865431915,-0.08749594403933122,-0.5263831188019851,-0.10071384907770352,-0.7563559981864062,-0.10460394992626842,-0.8866362614472247,-0.1018605633149946,-1.0,0.00917842170981919,-0.4979169744851103,-0.0017183511940458498,-0.5877576802512378,-0.031349135645810336,-0.44987104217909385,-0.041486864481662715,-0.36420372076449065,0.09466684628778199,-0.4388377427420032,0.06749498799145931,-0.4533718432313259,0.025548568680451137,-0.3195320218094799,0.013205773370300518,-0.25667440920587187,0.16988336940241214,-0.3570424152086937,0.13901587908601823,-0.37061376824820164,0.08711171419383436,-0.28038874210174086,0.06734198411801687,-0.235083842501253
4,0.0,0.0,-0.09432002833831171,-0.10274680589277776,-0.14719975517533435,-0.2841021462114261,-0.07235586583880668,-0.39252772329365865,0.03505468509373628,-0.406214181805607,-0.08378006130292089,-0.5271284327906661,-0.09190439152452269,-0.7597025480650269,-0.09448110662755636,-0.8879341252508225,-0.09014919361413275,-1.0,0.014303178725051902,-0.4970522135543349,0.017393230089137752,-0.5869530706735921,-0.01500429034442265,-0.45136734683273316,-0.02825177020381331,-0.3718486036089062,0.09939551743668001,-0.4373773659381592,0.08166651347207567,-0.4509625905975789,0.03601416700575528,-0.31751899299372155,0.02245116004140375,-0.264536240554568,0.17202659601439635,-0.3565658753762898,0.14759967368656243,-0.36260353401108053,0.09306741619136029,-0.2684693101065249,0.07171065680702696,-0.22916602835587085
4,0.0,0.0,-0.09451153577157877,-0.10594802692116664,-0.14055037311915983,-0.285221380903143,-0.060840564664442084,-0.3853410413731089,0.046772916298919553,-0.39854741620650475,-0.07918549215720744,-0.5286885208878254,-0.08481565909828799,-0.7626114601233246,-0.08448556748024826,-0.8911660653530815,-0.0772233712092537,-1.0,0.020449600321744473,-0.4938093819373216,0.034995312409945245,-0.5923143577929355,0.005202691972124874,-0.4576907281835548,-0.011184089403336364,-0.3709443854342692,0.10619988664505683,-0.43160752811244146,0.09487432940541773,-0.4445775811963048,0.0501816949292182,-0.3085305105290554,0.03315984402041834,-0.2503333889207377,0.17874596622441857,-0.34903963574651925,0.16109320128705015,-0.3542622018718923,0.10690957459013624,-0.2591988873364967,0.08184754464773696,-0.21831359860028146
4,0.0,0.0,-0.09447329316726555,-0.11511234791379606,-0.1362542890335828,-0.27997586433595406,-0.05945766802654923,-0.3769943893586938,0.045579841317014744,-0.40022766775637386,-0.06571979214510217,-0.5327220165887661,-0.07632759661020001,-0.7601756139734688,-0.07724241032430047,-0.8889543313610533,-0.07027458820774683,-1.0,0.03124595862714902,-0.49176316429362654,0.04263583065409451,-0.5798481614567854,0.01098496924504003,-0.4474462125919722,-0.005148101117625339,-0.36643701762443825,0.11233278397680094,-0.4228968200362035,0.1041801529192446,-0.45001864209872205,0.05870225776528967,-0.32236853718063024,0.04267419555291384,-0.2667282666450526,0.18177108943704465,-0.33368996478714685,0.17201127531768118,-0.36336440349787014,0.11810715154135033,-0.275997082106287,0.09244229504948712,-0.2322079629679662
4,0.0,0.0,-0.09034915407754035,-0.11364552518145192,-0.1280667666260715,-0.27721352139351657,-0.056431562999663724,-0.37677426166187133,0.041341851922156794,-0.4051126818340489,-0.06458774565947968,-0.5310702410329802,-0.06925316958759992,-0.760381541351272,-0.06717790996686268,-0.8892302628164522,-0.058544147433723576,-1.0,0.031182748684566938,-0.4893681157936571,0.05867407333152752,-0.5713185647933876,0.02714064913893433,-0.4389845944499069,0.005274351596897704,-0.3604000437944476,0.11196075420295172,-0.4206657538083751,0.1125981198247369,-0.4404871847919515,0.06649042245290142,-0.31461120697071104,0.044953649691341566,-0.26293802445806147,0.18007764983068753,-0.33364170738626064,0.17646514111267758,-0.3549175619289748,0.12265235811061084,-0.2669522192623053,0.09210182066884644,-0.2274307518070542
4,0.0,0.0,-0.0885876093923676,-0.11887231798652494,-0.11980874898649013,-0.29613375909729467,-0.03637062666845943,-0.3933941330300946,0.06315184652708662,-0.4141040996772493,-0.07209122887486755,-0.53124896749648,-0.07742234822617883,-0.7612490540721762,-0.07454450140968202,-0.8895983188059904,-0.06484289956494829,-1.0,0.025585415140181072,-0.4968391920049288,0.06193006909977354,-0.5726592714531483,0.02736940453766193,-0.44766295975449255,0.0011355551012785464,-0.36799953779179323,0.10859949323181244,-0.43197084978639655,0.11652169949151797,-0.4416729816864133,0.06741879155522991,-0.3189323202445604,0.04423965071477071,-0.26549179324239586,0.17623119032571366,-0.34792493074386016,0.1750869776548128,-0.35285638841179007,0.11649042622982102,-0.2637164614145373,0.08342098386388039,-0.22281509887209536
4,0.0,0.0,-0.08926959984138529,-0.11847015624839245,-0.1223544379596945,-0.287263863136571,-0.047084818239157014,-0.38956825794629873,0.04682987683121431,-0.42439426566673366,-0.0799940571797656,-0.5304975838983053,-0.08779243933065849,-0.7602822734984221,-0.08568629546941915,-0.8901948871866832,-0.07897464030505082,-1.0,0.014195632829268948,-0.49702248663432175,0.041238429330747416,-0.5620860798678071,0.009292108621780122,-0.4324298026157128,-0.012817868079504751,-0.3529022079983595,0.09631396923718637,-0.43371322858182654,0.10092087556853939,-0.4509855961592083,0.055845944243163186,-0.32681082074567397,0.03572458027524256,-0.27439228647044084,0.16447469950656107,-0.3508257084868809,0.16271103507432275,-0.36945753106858636,0.1073995610194936,-0.2819472361962393,0.07712134530941814,-0.2418511606024499
4,0.0,0.0,-0.08553005363088821,-0.12048621804407171,-0.1093601716802264,-0.29077344341552414,-0.026387673510414898,-0.3926060384536642,0.06551272656757084,-0.4325793084590458,-0.08235185587566367,-0.5360589859552433,-0.08781434512036344,-0.7635574330416076,-0.08526795040860549,-0.8918997722858365,-0.07773862989943817,-1.0,0.012949259397089347,-0.4993297446873961,0.05232246473987955,-0.5722260916695121,0.020319713615172482,-0.44305227660103563,-0.005662510798896899,-0.3600347866605329,0.0953849952793518,-0.4333009206571868,0.11153651779738427,-0.45501328652329054,0.0643497416112146,-0.328299893519476,0.03998076863383011,-0.2729811163609261,0.16137030982588882,-0.348220784733211,0.17055682722218365,-0.372625332599049,0.11588223456337579,-0.2822202985430688,0.08301278149938389,-0.23862728363753932
4,0.0,0.0,-0.0821954436379547,-0.1253260127862416,-0.10881298643975676,-0.2872758044563329,-0.029815677083570146,-0.38976999244884963,0.0611604708644161,-0.43820840125812865,-0.08825892296602472,-0.5301294048231531,-0.09551925438423149,-0.7609568626106835,-0.09183251625385995,-0.8906520675427494,-0.08623718026963798,-1.0,0.006158961683595257,-0.4952430200824226,0.03477061675655881,-0.5664679607731903,0.00884943062087664,-0.43517989680211056,-0.01229204170305547,-0.3552945665643175,0.09004353365857957,-0.430285639138952,0.10155387915431313,-0.4708563718033959,0.06023275310606201,-0.3459206824924882,0.03720506707023409,-0.2883857431202864,0.15955346434818252,-0.34505119847843796,0.16613999811833308,-0.3818281688337897,0.11471662900418199,-0.29822829516429084,0.08149943672405284,-0.2555371896779726
4,0.0,0.0,-0.07652443400905927,-0.12461856282574059,-0.09552060933300549,-0.29408059961142086,-0.0030129450574127793,-0.39284422439805056,0.09090516622630541,-0.4373661327849071,-0.08712774787553529,-0.5413596396475784,-0.09123987867917208,-0.7625812086317438,-0.09082290939738967,-0.8904616189280958,-0.08737043216991738,-1.0,0.009491514222081358,-0.5049612593431677,0.045827713338326775,-0.5784171405465407,0.015355200266064422,-0.4406693751607828,-0.007671914995828531,-0.36638417456782296,0.09317744450240126,-0.43823382685061874,0.11274408781262925,-0.46699422532188534,0.066498516889832,-0.33563593234118216,0.04199930641326115,-0.29213041989002103,0.15979410564974722,-0.35255294639342,0.17111214785904838,-0.37434070174491074,0.11706248250043705,-0.27905229473456805,0.08247002156088284,-0.24611651830827372
4,0.0,0.0,-0.07029714505516453,-0.13362817293146875,-0.08313662976702556,-0.30364089609539413,0.01711210069052753,-0.40627836359399794,0.1098484316111446,-0.46553908859242604,-0.08410251763304769,-0.5458143009841959,-0.08689939454013529,-0.7620978241170531,-0.08575948781868012,-0.8917421488092376,-0.08187208042223151,-1.0,0.012062595007637598,-0.5029596150503194,0.06896417171832986,-0.5989802975888865,0.04043506563155345,-0.47594212439851613,0.012897737569949662,-0.39341261886356993,0.09462705225743695,-0.43113790948060643,0.12943507672733595,-0.4712365879729115,0.08039745092890192,-0.34603270296960126,0.05054850151457431,-0.2930703139736586,0.15741050326770795,-0.3389465664101075,0.18577224796854716,-0.38469059410518064,0.13097665077504042,-0.2907536995188129,0.0904315519670973,-0.24756244151597978
4,0.0,0.0,-0.06040528775956475,-0.142603047103439,-0.06082401122993879,-0.3115161712184834,0.04582232414947152,-0.41387568463858015,0.13863002972765265,-0.4750235924683853,-0.07636533556144744,-0.5640154685856477,-0.06974592491996841,-0.7692370016733706,-0.06640394418848383,-0.8972723183989264,-0.05881284374740559,-1.0,0.02210741866025246,-0.5130100371767032,0.09308437915819635,-0.6071532211812001,0.06750816310831056,-0.48671747838213936,0.03875848395826399,-0.4042896020241919,0.10652446952172982,-0.43706599569356525,0.15273943023141565,-0.4774281581727433,0.10564018039193583,-0.3559400846510714,0.07103332345712111,-0.30667543085293153,0.16665232203966887,-0.3410364615029564,0.20759258568121872,-0.3953330327308844,0.15444612348515027,-0.30181793393194856,0.10906403974654948,-0.2614165458798296
4,0.0,0.0,-0.08270037076269653,-0.13859511908143018,-0.11231947493520368,-0.3126186306878873,-0.027440283043948896,-0.40441284189177146,0.07619867271725224,-0.4225630534630093,-0.039926834410077085,-0.5434984419816206,-0.0350614250448159,-0.7698714097664145,-0.028134817285443047,-0.894330844939726,-0.015558069175494568,-1.0,0.06028812161997601,-0.4973954483092022,0.08445235076953564,-0.5911875077316668,0.0471993573047436,-0.468612450569239,0.02330146928950557,-0.3867524353362257,0.1451379561128139,-0.423275742937735,0.13773815344474788,-0.43210768448251935,0.08208927333775562,-0.30919231326739055,0.05756792688771693,-0.25577691312943013,0.215859928899085,-0.33163295410463267,0.20394719878753945,-0.344688498205867,0.14143293654813585,-0.26174998486259143,0.10920295532431669,-0.2245226791214142
4,0.0,0.0,-0.08617022782616554,-0.14002579603215837,-0.11785831264628079,-0.3218170397705313,-0.030405846324918693,-0.4119546050338915,0.07345411430423145,-0.4156909766441383,-0.041544372103594476,-0.5435048666691101,-0.03526233432177399,-0.7691489772247526,-0.026905482616767187,-0.8938056555405521,-0.013462146717793309,-1.0,0.05605177978465297,-0.4982239290293016,0.08525644866866915,-0.5953889834924398,0.0482565376806881,-0.4829115346583519,0.02249948464174214,-0.4027095723990601,0.13905170589885946,-0.42582768087620404,0.13749002008491243,-0.4458866072206007,0.08173940732733753,-0.32747327845616314,0.0551767858205987,-0.26702500306887844,0.20918697120024854,-0.33309461046769706,0.2085082303150114,-0.3536889664075622,0.14449637135426455,-0.2742784160204569,0.10697344203271647,-0.22910821010792562
4,0.0,0.0,-0.08691155671961455,-0.13527638940851983,-0.12627672960946493,-0.3075522585380652,-0.044832295587095346,-0.39654975123107145,0.06554165456425985,-0.4091795064647338,-0.053042619784425,-0.5448641562876779,-0.05000211601324595,-0.7671341401047557,-0.04419662399967764,-0.8905144862074015,-0.03181674149191562,-1.0,0.05062255616135339,-0.5075427919093294,0.06001071406433509,-0.5757934254359831,0.020658651780473315,-0.44408090362152536,0.0019500098377745671,-0.3734112668884608,0.1385605962086634,-0.4386058760000814,0.12343693379172896,-0.435095125640576,0.06706094243470316,-0.3080379293687311,0.04665332019830563,-0.26316977241819633,0.21382646435587738,-0.3495034984591664,0.19158779175074886,-0.3498464950481916,0.12998683830120866,-0.2603602466760517,0.10320669034223598,-0.22673867602738226
4,0.0,0.0,-0.10120488057722334,-0.1334188641762313,-0.15501241478835598,-0.3045310436198626,-0.07735241376499236,-0.3939032582182507,0.03621531609167989,-0.3985538773484244,-0.08068036913940034,-0.5398491723908058,-0.08650910914076675,-0.7625583435308338,-0.08578812923251679,-0.8893371966755522,-0.07945772905975913,-1.0,0.02433157829362885,-0.5125282545203619,0.01978734272650087,-0.5797858895887013,-0.01412819970970007,-0.4530095418539822,-0.0308044013886524,-0.37888563795881164,0.11623213702896726,-0.45166259489360827,0.09229679896291444,-0.4494268055550336,0.044165752914731356,-0.3262319414142635,0.025034249436499564,-0.27141569059265763,0.19755312023279498,-0.3687026881025692,0.16232667019544028,-0.3707035470727512,0.10895257191418045,-0.284934304777152,0.0870103838644658,-0.2435497496854506
4,0.0,0.0,-0.10933371401997936,-0.13104335673951437,-0.17227630402284883,-0.30835675622510994,-0.0985024786806725,-0.4008107097721084,0.018219866590974958,-0.3928309956595038,-0.09311493505966452,-0.5433834289585722,-0.10240668124161777,-0.7636539424701629,-0.10168955163166084,-0.889403622220705,-0.09466206341392845,-1.0,0.013001722161453472,-0.5230508469720849,-0.003041546249846619,-0.572659218767979,-0.03168490604503975,-0.44035004710042347,-0.041810470569755176,-0.36406082519559924,0.10520339123048841,-0.46746862319231536,0.07028080255492941,-0.4480557050238701,0.032328317404812026,-0.324317139349933,0.022586240564995003,-0.2696424521631102,0.18697660161731347,-0.38628725958611787,0.14099341071521504,-0.3675227182554366,0.09165833118878795,-0.27617854903958583,0.07491512136057916,-0.23247852311406134
4,0.0,0.0,-0.11529046953412711,-0.1182671178791513,-0.18958640189877637,-0.30292238219238093,-0.1173103920864272,-0.40818340011723153,0.0028516442436225926,-0.3900037189192951,-0.09829104642521838,-0.5469597952958555,-0.10720964464321966,-0.7600883841404403,-0.10531302416976049,-0.8891701533701986,-0.09842474975304126,-1.0,0.0060533377938932,-0.5388355688296506,-0.018448978989760726,-0.557286249841972,-0.04873817247975137,-0.43131577785315006,-0.06182464572164007,-0.36516837305460004,0.09610073250323171,-0.4853810918342347,0.054258020757678035,-0.4335898691078461,0.017468803108422713,-0.32092599861209514,0.006435725529194273,-0.2782978980115932,0.17818020315152172,-0.4019303583428844,0.11987723122156145,-0.34426677955488894,0.07517549980128886,-0.2594814712623419,0.06088645306346568,-0.2264811449467943
4,0.0,0.0,-0.10755054084448236,-0.10334800936699047,-0.18764944823793542,-0.2847587601610048,-0.14152727385390285,-0.3899019003600958,-0.030699798577984917,-0.36616537997796567,-0.07928322384399955,-0.5378301600421654,-0.0886441284984673,-0.754278972994844,-0.08638592251541094,-0.8858866459896512,-0.07656618433821194,-1.0,0.030122383883583164,-0.5296996964100703,-0.02728399692684814,-0.5226440244863665,-0.05512032761598732,-0.38953804242587203,-0.0461098183365957,-0.3305561733579274,0.11524946490937854,-0.46477401526912393,0.025154883976714566,-0.38620356938547656,-0.0057765443860575095,-0.27584949670314834,0.008838999964222789,-0.2491967647072926,0.18071161981142828,-0.371779082723922,0.08281557806200375,-0.29588399773829005,0.04788152800415163,-0.21463837537524577,0.06100604782417381,-0.19755881386370652
4,0.0,0.0,-0.10906084024594942,-0.09927538715262282,-0.19043706768850535,-0.2623016404630822,-0.16659442957653425,-0.36707407163732375,-0.07130817918732449,-0.3357133392796829,-0.07427561165267038,-0.5357421485919082,-0.08267576200355937,-0.7536905517001617,-0.08663759223057566,-0.8869126368602688,-0.08222474598965027,-1.0,0.03414196723252286,-0.5259132616118297,-0.05561095259676914,-0.5211424981522271,-0.08027553578081759,-0.38670967049074245,-0.05553379788654739,-0.3377147801118249,0.1142118792963124,-0.4571258972442207,-0.0022413351686746746,-0.3818095216976089,-0.028478884808384168,-0.2795914429012077,-0.001327024362745161,-0.26494560959460056,0.16719773909209248,-0.35993038849137615,0.05151643826001284,-0.2838483303335851,0.026843241604752,-0.20997370325565387,0.05344787173038589,-0.20217374690945905
4,0.0,0.0,-0.11428652477297549,-0.09907672466042874,-0.19812164931111872,-0.25259217508362636,-0.18727658121708937,-0.36979598938638536,-0.1051138481002069,-0.34147537048592314,-0.07641433931098232,-0.5364873040719641,-0.09395981400246577,-0.7543223395339438,-0.10328950322331945,-0.8900221055238152,-0.10177412435014377,-1.0,0.027861144896111988,-0.5280892105909571,-0.076664764387675,-0.5283555356725191,-0.098739030238828,-0.3846301518838931,-0.06698563642344206,-0.3408823725770448,0.1040675193706778,-0.4634397907920723,-0.026541986537574287,-0.39433331053730364,-0.05054738025286248,-0.28549307947771013,-0.018502727257369313,-0.27019022820030286,0.15033563013119583,-0.37011326675627887,0.026773440017547823,-0.2966763840389608,0.006629940666782966,-0.2188196613317031,0.03986944289183507,-0.2079500205028756
4,0.0,0.0,-0.11491717580078092,-0.10090516898062628,-0.1981414223595413,-0.2499949375336654,-0.1974241271295546,-0.3684258699679647,-0.13144376589895676,-0.3462750372710022,-0.08245277168906827,-0.5376929643417871,-0.09762145081735206,-0.7529069131690275,-0.10565695738123342,-0.8870762209431308,-0.10606285468201636,-1.0,0.0223347914736367,-0.5302332739487282,-0.09485144923786257,-0.524122854583017,-0.11565679088234063,-0.3846963217694602,-0.08354986439340178,-0.33776253387914973,0.0964849383751598,-0.4629481013951257,-0.042494297412922204,-0.39071800172528853,-0.05998478110120568,-0.28607461760379294,-0.024889694483531684,-0.2710556974796118,0.13922889412785405,-0.3674760162844917,0.012152079188673396,-0.2944679617880541,-0.0026263625346891442,-0.2199646572350294,0.032851761535785784,-0.21244502724056885
4,0.0,0.0,-0.12080623506003596,-0.09874420232936892,-0.19925226287469597,-0.22674161972661083,-0.21489761091546117,-0.34146001301920637,-0.15007909574921852,-0.3413798376457537,-0.08422201746725819,-0.5229998899137256,-0.1016250291587037,-0.7441610912629374,-0.11465733257771436,-0.8849172777752803,-0.11427309254291153,-1.0,0.017203900664659155,-0.5127526630436129,-0.10535150264224757,-0.5098413943506273,-0.12569410103937725,-0.3686168102094931,-0.09000260879691985,-0.3241315130986738,0.08853060309933569,-0.4462019704381186,-0.05937720902622496,-0.37325459273919076,-0.07230632868646544,-0.2702141939082999,-0.032830665009590955,-0.2558969606630946,0.12777282015902688,-0.3536797664613493,-0.007680552994151976,-0.27271078070283183,-0.02265706497249436,-0.1965555031279015,0.013139380904526881,-0.18762240903457877
4,0.0,0.0,-0.11629123822258838,-0.10120863592953369,-0.18772781124661717,-0.22905359559794758,-0.20489922243736497,-0.34094441210606957,-0.15416462533136988,-0.32917231800447094,-0.07416304071161126,-0.5274757822597741,-0.09428664814280437,-0.7425019479833498,-0.10292796609268218,-0.8850829851542045,-0.1016843763581822,-1.0,0.026648376775075457,-0.5164422911262002,-0.10992032234072799,-0.5035972995526905,-0.12696544252722392,-0.36127061689566253,-0.08681979221983603,-0.32940646595761724,0.09648792250323128,-0.4475368557031777,-0.06429621258152639,-0.36970384272063966,-0.0775954972692783,-0.26476248783175094,-0.03902471794122798,-0.25500484602955265,0.13053863600752394,-0.3508232932723497,-0.011454815648811394,-0.26904042942840956,-0.020598107106115638,-0.195553422246927,0.01843458710906509,-0.19445269644144741
4,0.0,0.0,-0.1729091128432312,-0.14760736849865588,-0.24902440375134086,-0.26670189383664444,-0.2936036759951646,-0.3763357017608529,-0.2733583121717515,-0.3761244092893906,-0.0705268872315501,-0.5690190914564824,-0.12039023497204343,-0.7473241872030133,-0.1456112895789777,-0.8859234063027239,-0.15944203972369012,-1.0,-0.00643392630443118,-0.5369925850099455,-0.20215125013536475,-0.5243097455918712,-0.20024635502849628,-0.39762650475337513,-0.14752068214663275,-0.3751783551851137,0.024530473912434615,-0.45847273992013216,-0.18030840587766978,-0.3941400026032361,-0.16845221738926458,-0.30577988968345987,-0.11742923024988598,-0.29874092262497914,0.02012199230105262,-0.35187921548763235,-0.14478560868987028,-0.28697256690017015,-0.1380183411742006,-0.2269131228145427,-0.09495982797477048,-0.22395855563429543
4,0.0,0.0,-0.1644468790654909,-0.1259777093456568,-0.24214082357731598,-0.2445827190795461,-0.2937878537115845,-0.3503796177643022,-0.2896105652028672,-0.3580991696179724,-0.09096356754246568,-0.546626770533126,-0.14202493627330076,-0.7464414344255551,-0.15665454396025685,-0.8867486511374255,-0.1601348196555524,-1.0,-0.028786559545275318,-0.5091954586385231,-0.21681016256174063,-0.5091674248980882,-0.21512274033469325,-0.3799910831810704,-0.16458922430030787,-0.35096136140897927,0.0020092008129088236,-0.43255904780701715,-0.19993210959381635,-0.3696847658124879,-0.18406187830065734,-0.2724129101817239,-0.13203952687752277,-0.263825705355463,0.001436337421413024,-0.33119966387371097,-0.1622787043083767,-0.26389117545734825,-0.15318428031511666,-0.19438229960076298,-0.10898682492554734,-0.1920673394822412
4,0.0,0.0,-0.16915137871154184,-0.133856700430399,-0.24508597141523128,-0.2512621401313596,-0.3004671974313001,-0.34950434785899814,-0.30496094272827334,-0.3554203125338695,-0.09092251751581783,-0.5519725100666707,-0.13817892610480487,-0.7472304828045127,-0.1615960855678194,-0.8866549475927556,-0.17504360245570683,-1.0,-0.038809282222206164,-0.5145248046276235,-0.23751399080572247,-0.5190947617528789,-0.24112037580861093,-0.3888212215018513,-0.19066418866401524,-0.3472952370531931,-0.018983454635726385,-0.43655425508012907,-0.22545523234629553,-0.3792797758580884,-0.2108750322136904,-0.2830877179219598,-0.15509760791199204,-0.2658368351206125,-0.03047225872246955,-0.3337063067954457,-0.1952765525966557,-0.2692008217802739,-0.18862728562369663,-0.2022932018705101,-0.141624371682506,-0.19389820232984548
4,0.0,0.0,-0.16844404926374135,-0.13542870223967654,-0.2454883504086526,-0.2578728568901085,-0.3020628572286022,-0.34858514878192876,-0.31660028817327523,-0.3445022869260831,-0.09402368478631452,-0.551303950919115,-0.14708457491301236,-0.7454009352894313,-0.17106938178143288,-0.885921786325344,-0.18441179046752956,-1.0,-0.043369414897979054,-0.5089325689192316,-0.2515210405225784,-0.5067618473658736,-0.25595993142187934,-0.371951855730506,-0.20692144538893098,-0.33312558429417266,-0.027173626666601527,-0.4257643239531036,-0.23988898454340168,-0.36110103966413054,-0.22366344725448478,-0.26499134398390306,-0.16777901388068342,-0.25313778402498294,-0.04094639341968295,-0.31958374350973273,-0.20871109983574332,-0.25167667782067304,-0.1992519464258732,-0.18700955494363034,-0.1511529548229591,-0.18457972869557449
4,0.0,0.0,-0.1656464434532823,-0.13810362748795474,-0.24538248477778948,-0.25780019511226593,-0.30563992814064883,-0.3433559344449167,-0.3134142199388352,-0.33533987838198787,-0.09337020947059874,-0.549075108503212,-0.14704664904836345,-0.7385809774045001,-0.17162399113750867,-0.883472574855371,-0.18728634104797953,-1.0,-0.03915027757765744,-0.5016415845642975,-0.25576923644319466,-0.4945908499949061,-0.258582674787493,-0.36221389420791483,-0.20804734830767618,-0.3256427536411729,-0.016712280218840917,-0.41171829482084715,-0.23727210073360616,-0.3518006751696645,-0.2208027996753104,-0.2593620304449417,-0.16415862998630118,-0.24963974000535596,-0.02386011967417883,-0.2995294361442956,-0.1976684934649887,-0.24521127124787676,-0.19105486104976369,-0.18121889107435146,-0.1439782561420359,-0.17603527779720646
4,0.0,0.0,-0.16909419531618652,-0.14877796917646136,-0.2519201128843504,-0.2721548474214948,-0.30459827368048287,-0.3657563133551008,-0.2965151163402632,-0.35246086158976914,-0.08471984929509764,-0.5685033723970869,-0.13443368704443687,-0.7532559239378854,-0.16312981964306678,-0.8901635763513833,-0.18425515355182823,-1.0,-0.025129686933199943,-0.5192050010146848,-0.2317380046737106,-0.5239448905557217,-0.23473788129225617,-0.3927511547430489,-0.18273576638276026,-0.3580543888684231,0.0027269765541795073,-0.4286287568200815,-0.2112455947452525,-0.36805057477980985,-0.1965740261445478,-0.2760851011701525,-0.14034930856223293,-0.26974072469795746,-0.0006966387970079381,-0.3158690199376334,-0.1732749961410294,-0.2577820520289561,-0.1663380894742595,-0.1960740760427537,-0.11874708157098209,-0.1954513605137456
4,0.0,0.0,-0.15753467761591422,-0.1429952772142725,-0.23320240658478827,-0.26712866635858373,-0.28019324862923217,-0.3700939675669277,-0.2581457295842462,-0.3576291945615252,-0.08629242355769812,-0.5620198358021073,-0.11985010636345499,-0.7516490290029423,-0.13265479679877212,-0.8881885964293107,-0.13856572023290253,-1.0,-0.006647652154508418,-0.5290076196952428,-0.19289561515870154,-0.5066994434266671,-0.19588224518651576,-0.3811011011555832,-0.14826973778988867,-0.3493211601449067,0.03910087970324706,-0.441760671936053,-0.16109126676689284,-0.37023411866137335,-0.14942853561326053,-0.28253031915499777,-0.09737235407405115,-0.2721283525493977,0.04726638181750457,-0.3283575159170993,-0.11602035864733103,-0.25986734290703645,-0.11136212066294869,-0.19434891737531698,-0.06709937750122505,-0.18567094530042255
4,0.0,0.0,-0.14953387238303842,-0.14484930282066377,-0.2209139407506366,-0.26941606487810316,-0.2559346837936837,-0.3739230851319424,-0.2269153748060197,-0.349810207820499,-0.07352476385737562,-0.5621911017195634,-0.08908679424746031,-0.7521367535926119,-0.09694028723861896,-0.8924443984159811,-0.09733904286895563,-1.0,0.015025302926953197,-0.5306570431597185,-0.15348804290958068,-0.5127987185993781,-0.16359200979565947,-0.38733411761519604,-0.11707753173841869,-0.3593236211950967,0.0675624218212844,-0.44397002195711,-0.12400235505995089,-0.3726346666834731,-0.12018998891711444,-0.2875474373989005,-0.0709888075034874,-0.2769716409117826,0.07998772221023721,-0.33308308195348013,-0.08396131099472837,-0.25060658634945865,-0.08274051577788817,-0.18737852410508446,-0.03898700739690843,-0.18199046853105222
4,0.0,0.0,-0.12030147064057935,-0.1334295387124954,-0.18438474490489465,-0.26807876366257066,-0.20673164767135863,-0.3853688161009431,-0.15887057325592158,-0.3533584931756216,-0.04989493003075657,-0.5406255858171982,-0.06099905794662195,-0.7483085243457577,-0.06552830414459418,-0.8867336748319202,-0.06545982815237875,-1.0,0.04675232267514684,-0.5159376176931116,-0.10079547407590463,-0.5101512268558773,-0.11563001811223893,-0.38132483417453716,-0.07419933090141864,-0.343080823027188,0.10696187277092849,-0.4349335698127995,-0.06330961419880207,-0.3718578587557234,-0.07520850431144509,-0.2824563490973881,-0.033444250881119915,-0.26970506847768716,0.1259281971593311,-0.3292383334028263,-0.026943777481500467,-0.2627622130491512,-0.03623837645456397,-0.20083923769271161,0.005864697541203394,-0.19785832859594724
4,0.0,0.0,-0.10177308108549321,-0.10375089188835458,-0.17962561095231863,-0.2703487758436525,-0.1619581294480073,-0.3696101445175781,-0.0758226482645647,-0.32954025706087076,-0.047516011770815304,-0.5358203121151862,-0.0501338008446728,-0.7554375284102504,-0.045976053061551905,-0.8864701768014738,-0.035769648634689566,-1.0,0.059775166732107,-0.5173905915102079,-0.031023289720520538,-0.4890306528130194,-0.05687995991955765,-0.37056465856332443,-0.03349542128795011,-0.3307238122580291,0.1336819262255285,-0.4370184330629874,0.007506639026923418,-0.336588989699833,-0.020233727523357975,-0.252037094111637,0.007189816358956389,-0.24685974378352057,0.17829534275955533,-0.33382835775735287,0.05341390937710658,-0.24939995440286755,0.02871563854984231,-0.188035748714766,0.0562493051362918,-0.1884180117117079
4,0.0,0.0,-0.10504918455818495,-0.1114797239603018,-0.17738436275260333,-0.2978765100295357,-0.13623993505643828,-0.38483094511679555,-0.0445124577029145,-0.32087628249753797,-0.04817696616294021,-0.5354586925960984,-0.04928671718276958,-0.7515887028319952,-0.04473468612712979,-0.8851794594510941,-0.03481456924680301,-1.0,0.05557414704409678,-0.5204351469033347,-0.025174585380099722,-0.4984018420267163,-0.056237876226592654,-0.37991844495051547,-0.04367014589782935,-0.33093985669396614,0.13023802872606685,-0.4451876982482297,0.021983399119380746,-0.3475918602840507,-0.010043924891313694,-0.26404579713970455,0.00554214736822337,-0.254895133136649,0.17997702770178162,-0.3454579109710852,0.07469292092050213,-0.2664348396438468,0.047056086333134496,-0.20806597019443857,0.06476584853394013,-0.2058271666249771
4,0.0,0.0,-0.10483458835904498,-0.10720739790192843,-0.17782273486385075,-0.29548688219760577,-0.12318550966943388,-0.37416257106213424,-0.025612651389868887,-0.31097869126935024,-0.05529201350687116,-0.5355645203697781,-0.05471703417074528,-0.7508451548901576,-0.04826368034483153,-0.8834460842036133,-0.036240901444161165,-1.0,0.0495388504332785,-0.520316572059037,-0.012930118284883817,-0.49099617298223175,-0.0458933537478783,-0.37324565460076137,-0.03559781844823506,-0.3322678243815891,0.12678152478951046,-0.4452156159208976,0.04193394175558643,-0.3552496172051127,0.003137379536109438,-0.2688899200996867,0.014199258361785972,-0.2633925004569064,0.1847439466443296,-0.3444984613272747,0.0973703208329716,-0.2665417626628247,0.06081798702784899,-0.20895657123611777,0.07216629140190409,-0.21189460568468696
4,0.0,0.0,-0.10380133898922987,-0.09214453057660188,-0.17321972084137585,-0.2727372763523424,-0.11784705481716777,-0.33504704690418796,-0.007586746041390537,-0.27630694872671674,-0.05610973889992624,-0.5326818431025664,-0.04560985052946313,-0.7513941328080622,-0.03589048577217966,-0.8822359608194456,-0.016862771973355867,-1.0,0.05367314165081716,-0.5078264316134848,0.005201724464390178,-0.4656207520722116,-0.04100778156784391,-0.3411068351189349,-0.037734492679080626,-0.315593480552439,0.13295236810051744,-0.4266751142436463,0.06674757453037877,-0.3276447015534875,0.018315545614089625,-0.24384377234357027,0.02618154212672637,-0.2633231265313736,0.19231473029456067,-0.3251710122114235,0.12594955757964554,-0.235468731012381,0.08089555855746378,-0.1775538435886494,0.08681704625419318,-0.19861438071041604
4,0.0,0.0,-0.09762366072053395,-0.09177503958203992,-0.15388795591486046,-0.2529400777247329,-0.08249012889671209,-0.30988153984891526,0.030322011104570022,-0.310018908491231,-0.07748489938481311,-0.5372269884629347,-0.08169425472500612,-0.7513463422877529,-0.08232753280561887,-0.8787133379076804,-0.07187801249864575,-1.0,0.029458575751549025,-0.5221914289915569,0.017285813344179984,-0.48459942007970147,-0.02184576110608194,-0.3465409971097292,-0.029002235393868727,-0.3279777417873855,0.11506636806122045,-0.45694080551935107,0.0917092063081754,-0.36086863289863214,0.04252380235710767,-0.2588512491129355,0.032462370063519604,-0.28967729082082,0.18666445955288322,-0.3729346106255595,0.15823018733799787,-0.2746491613514794,0.11185608880891365,-0.20027103956268735,0.09932685909450392,-0.22795177133840427
4,0.0,0.0,-0.09863353338354124,-0.09271016949770618,-0.15435823336466553,-0.26144312252668606,-0.07245723486169932,-0.3231549158224543,0.04176760777262868,-0.3185285413201994,-0.08299915901464926,-0.533408546793637,-0.09032179193956436,-0.7530370024871842,-0.09193499737181225,-0.881741622836043,-0.08195153055687192,-1.0,0.02432901333473179,-0.5235914363623451,0.009278101856297604,-0.4775525676621597,-0.0311836603995922,-0.34421514777326423,-0.03558029638872937,-0.32032911474613895,0.11026094162228037,-0.46127447396739657,0.08378804946445574,-0.36560948168872914,0.03292762403318376,-0.2651883986044818,0.02525925461573846,-0.28398632265740953,0.18153249653872797,-0.37601700099727003,0.14776284525678532,-0.27899441560026955,0.09400924267732366,-0.20794409036312056,0.07757798997381536,-0.2270384344023612
4,0.0,0.0,-0.0801830060557576,-0.12537193725739895,-0.10053428353353659,-0.2757109494791178,-0.007536533864487628,-0.3409100030884228,0.09163278925392142,-0.3574208200510746,-0.062015393134449794,-0.5390370855629161,-0.06335297270895493,-0.7567467411697639,-0.05842033978092606,-0.8878618522645486,-0.04973585141829353,-1.0,0.0342823430652664,-0.5100657752417337,0.047472255215284836,-0.5086912910559549,0.017351119655293925,-0.3943216898434428,0.0030892731050077347,-0.3505880248107831,0.11597214569192235,-0.43686556381402525,0.11732962314439532,-0.4080036067879995,0.07572945280495454,-0.31740669765973745,0.060201965162046955,-0.30424331601367616,0.18449992721118144,-0.3476456898815379,0.19075058197041372,-0.33923262898246676,0.14557678676141458,-0.29271717258296903,0.11815206876706626,-0.29329285050537207
4,0.0,0.0,-0.07294497313686388,-0.12717349687469556,-0.08773420613328904,-0.26936748550624495,0.009844443193559748,-0.3316219255611685,0.10400265869152155,-0.3603075968067121,-0.065280496660864,-0.5454057493332795,-0.06462192329563426,-0.75820110310603,-0.058783293114292194,-0.8875761764091318,-0.049818400006552625,-1.0,0.03050681219993653,-0.5120480237483751,0.07456692135337437,-0.5135884127336267,0.04062852192540432,-0.38638633527361815,0.011228510318898337,-0.33909208891141257,0.11306218142014489,-0.43604144254579125,0.14133186573189563,-0.41295547475924776,0.09250542116193672,-0.3085809199149344,0.061220310827807024,-0.2928054824533505,0.17978024666787842,-0.34556890265016965,0.20774704648405648,-0.34293879171393066,0.1597426422855685,-0.27697846052071384,0.12088088849371777,-0.26695869983431975
4,0.0,0.0,-0.08031994909353832,-0.12191980781253511,-0.09761784727318285,-0.2894407845201038,0.0009778542381381201,-0.38306404591349474,0.09088983496984418,-0.4306271167155564,-0.08549234854717155,-0.5412307302461853,-0.09771959649267786,-0.7587798516726422,-0.09792132538002449,-0.8891945691044423,-0.09484319029634504,-1.0,0.01164789673745994,-0.5026491072877391,0.07609726800691329,-0.5926382404710971,0.057239510053619186,-0.4654915310143123,0.028134278533445144,-0.38624092197887544,0.09610771190071259,-0.43163664592811124,0.13931573915322354,-0.473519809865215,0.0951824133463832,-0.3414208331792349,0.06159791575129235,-0.28418132312561567,0.16587653236536498,-0.3396702157384277,0.19298712527310818,-0.37270367495176643,0.14358407467224807,-0.2804311123277762,0.10362228990953876,-0.24053267751390028
4,0.0,0.0,-0.07294997042443305,-0.1325822764063035,-0.0879602178718554,-0.3099371226838796,0.015568549879510587,-0.41316165399639737,0.10783342769305043,-0.46791939234127616,-0.08076049111331432,-0.5463316030778587,-0.08801056685997465,-0.7649847605039684,-0.08805359560514038,-0.892614714009713,-0.08285283080044,-1.0,0.021022845049917808,-0.4994044714543555,0.07107188175058075,-0.5901450425797108,0.03671423217703847,-0.44452505638818857,0.007905148219743694,-0.35422780631779816,0.10884683498583354,-0.42340678036610857,0.14082219183428685,-0.48701040742151225,0.09005416444158063,-0.3483544718739304,0.058967235128167636,-0.28466835817841646,0.17950521228079666,-0.32468848349026325,0.2059064719339207,-0.3948715806207816,0.15405611983916176,-0.2996225432773656,0.1194699358514612,-0.2525651648920434
4,0.0,0.0,-0.06092954515803962,-0.15337945842868267,-0.06154502600521281,-0.3361908643151486,0.04476340203384813,-0.44252673579894136,0.13820960580890213,-0.48375630577927936,-0.06667142749541735,-0.5607516513115779,-0.07159527427280288,-0.7679841545118616,-0.07244066831330168,-0.8960816156151331,-0.06965520115513962,-1.0,0.03156794807870185,-0.5067897673675267,0.09057033468130493,-0.6200293220037504,0.06791292475368553,-0.48712046427511346,0.04455014182865698,-0.3914910197699432,0.11609987527676566,-0.4302880639834993,0.1547854464268911,-0.49960204881033304,0.10923102745665667,-0.3662860425146539,0.07641512483857328,-0.2926804297099674,0.18101764116455535,-0.3330752261779536,0.21853835278752118,-0.4098315673448327,0.16346335252944233,-0.31579826077381423,0.11943930918307365,-0.26111664487829916
4,0.0,0.0,-0.06626373164447617,-0.1546804314526993,-0.07412929937580816,-0.33529913022699936,0.03551295755164844,-0.44276558393764875,0.1388496694323662,-0.4803453675329544,-0.07328519381466987,-0.5672157305574246,-0.08280803063159625,-0.771797846663762,-0.08769738246095704,-0.8991506368427936,-0.08742553456724905,-1.0,0.025245641731252856,-0.5149444299297391,0.08730720677861818,-0.6445831480742641,0.0654221762511963,-0.5244376847995077,0.04073468125855714,-0.42557124716341643,0.10980036733467889,-0.43709622076599136,0.1504231812298465,-0.504567371885836,0.10418472769923898,-0.3756891137966929,0.0713436660184565,-0.30060409651314274,0.17245221123567406,-0.333950941485846,0.21157671650842239,-0.4168293567503347,0.15675575805588463,-0.31767755533088576,0.113180699836615,-0.25432067502263167
4,0.0,0.0,-0.06841705682473702,-0.14825320863709202,-0.08593832860827004,-0.32264925425179003,0.002356184844099907,-0.44142708296307465,0.09933803574992259,-0.4842273172726584,-0.06915396790992734,-0.5547305981753843,-0.08173577573655626,-0.7650881174437317,-0.08755040341341665,-0.894522115656346,-0.08640069777495474,-1.0,0.025593589528009185,-0.5042017961635058,0.07694454478213492,-0.6251260583842513,0.046839174595775676,-0.4909877893064205,0.0201372734134416,-0.38640335238915485,0.10704631549161267,-0.42907457817505457,0.13499690792664937,-0.5022632324439503,0.08578567806597817,-0.3682761413951417,0.05452732998944658,-0.287528013031088,0.16758248129693407,-0.32995202020026426,0.19511406190044936,-0.4134580841121667,0.14167999120745967,-0.31521576184748384,0.10469536625024946,-0.25059476242573164
4,0.0,0.0,-0.08759862595230807,-0.13816911995071335,-0.12392658745017915,-0.3090048187382272,-0.03425062192583027,-0.4194299730207832,0.07269318897702533,-0.4540292866817395,-0.07824932382748223,-0.5260183237944763,-0.09706418519823093,-0.7584294475147074,-0.1021382511369608,-0.8893366778755253,-0.10138178356817869,-1.0,0.016942325439434996,-0.48400204469202435,0.05112048573499245,-0.6161284220751411,0.0221877511895353,-0.4731233243994514,-0.002545871695694915,-0.3642586432690451,0.10009706275189126,-0.41566977180678016,0.11742622181755188,-0.4870423276650422,0.0678317302392058,-0.34362563200376994,0.03826642954991653,-0.25790224934039013,0.16360928354518606,-0.3248717658075146,0.1763018538113683,-0.3942954223240985,0.12336600516762904,-0.2965082133864421,0.09320906721138703,-0.2307363841511126
4,0.0,0.0,-0.09740384640638647,-0.1261788180526461,-0.1446847995679077,-0.29813620022954906,-0.06632403740577142,-0.4145040293133103,0.04135837783697692,-0.4323997545997484,-0.08448449029932063,-0.5266659570184951,-0.1028451690340231,-0.7570704363919118,-0.10799465013855906,-0.8881713957919511,-0.1066074373085321,-1.0,0.01248028061280849,-0.496968648742849,0.027247245388355476,-0.6219705992453525,-0.00019450951698451232,-0.47878911568619603,-0.01752856733003321,-0.3749443623988848,0.09779811827878081,-0.4375323184746499,0.09578241878068952,-0.48361454300846435,0.05148028849206613,-0.3403945128849809,0.029956165063340735,-0.25681729592838587,0.1665840374582998,-0.35373092891349206,0.15959389997143383,-0.39357981093180566,0.11054629365128044,-0.2977380659759596,0.08857135308946465,-0.23789927558723256
4,0.0,0.0,-0.10431395997184714,-0.11745231662704536,-0.16732790989992488,-0.2894298363145951,-0.09036710071839661,-0.4090861749730711,0.02167362841455482,-0.41465832638522465,-0.10569152109989087,-0.5159474864302084,-0.12567812965994812,-0.752948922298998,-0.13204900889667318,-0.8859538510202496,-0.13444845062828115,-1.0,-0.006642905884122028,-0.4932490222479532,-0.006373910174300506,-0.6265995157395262,-0.03019435167354923,-0.4755477406197881,-0.04486515036689689,-0.36819746315829077,0.08274626282555443,-0.43775763206183355,0.06775039607723936,-0.4879196489355935,0.02952118043804095,-0.3375615038799979,0.01103579525910595,-0.2476421484149352,0.15324026359609452,-0.3554760119665962,0.13657177394676528,-0.3916887448368452,0.08944130083597426,-0.29535137905575914,0.07034457554807023,-0.23650496829393033
4,0.0,0.0,-0.11038135699843439,-0.1159275241105255,-0.18230342883268527,-0.2791334644040204,-0.11182690709328758,-0.4101157926808865,0.004730039063428908,-0.42788474892018813,-0.12390547927949462,-0.5074766726024577,-0.14334841234012963,-0.7494165341380593,-0.14867975229876004,-0.8819435280419546,-0.15134480760810826,-1.0,-0.026163119809664372,-0.49073582871668164,-0.036473901170827196,-0.6269516875936819,-0.05622893290719801,-0.47307167370675074,-0.06482109704067529,-0.3686082054829406,0.06271170338148005,-0.44169937959439387,0.046637315407405754,-0.49330192216134555,0.012865810746421017,-0.3394083087013948,-0.0026524545750250604,-0.24910061298346625,0.13356763015799822,-0.3610237927603326,0.12074945633401842,-0.40278715949828947,0.07550037304704466,-0.30941518032745696,0.05474358293198266,-0.24849162871367747
4,0.0,0.0,-0.10615214989238375,-0.08303805257373688,-0.19152656172985802,-0.2633156038419006,-0.1404314974673324,-0.3938120697712097,-0.030817209493795274,-0.404168431507584,-0.1315442867580471,-0.5213081945599308,-0.15565584463984525,-0.7490951145484038,-0.16537039194271458,-0.8818597636950539,-0.16641553482527666,-1.0,-0.025828121380588372,-0.521662873653458,-0.06106237992944802,-0.5816080293157744,-0.0785301765108712,-0.4287847078561568,-0.07147453221115486,-0.3483175579987351,0.06717687492310204,-0.47739962202277475,0.012096803588566896,-0.44531648786168826,-0.016113574077719055,-0.30391951641052856,-0.009589353319143195,-0.25800226107922125,0.14750692881379332,-0.40473199040283603,0.08006270559745797,-0.35294817326133227,0.04293283309298766,-0.2533000851438109,0.04580760831288052,-0.22693592820366792
4,0.0,0.0,-0.10640463184010504,-0.0772341984804807,-0.19588831587614808,-0.24096232497201092,-0.16122023801906873,-0.36905510595949553,-0.05353012139003505,-0.3751867335893513,-0.11722336583259868,-0.522330801425979,-0.14384049232387655,-0.7482057841192272,-0.15485928353633974,-0.8836293104806229,-0.1596468150187677,-1.0,-0.01399845426059338,-0.5229781937990696,-0.07004136642613781,-0.527052296002644,-0.08672736414735992,-0.38486871001626666,-0.07483163743085725,-0.32054198709014536,0.0742197867548639,-0.47207815799423425,0.0026559668615848795,-0.4077679442945537,-0.02230439747757764,-0.2829593458857043,-0.011143944125568456,-0.2512578822995247,0.1497342140705253,-0.3940035029118058,0.0706168102927313,-0.33004827362694694,0.03484650726948461,-0.2394920666137915,0.04098685811505799,-0.21926804794582147
4,0.0,0.0,-0.10872826269349475,-0.07825584490265823,-0.1997754131580172,-0.2398290333032426,-0.16606830182369273,-0.3598056497287943,-0.058087144921053276,-0.3504655794753054,-0.1167174059500392,-0.525729272291947,-0.13979503257595588,-0.7501131522476522,-0.14981886097857205,-0.8836846276927702,-0.15409787306072167,-1.0,-0.011973878750411613,-0.5236871733430775,-0.07530045353388086,-0.519623822177958,-0.09162153667138459,-0.3800087761808169,-0.07745375952471799,-0.32080523000479033,0.07414191838973964,-0.46775487589661136,-0.004041183160714068,-0.3965141033284451,-0.03171580794521831,-0.2820003585050779,-0.022501478723340223,-0.2546705856566552,0.14561751031582948,-0.38447394077678154,0.062420622762371175,-0.3143378982294811,0.026868061763290048,-0.232639406285055,0.03141565903788805,-0.21425361577034768
4,0.0,0.0,-0.11403923277582784,-0.08308342864276741,-0.21088710841823677,-0.25578937358877135,-0.16922332218205663,-0.3666121499620658,-0.05455739523910782,-0.33499712832018835,-0.11071660151789207,-0.5186612517490411,-0.1348712352773541,-0.74358962018279,-0.13992321866157262,-0.8794489525004616,-0.14065543138347877,-1.0,-0.006809191825586215,-0.5216048329394071,-0.0754152122315767,-0.5094721680409602,-0.09102255136427397,-0.37144835628781203,-0.0727062949729998,-0.31491287098850834,0.07688547145865292,-0.46953277521528847,0.00416962366555854,-0.3939359864796239,-0.024791828736457966,-0.2889219081021624,-0.015486215207681226,-0.2655396672468364,0.14623376786267975,-0.38983892049340974,0.07640476771771022,-0.32834924060184806,0.036834653372641364,-0.2550549002758504,0.03670412247211233,-0.23903489389952534
4,0.0,0.0,-0.10962051386060578,-0.07308208243512988,-0.20632457014860156,-0.2400157184049249,-0.17366667586307688,-0.34165175978280565,-0.06483506486824651,-0.31040270583243795,-0.11068769512856208,-0.519983774549755,-0.1316241183563082,-0.7434601220040519,-0.13867249569943546,-0.880171918189729,-0.13926611155146174,-1.0,-0.004594427124538533,-0.5200817536013267,-0.05084456600276042,-0.48698511598288874,-0.0705607995806437,-0.36320073849659573,-0.060405725734712395,-0.32739111015335887,0.08038964941544385,-0.46081919136710603,0.015783798858104114,-0.3519310597321757,-0.017505068589064376,-0.26224428697870333,-0.010916834873980596,-0.26625397154431835,0.14696850279210472,-0.37680729966303855,0.07896634337556474,-0.28362087028363964,0.039906554530114394,-0.2154551887513487,0.0413721392018361,-0.2216147454744341
4,0.0,0.0,-0.11532563936498476,-0.06999145070124677,-0.20838637843774332,-0.22985042031548894,-0.16900793588806967,-0.3075457024002922,-0.0526515593007719,-0.26835275500100936,-0.1108666964259966,-0.5160116109450249,-0.12440356174720511,-0.7405790993376847,-0.13234478186371107,-0.8763764190754502,-0.13199001300118235,-1.0,-0.0010815043161041633,-0.5151101195339761,-0.04513329816685732,-0.46635117971911677,-0.07545049036807044,-0.3297186061098348,-0.06842465502407982,-0.3003906963442886,0.08311992629459093,-0.44949064683886225,0.01872644887483298,-0.32757737626046585,-0.02549536968056984,-0.23338429067856079,-0.02343351973968797,-0.24954700131694046,0.14715315260648473,-0.35986735069067277,0.07978416775610647,-0.2454689617798883,0.03494075269876669,-0.17587118135327648,0.03252879004892866,-0.19283580179565313
4,0.0,0.0,-0.1165722111436581,-0.07496701039612857,-0.203771345431695,-0.23465962808503202,-0.15612728208386067,-0.3048855493467961,-0.036599235411684625,-0.26061704612518494,-0.10667705385111559,-0.5217857302930682,-0.11692987646155975,-0.7460202987809549,-0.12725540136839214,-0.8768565505743406,-0.1279274853804676,-1.0,0.0010586053960693691,-0.5145129523263311,-0.029935957521472285,-0.4600235555440298,-0.06606570099029521,-0.3286097327238732,-0.0674566383267619,-0.3088586923690021,0.08487565883645445,-0.44779218116033165,0.03456402081774044,-0.3227016593062462,-0.013177328695776267,-0.23352936970406868,-0.01828425278753346,-0.2552688553405683,0.1507914581847121,-0.36115158039052675,0.10091408522298094,-0.2547638367085437,0.053379974729581184,-0.1891809689072515,0.04320824890747936,-0.20462758361101363
4,0.0,0.0,-0.11557641055210782,-0.07463435739138281,-0.20069921973872532,-0.2278952768021192,-0.14612990267619255,-0.28046475440615176,-0.03087971369735872,-0.24994287229608836,-0.09333160282780383,-0.5230716120196222,-0.10264573481642951,-0.7432263282453927,-0.11037337110133104,-0.8781255666542692,-0.10922606773527718,-1.0,0.02148881453182416,-0.5182402627337166,-0.02809616389122698,-0.45081703711241433,-0.06644837590317246,-0.3286680015020207,-0.06053317685078773,-0.30860591974591156,0.10588988768401447,-0.4484492446335578,0.034650492512825606,-0.3132149089331846,-0.015198733170295213,-0.23317523914415966,-0.013133727254317589,-0.2585255361031128,0.16742461926477756,-0.3561793022766762,0.09804998134931316,-0.22962573042684184,0.049782502082095566,-0.1704363684578463,0.04475549770940291,-0.196056051250577
4,0.0,0.0,-0.13113579256384422,-0.0741118408777102,-0.2342792958788919,-0.2215453222375639,-0.21600715565175208,-0.2938362192285206,-0.1033729677451456,-0.23949804704506725,-0.10166257727855108,-0.5306564167630705,-0.11636820353024592,-0.7438954609346817,-0.12685250836536427,-0.8812948588772375,-0.12608485402594818,-1.0,0.019765816447114726,-0.5442440696097822,-0.09210647025164509,-0.43333442176363024,-0.11346940266945305,-0.29989069050018036,-0.07887084686096703,-0.2803698486148947,0.10734216205794181,-0.46836337400952843,-0.01792971228122551,-0.2961833414188155,-0.051495891953079326,-0.2213570237961961,-0.02506227376198828,-0.2481190369568733,0.16412463770820115,-0.3584846251446057,0.05089344578373201,-0.21382353124105932,0.01802152915127315,-0.16344817827866304,0.037985128932343175,-0.1936199325795176
4,0.0,0.0,-0.11633993718020647,-0.08932524421451202,-0.2045097237174557,-0.22288702016611023,-0.20755329344449347,-0.31899474459646177,-0.12378430955804935,-0.28920771898321457,-0.08139879298957806,-0.5293059581709005,-0.09603779301659701,-0.7483603323013633,-0.10455743312411223,-0.8866219616137223,-0.10339547355920699,-1.0,0.03205972431707423,-0.5279304477185381,-0.08729304311026032,-0.4880867357590961,-0.10425682918544207,-0.34290839837267867,-0.07006582222076452,-0.29444260545375445,0.11447143915815293,-0.45700005504931535,-0.02715636187310425,-0.34638416301995056,-0.04690436460158528,-0.24246882742213013,-0.016244316085944552,-0.23223586767762833,0.16317339508489082,-0.3539730217898483,0.03167791902606924,-0.2528766157010184,0.013861663237763772,-0.18225571288357706,0.04416176002919781,-0.18297669997993085
4,0.0,0.0,-0.0980999180692315,-0.10027058385664114,-0.1400394791401266,-0.25820369287951683,-0.0514399707247376,-0.31356300800823306,0.05337161973132703,-0.31676998561215775,-0.07112037203562989,-0.5141361799279609,-0.07362138368078973,-0.739000700657944,-0.07261020687519046,-0.8757615439953239,-0.06667678311826507,-1.0,0.026110748917164996,-0.49189356868446166,0.013454880625871139,-0.4717324798045651,-0.013842521819062892,-0.33780705304018105,-0.01088689432429597,-0.29063410168407694,0.10817531061253241,-0.42893411317436764,0.08488748882194545,-0.394260755911255,0.047142039976220095,-0.2869725082305452,0.04621953824018704,-0.2711404175971304,0.18231703585470277,-0.3487709135780266,0.14968851320634063,-0.3285881242849792,0.10536783917589637,-0.26157959024624194,0.09687470337564758,-0.25606097222846697
4,0.0,0.0,-0.0833450323096808,-0.0922016043318917,-0.12019617684814118,-0.22834740312695498,-0.034200182787961234,-0.2921389503983383,0.07420800033314479,-0.3207133715040698,-0.08667316761693902,-0.5103156578363319,-0.08653088703268637,-0.735739841686823,-0.08029972304185162,-0.8756601771787621,-0.07317796461787883,-1.0,0.002764849313504068,-0.5011693192583869,0.019883317301792262,-0.47807790603361167,-0.006503736994813226,-0.35588159857757273,-0.02071507508534469,-0.31776428303046916,0.08319754633819937,-0.4415701593132422,0.10240826451443359,-0.4144614490599228,0.062039697860396564,-0.3119001777087652,0.04106009446042691,-0.2956738815436844,0.1548394485065744,-0.3609027466462321,0.181103308638766,-0.3518419026100443,0.131516474419623,-0.2907010016111462,0.09339758148245011,-0.28165782434373476
4,0.0,0.0,-0.08248705567915578,-0.10838532646906787,-0.0999393206123274,-0.25638525778147747,0.007738266899755116,-0.32134622541630214,0.11300970244311168,-0.3424084404851719,-0.07304395636668966,-0.5331704089367049,-0.0661493592394679,-0.7463039897700426,-0.05738976564532392,-0.880361624114865,-0.04588539668126599,-1.0,0.02294037130778123,-0.5077892208949576,0.06753466596887778,-0.4946048946969489,0.025621755093112607,-0.37325157584257446,-0.006380242624469377,-0.3551000776587032,0.10285533350312649,-0.439283941499357,0.1332329018051516,-0.400919835965047,0.0830968987713427,-0.29689055450946067,0.05112330690305469,-0.29763921714763225,0.1669766434910243,-0.35599767039938784,0.19229139073272808,-0.33470580126080246,0.14187550181661024,-0.2683922658415169,0.10212673149298737,-0.26333441981694755
4,0.0,0.0,-0.06666162598008638,-0.12069310086720812,-0.0692522480735126,-0.2716119033228626,0.04567104382440768,-0.3307205774558847,0.1456874745239338,-0.35378915034219316,-0.058663898166498724,-0.5467521256914586,-0.046005150870818995,-0.7584163713745226,-0.03473016897770837,-0.8881352093088556,-0.02103549596559279,-1.0,0.03490546208474719,-0.509241662631694,0.08751795138742474,-0.5056322402313675,0.046653493026161647,-0.3736848372108653,0.010883520880801818,-0.3364220463474975,0.11394472014738193,-0.4366617536128556,0.15249062424218043,-0.41719743319191943,0.10441216789428388,-0.3071729777839817,0.07058673753355005,-0.3029976090666442,0.17783816908046082,-0.35256242171385604,0.21235717852738603,-0.3471084634581727,0.16387708285773972,-0.27522116416272174,0.12123772120253333,-0.2652695240574037
4,0.0,0.0,-0.05651921921593718,-0.12749582667953363,-0.04709893220228263,-0.27144549437818755,0.07784046715493133,-0.323212939082995,0.18045046415232643,-0.3495250686640427,-0.04127559733191148,-0.549461345695934,-0.02352543858763606,-0.7551740705753146,-0.010190168592218806,-0.8892864737863582,0.0062137819648315626,-1.0,0.05502534193529441,-0.5064410839111686,0.12586712835088912,-0.508731873723069,0.08336913126939774,-0.38822454946117885,0.03989034443524039,-0.34869578573264604,0.13096363093772628,-0.42882203696749754,0.18570931931305673,-0.41725011949099383,0.13406568304589447,-0.3160749321368744,0.09144771525460947,-0.30611035519923274,0.18894619246922664,-0.3403093492306482,0.24306683177795507,-0.34535846422140554,0.20138393472058297,-0.28906767324150096,0.15301471459944258,-0.2773110442549256
4,0.0,0.0,-0.054355436919108144,-0.13166766771091418,-0.0460918011860307,-0.288044055172586,0.0751724881650918,-0.34615277515961157,0.1753605067202162,-0.3769192330274059,-0.03539663206974491,-0.5568719423358011,-0.017970867840388937,-0.7622642827693761,-0.005200085933981033,-0.8909141353804477,0.01049737919921748,-1.0,0.06017589464075394,-0.5069055176805116,0.1446212196516096,-0.5271153606316047,0.09661227387693046,-0.3936712964470889,0.04467925715372546,-0.3352852992981664,0.1367828659927746,-0.4235627195708566,0.2016436139593103,-0.4232464582188208,0.14509240518783376,-0.3103998849713247,0.09919653752886476,-0.2826274466587427,0.19320817776925714,-0.327402054753717,0.2520481466561606,-0.34621066077527235,0.2025029537696446,-0.2758096012153617,0.1533256636298939,-0.25376648875137353
4,0.0,0.0,-0.04714197103138499,-0.13328613010235008,-0.03632586236553426,-0.28254799252034485,0.08347775380998508,-0.3442129438523116,0.1780347594459567,-0.3790628505247646,-0.038433529785535804,-0.5570518751850619,-0.022985933358700444,-0.759569877792281,-0.01067789545330655,-0.8910849619484902,0.006343851941702272,-1.0,0.05766635229606279,-0.504203312644508,0.14141834667740985,-0.5445688008389643,0.09960531888831516,-0.3987821095607056,0.05262140189560598,-0.33563632640042185,0.13622492636615438,-0.42524691319621755,0.1977429210706715,-0.4450746242055052,0.14526696251916615,-0.3199313036616581,0.09817560240867629,-0.29008178960216285,0.1948133726495557,-0.33762663028957685,0.25415341632963884,-0.36679079513455864,0.20806654007771214,-0.29010886055985097,0.160681266712323,-0.26923160347671804
4,0.0,0.0,-0.07382657220456097,-0.13685606622824506,-0.08121859091330938,-0.3102246854200398,0.023068712030595736,-0.3917323668526353,0.12132262469615585,-0.42116527408465176,-0.06003899164968179,-0.539670074636446,-0.05352814930005494,-0.7629899946870724,-0.04632255193847481,-0.8888443719670153,-0.035407121263125084,-1.0,0.036824440889558045,-0.4974728832122807,0.0896109468943303,-0.5642248218811127,0.052360954412624006,-0.4284124241662859,0.02197055609827396,-0.35913466217961965,0.11861636232937112,-0.42281752017893864,0.154806194556626,-0.46478980952685844,0.0993861838660974,-0.3379363076026603,0.06655969670718137,-0.2892643293019111,0.182463329320343,-0.32846794636109733,0.2133659417091329,-0.37149425198151503,0.15884456922117268,-0.28799398019115546,0.12226912128446733,-0.250694027435143
4,0.0,0.0,-0.07767790428756552,-0.13313174302300082,-0.08569628116848575,-0.30823675736553235,0.013458328416133567,-0.3955975546190646,0.10939006864708477,-0.4266544801276681,-0.055066685345262094,-0.54014545279821,-0.05090263554873271,-0.7623614343927593,-0.04396422994866037,-0.8898857840684026,-0.033902787001191,-1.0,0.0426972562755779,-0.49588188915920184,0.10245701988637332,-0.5863440529099894,0.06451890956177969,-0.4501255529516266,0.027708819743816462,-0.3644374693706477,0.12466598889121379,-0.42069004532048426,0.1599045768348514,-0.4636579843122524,0.10351329121126092,-0.32978991936982793,0.06790248409627442,-0.2662834524472558,0.18731974438461196,-0.323996741093727,0.21642637454468894,-0.36790350676560696,0.1584036878430102,-0.277250525903646,0.11856844474233522,-0.22920730627436856
4,0.0,0.0,-0.07724114334219861,-0.13631784143992864,-0.08855645370488324,-0.31430941131846724,0.011414161883395703,-0.40518209964775376,0.11189992144492862,-0.43202044695874525,-0.054955865187571555,-0.547686212747924,-0.05378303972571573,-0.7675487357926848,-0.049592851313122875,-0.8927775093020078,-0.039161943184929035,-1.0,0.040296981855803375,-0.5005074112333274,0.0955331389359718,-0.5982410328517085,0.06108418115784786,-0.4544803893729513,0.02934997312673578,-0.3601980410498478,0.1210282216308492,-0.42727820469056843,0.15479653885749645,-0.48364389983279743,0.10371900147846799,-0.34081070683142134,0.069248041265089,-0.26510941508120256,0.18459469202410128,-0.3317551900635727,0.21380499751834853,-0.39086170305545265,0.16010502495761741,-0.29284882589106276,0.12189795557516997,-0.23506158210583394
4,0.0,0.0,-0.07854725155300574,-0.13241632884723284,-0.09067669495283705,-0.30887176470657646,0.0069268176219517835,-0.4031579504237812,0.10825703265230588,-0.43136057797163596,-0.05356196693017664,-0.5390619170758751,-0.05216109055645464,-0.7601683993740581,-0.049732999240680635,-0.888398068209731,-0.04103274513124071,-1.0,0.04204469895376766,-0.49301392754154183,0.09617935119395644,-0.5865657702135593,0.05605739596921581,-0.4440795411122957,0.021816321020009178,-0.3538052991877584,0.12270648088220285,-0.41929154972538835,0.1590471397495721,-0.46840726028095014,0.10129402887065553,-0.32982897909600284,0.06594156682531545,-0.26120121923758516,0.18475441692395222,-0.32390845137592955,0.2153584681611944,-0.3781422222274666,0.15798373864782153,-0.2806102166508647,0.12065976022342594,-0.22545330539919137
4,0.0,0.0,-0.09116148770665095,-0.12797894838095258,-0.11697735622458257,-0.31046352069435124,-0.019414030684141586,-0.40971668139028794,0.0851121394755926,-0.432063033914043,-0.06498639311802433,-0.5398016376510281,-0.06899004835687364,-0.7632823957136011,-0.06744191402167607,-0.889590778370674,-0.05966270348245628,-1.0,0.03464189484624169,-0.49903002694430526,0.06958348418582813,-0.5859936768065132,0.028494319512555443,-0.43442761250018996,-0.0016592077255694548,-0.34217082210131744,0.11860570152715728,-0.42907658533765447,0.1411510931799215,-0.4695959701508671,0.08059243945834411,-0.3266456917075803,0.046673069966679546,-0.25600215378980373,0.1838436938905092,-0.33708471045799054,0.19834856271189522,-0.3707422976713597,0.13699155920564196,-0.2716293495062874,0.10240214614469588,-0.2204051687822048
4,0.0,0.0,-0.09540091788221276,-0.12870328524463737,-0.12776485204217322,-0.3030555726038879,-0.042916076949352816,-0.4041141345553578,0.05673731495585102,-0.4404394037175284,-0.07856956432521771,-0.5460587820299418,-0.08733194218941503,-0.7654224638745838,-0.08873145528904362,-0.8912657363856668,-0.08113998788638495,-1.0,0.023146985761852777,-0.5133646526696759,0.051239072793899304,-0.5839376192220876,0.01499385330127007,-0.44273000215118957,-0.012267669976522896,-0.35320231224981574,0.10997135260228845,-0.44706058853322966,0.12238641316106458,-0.4594851806596279,0.06454297140653702,-0.32349985524416003,0.030135872108990297,-0.2596011558149382,0.17828510515101412,-0.359681840922321,0.18324508496578865,-0.36286980157600984,0.12183575202673674,-0.26970089785817153,0.083387423042278,-0.22498374209034872
4,0.0,0.0,-0.09620662714880977,-0.12356793757834217,-0.13105105978679626,-0.3030450918093711,-0.041935010905254186,-0.40285250675863854,0.06309715142959343,-0.43149917254761566,-0.07682169112388464,-0.5474041628832866,-0.08683124983387425,-0.7666431498860757,-0.0888106503188796,-0.8916488303149308,-0.08169076376688471,-1.0,0.025030990003458535,-0.5155978925160749,0.049156696978136565,-0.5812620911289669,0.010782019086708639,-0.43543100365987203,-0.0154184961934696,-0.34678006790324245,0.11157695174663736,-0.45002294386598257,0.12013995953118281,-0.45491929815699994,0.06111057976853782,-0.3157008924294752,0.02883483121273083,-0.25339108936166166,0.18069383778503573,-0.3628495821659711,0.18265671338609915,-0.36182277888216485,0.12138836774445545,-0.2657218486325308,0.08647877094149045,-0.22317261090905802
4,0.0,0.0,-0.09693993435099411,-0.12571839114010855,-0.13026960927399237,-0.30327046316253226,-0.04086210828738915,-0.404267885929209,0.06457249918464153,-0.4343608017678684,-0.07556283086234959,-0.5484677876969996,-0.08510209689183015,-0.7665975460628889,-0.08662633074675939,-0.8918090527752934,-0.08021383797601173,-1.0,0.026013165606895247,-0.5160733425649815,0.05062586060211207,-0.5809118159648357,0.014921643856089035,-0.44082941610992665,-0.011859476567103419,-0.3540514559305556,0.11320787321039517,-0.450184049175262,0.12401668546466871,-0.45985213795164825,0.06564962859351248,-0.32122492918640844,0.031031570524421445,-0.2563803065436507,0.18281356663093878,-0.36280299616022593,0.18577469952386177,-0.3682281851716067,0.12537917087967643,-0.2707463390599131,0.08963634622884058,-0.22415298070928014
