3,0.0,0.0,-0.08946927305722928,-0.25792108165793975,-0.09735133183458443,-0.5700714664922406,-0.08834374731823277,-0.7843745403690292,-0.05863567900825799,-1.0,0.17186667666733563,-0.46985282574082093,-0.0862618512995126,-0.4140454890788866,-0.13487996832220533,-0.3555316650685868,-0.07290442626454968,-0.34920871959227906,0.25186459544703776,-0.2495171411240797,-0.0786415217414318,-0.18470672475163316,-0.10834125616060354,-0.1736827891415259,-0.029666173615667535,-0.197711873969948,0.2710944853743595,-0.02688107740540302,-0.035204156674444216,0.013658120824748862,-0.05982156914550365,0.012416371095093522,0.014467859674397138,-0.006878838516900793,0.2553427560357078,0.1664235197714802,0.02435590849207706,0.19163038608663688,-0.0068948305776309815,0.17801258327415145,0.040036687138756806,0.1555854074022519
3,0.0,0.0,-0.07499432459003642,-0.2628653177732133,-0.07113029746383792,-0.568068063314964,-0.061886614805629646,-0.787227071569859,-0.03631584040837627,-1.0,0.2287796195349872,-0.455949774204606,-0.022799772440932776,-0.3749901641301428,-0.08758785579846008,-0.337515726086174,-0.040948422055140564,-0.3545917006060705,0.3146445022688073,-0.2340012228134296,-9.089700419754225e-05,-0.153200343328386,-0.0627591808235359,-0.16622620058662485,-0.011304919201155523,-0.207712769084527,0.33772148796134754,-0.012530898198068642,0.04583515353453679,0.027941105976862415,-0.012956440889361613,0.008767490889949504,0.03210902756485569,-0.023250413558757902,0.325423711184492,0.18051828476900855,0.10850660292118551,0.21180245593756417,0.03836396245818059,0.1738773767757702,0.04725671936884015,0.12399753266639352
3,0.0,0.0,-0.04974872299434995,-0.2650805858431953,0.001442083924571125,-0.5712755191524789,0.03722770015712461,-0.7851460370563904,0.07132287860254725,-1.0,0.3406456475305786,-0.4151289196742939,0.11678341866343021,-0.35189249722074806,0.028640004278212523,-0.32188586689773846,0.07792079777786741,-0.3418577322119945,0.4180688311823683,-0.18631366277080427,0.1290474768289925,-0.12911704310253797,0.03233222858163206,-0.1562857320252759,0.0932999294366854,-0.2075694450424173,0.4296671378440981,0.033421269332965936,0.1607474907422472,0.04875190854051771,0.06986425286048813,0.01936752247534476,0.1182950688615468,-0.017711754524866882,0.406584051240659,0.2229508427036309,0.2000648983086105,0.23977727009252994,0.10960449647387367,0.18788513543216517,0.12346087452283655,0.1275127134064406
3,0.0,0.0,-0.047842290304539764,-0.2622231009399534,0.0074583455758850566,-0.5709280815303601,0.04171048813685296,-0.7947123160527999,0.06690085409532806,-1.0,0.3408413356143381,-0.4225611692803943,0.12599141785682577,-0.366795316434493,0.04462330011597243,-0.3345541560145025,0.09776467023828811,-0.3534198138033741,0.4244028151919312,-0.20002201370982728,0.1437161155916562,-0.14652435100745903,0.05099858032166561,-0.1601321188722024,0.11374657780633611,-0.19674192517901584,0.4380886150218627,0.018875726429541027,0.1773661992071403,0.041088291910030286,0.0849919130508805,0.01730707797979132,0.13296829934251778,-0.014170696411261867,0.41635064864929183,0.2162192528885557,0.21733481250818076,0.24277071599934463,0.12212872116364196,0.19484581707476697,0.13590216393394605,0.13884495300233135
3,0.0,0.0,-0.050613367050243434,-0.26833398038210676,-0.0008109417315963495,-0.569897805390405,0.04078635778786731,-0.7912536990273156,0.06879633680472068,-1.0,0.3520129863275271,-0.4034004661096965,0.1208591713005915,-0.334900637939265,0.0656013624384082,-0.33308428797462786,0.13075796192538258,-0.3668452208508437,0.4383038017145424,-0.172516652220472,0.12982386589552528,-0.10255656594208933,0.08024335289336362,-0.14532465232368702,0.15498933249197444,-0.19560726211574392,0.4505805259040405,0.05138184987139172,0.16171871792856815,0.08108572829346848,0.10233277698867801,0.03530587422544743,0.16475957348734266,-0.005648677146901966,0.42312790805417383,0.24879068343598146,0.19894509546803912,0.2709052075501795,0.13318633010747266,0.21308555470455284,0.16727989687880093,0.15077675175260297
3,0.0,0.0,-0.04523889085183755,-0.26883152513806835,0.018598938546924973,-0.573524981032438,0.06663457473858546,-0.789030723342016,0.09341512894746692,-1.0,0.38633431663366175,-0.41871635026673276,0.17723646044749752,-0.3613450672013191,0.0876951878541867,-0.3299401711508631,0.13392377003006506,-0.3512132848713264,0.4731758500708944,-0.19545193925632548,0.193228101025207,-0.14086781503728232,0.08750026248732072,-0.1568418803769957,0.14870112143713407,-0.19397014126839351,0.4874547038184373,0.023943408646651895,0.21879002931640998,0.04975412926792971,0.12014272919251597,0.017552184761857808,0.16958917767059165,-0.02125142998527332,0.4600763632678439,0.2181009430370559,0.2436628713282589,0.23976185324265423,0.15101329235792132,0.1874668467101437,0.1751733101066292,0.12582295481292186
3,0.0,0.0,-0.059562395988071434,-0.272699898361498,-0.003959880714373472,-0.5820928596160075,0.04341147956619347,-0.7920795684272838,0.0654085085945964,-1.0,0.3582446695631778,-0.4472471602649303,0.17066333083890856,-0.3814439368724381,0.0855740341550043,-0.35121619961355033,0.11849820736488222,-0.37882702467246715,0.44985737102520856,-0.23634235421576402,0.1865542314007126,-0.1576518155317034,0.08702824656830442,-0.17202416985915808,0.14282331654250388,-0.2160137602895022,0.47233735047412684,-0.025707392804887583,0.2144313269967498,0.029334211966537477,0.12260909385366289,-0.0001883104553628271,0.16976466777612723,-0.047500251303988474,0.45426021690326474,0.16146672176739302,0.25180994717031707,0.2092276590754247,0.16522935677348016,0.16897345112975104,0.18855773848748505,0.1068310008600181
3,0.0,0.0,-0.06327132323991554,-0.27749874727084006,-0.009542216972690504,-0.5786420863309353,0.039609730126346686,-0.7874313235978382,0.06623380400157486,-1.0,0.37469285765417515,-0.4421149647446222,0.18251369054010522,-0.3812189054726368,0.08737226636601167,-0.34749655499481014,0.11929941121729482,-0.372307750814274,0.4638894108593722,-0.22934227245069616,0.20631039944164073,-0.1635207505637281,0.09225612047675293,-0.17393764093203049,0.14375246071799277,-0.21676375317656324,0.48316510970328214,-0.018481110633880957,0.23080953147929417,0.020093999427323813,0.12636032964673038,-0.006751315365617953,0.16993651347578653,-0.05478028025340921,0.45956839006406813,0.16808448763377357,0.26181547299473856,0.20676831668993165,0.16773372346898602,0.15964914635455815,0.1870575181645728,0.09007077919753749
3,0.0,0.0,-0.058842208885078275,-0.2831006998168059,-0.01174457069836045,-0.588712045806191,0.03868888647988095,-0.794592215181349,0.06626742835117641,-1.0,0.3575758372123836,-0.46723059352480567,0.19046361357760674,-0.4332125544353669,0.08800894398947044,-0.3943975235398401,0.1075219082846878,-0.4135162865361641,0.4468952815199526,-0.2600097017319672,0.21079410756658443,-0.21881259998751695,0.08925681010118929,-0.22612043506683355,0.1318721605187689,-0.26946221087798483,0.46793862285776233,-0.05321805135347921,0.22573455579536134,-0.02333562189087413,0.11674797068456341,-0.05121507075365813,0.15606254222607663,-0.1022442098946716,0.44675008404152694,0.1337303816416075,0.24989230639514956,0.16615059146619887,0.15173026995123948,0.12505444905440963,0.1660586111631238,0.058876591998370635
3,0.0,0.0,-0.05863796867227222,-0.2665933831952769,-0.014066091547956438,-0.5669913706693708,0.023389228094698452,-0.7885466561635996,0.045360244644678936,-1.0,0.34784984977455025,-0.515323123371867,0.1521987060147767,-0.4790951920843651,0.059755283071751854,-0.41253976102901724,0.0926291461809756,-0.4122086891700615,0.4356331919300916,-0.32410405006282506,0.18939074065534803,-0.2874118106804462,0.08111643040786651,-0.26550815599137,0.12205034204737983,-0.28660708081532077,0.4538238693460396,-0.12352189058606307,0.21590985155528336,-0.10296398562918635,0.11464351231967687,-0.0989970732652674,0.15332749530538828,-0.1261094785363224,0.43141510694917284,0.06095865915472127,0.24066862915638088,0.08735579621188344,0.14865402714491746,0.06971846354607711,0.16198530066445996,0.02654206068219928
3,0.0,0.0,-0.0488559698859155,-0.2781544226918444,-0.0038489166121152027,-0.5806526981391594,0.03740141970709007,-0.7999800723012951,0.06953048581675905,-1.0,0.3775649316088086,-0.5166187787233365,0.20434042460456825,-0.49164231059047175,0.09888203724363256,-0.42678110879308134,0.10893284763671324,-0.4168183071639972,0.4619856621150769,-0.32680608651848225,0.2313647728577619,-0.3010478071987816,0.10977437905626107,-0.27683701531268673,0.13907689702890794,-0.28694063096416533,0.47746095554048695,-0.12881633241496887,0.25121619730056166,-0.11707156285963105,0.14056466422980177,-0.11381565768111156,0.17411507187801484,-0.1351269798828729,0.4537702535406764,0.054747108912102715,0.27746082981368125,0.06717897546064207,0.1817272013296867,0.049577222661334734,0.19443168550193912,0.012606417263799146
3,0.0,0.0,-0.0434911907673715,-0.28184924797221633,0.00861578629335786,-0.5849578975806834,0.05497629354347077,-0.806921171649594,0.08415719886406992,-1.0,0.38978755962704864,-0.5506374654817907,0.23307787967967927,-0.5479357131219722,0.12973567146295337,-0.4696963634976252,0.14599959990843264,-0.4434394263429362,0.4716830037390001,-0.37711764960640476,0.2553221458931838,-0.365592331440804,0.14140308400479285,-0.31926812115762576,0.17853570611005817,-0.31351670176060914,0.484919847635232,-0.18197731852032115,0.27743566053261676,-0.1824236062274046,0.16717702401993034,-0.16487690997321036,0.19768421226301278,-0.17252113370276495,0.46433431156408994,0.005514457948107712,0.30116356526957716,0.007691657265889719,0.21138982323789568,-0.0045187661506035405,0.22161731860281425,-0.03173076724776186
3,0.0,0.0,-0.04263235042704781,-0.27466999011664783,0.0046620692724861435,-0.5766805492189926,0.04268050268529768,-0.8019406573997173,0.06475305276212885,-1.0,0.38600792489056995,-0.5648820320252982,0.21824201770101292,-0.5531124466506362,0.1136996209527066,-0.4723058760929096,0.13185484319662205,-0.4496125058293569,0.46718979981406755,-0.38851335972265916,0.24485544712305432,-0.3685988603291146,0.12437687841858272,-0.32586717057937487,0.1592907050967547,-0.3291200781766075,0.4793213364072548,-0.19345513696586147,0.25811714554222376,-0.18323350506964375,0.1471785912631976,-0.16716056451441583,0.18355903861386239,-0.1835189791721251,0.45650485417250447,-0.007287176628755193,0.2785699183940615,0.006150742869975752,0.18056449418379394,-0.0070555197560825105,0.19041668900621225,-0.04174133132901244
3,0.0,0.0,-0.05440539875767042,-0.28016791399034885,-0.013354682451233396,-0.5827724315961603,0.017345223568849304,-0.8015597621739246,0.03131502180446248,-1.0,0.3480469723324085,-0.5762267864396513,0.15857007913381443,-0.5704158350952898,0.06895425910094949,-0.47138439709038815,0.10532200339865992,-0.4421671985251643,0.4294942310111294,-0.4079362354673638,0.19233835334045327,-0.3928303458188551,0.08932098107662688,-0.3338161855370275,0.13739094764285067,-0.33164765703178894,0.444635773739944,-0.2179460781211067,0.21927806117748103,-0.21405668759649366,0.11904082798470363,-0.1801037384457981,0.15888915417273236,-0.18210191332856357,0.42743696815819393,-0.033813341302531205,0.24901833850236232,-0.02356608518762734,0.15710029091311145,-0.027479511496716312,0.1687057691491092,-0.05106803008318785
3,0.0,0.0,-0.051118336173218315,-0.27359264638295455,-0.013073801479287266,-0.5709891142088985,0.016669645590686084,-0.7947214821202068,0.03087235596783819,-1.0,0.3597740190609815,-0.5699006468719113,0.1574450932142414,-0.5554798772242986,0.06646682303392792,-0.45609403008384714,0.10314264459966462,-0.42698118685007086,0.4406673020123944,-0.3967926793865198,0.18932056247098344,-0.37551391519933064,0.08949880001353472,-0.3181978590156382,0.1343145526314907,-0.31295021084990177,0.4555136225568801,-0.2058286450420831,0.21945399625112827,-0.19578166068697206,0.1218916773808013,-0.16305041548623203,0.1581706026229502,-0.16375519605469202,0.4381030225392606,-0.020336008403715706,0.2589782043357621,-0.004256118640501044,0.16276569876869673,-0.00899164251773713,0.16566163968581174,-0.03480920982372255
3,0.0,0.0,-0.05746875538555762,-0.26484461791280334,-0.020823893202593192,-0.5635046221640664,0.015575279102518144,-0.7905915762681719,0.03729359388291359,-1.0,0.3512915676315614,-0.5178965160544335,0.19494722794381233,-0.48721880241367627,0.0927698161900559,-0.4216444500707295,0.10205969356990548,-0.41848459429818075,0.44184623126318906,-0.3286194792242194,0.22209714254390375,-0.2889105921520422,0.103350058385853,-0.26550123692825345,0.1334608712249829,-0.28696124212599433,0.4633746589229003,-0.12963059363485752,0.2427333176375755,-0.10017068150743952,0.13501979913373613,-0.09748820550558283,0.16877731229470797,-0.12884797475428053,0.4446069888713922,0.05526602534904329,0.2685435716998387,0.08768565261817467,0.16960962126294063,0.06391210060113175,0.17659778279673954,0.011628269242979402
3,0.0,0.0,-0.05757188594886822,-0.26776911353043265,-0.018172545760880735,-0.5667437405291452,0.019980039054870193,-0.7903783178739109,0.03606024133357428,-1.0,0.3398829717746001,-0.5130683791449526,0.18865694207867573,-0.4756306475032501,0.09140885402840417,-0.41629919790902037,0.09780453958068376,-0.4181289025035935,0.43091442852905176,-0.32795569819713405,0.2074373760660572,-0.27512865262646197,0.09823843928594565,-0.25361330612773736,0.1258494239431001,-0.2772523646998138,0.4552726266665173,-0.1309026896618573,0.23432376575066158,-0.08686352568352111,0.133942910138241,-0.08395481948690922,0.163193049811277,-0.1179501892100814,0.44084307472592665,0.05648509090802817,0.26750783849461934,0.1036698816225355,0.17031566836774706,0.07735182846251526,0.17202496433284023,0.019371566320459385
3,0.0,0.0,-0.06230707481170697,-0.26690784861465416,-0.02128495875299807,-0.5686133635006321,0.018265621501435847,-0.7911479054814464,0.03176561807925956,-1.0,0.3476393339076071,-0.49851369994944955,0.19240746190873348,-0.4566135512314457,0.09084157181534719,-0.4044848109149824,0.09948520690966725,-0.41389912010958785,0.4382769440161292,-0.30042366542457966,0.21226468871395593,-0.24730484061947258,0.09700461798246086,-0.2396945072115032,0.12802322386606188,-0.27716420872928726,0.45947194842095895,-0.09736404426927248,0.23122432756680333,-0.05597565757117393,0.12881619100045857,-0.06496600801180358,0.16407340665916395,-0.1112854574129716,0.44002166726473274,0.08943339516065162,0.25704689652609997,0.13723376690677308,0.15944408212831987,0.10055136148839247,0.1667139578837653,0.029357383736449406
3,0.0,0.0,-0.0659762311895536,-0.26435132199124967,-0.026408216501494518,-0.5663772518141917,0.018329434952631864,-0.7871036188426949,0.04035260339564408,-1.0,0.3401845548108707,-0.4970400489291702,0.19931248620764414,-0.440463950611634,0.09870440087169628,-0.3921062541764902,0.10252262915947395,-0.4034127863525778,0.43295838809876275,-0.29877161254892043,0.2181819803670541,-0.23133072527721424,0.09735163497349734,-0.22513895131943154,0.12686698564741755,-0.26182884796547967,0.4557409360224727,-0.09486503561675926,0.2358782758905547,-0.04104411188087593,0.1277049015657257,-0.05494893968052541,0.1589641489888579,-0.10191935296834768,0.4371256672203647,0.09311532135365017,0.2578744898525105,0.14708284643973968,0.1577760187339461,0.10460161470915727,0.1625950533291499,0.030855705875805387
3,0.0,0.0,-0.06344406568566173,-0.2617863944330423,-0.023658529818198354,-0.559900170557058,0.019129480783622206,-0.7819168285789815,0.03606958080574144,-1.0,0.3348457780384474,-0.49579349108640913,0.198626140932692,-0.4383634306554154,0.10075159169888856,-0.3928159101296095,0.10736771038132181,-0.409502833497622,0.4274411894139018,-0.2997663607223974,0.2112820834935758,-0.22337849408830585,0.09239502802669415,-0.21635891124019566,0.12630374416287157,-0.2561010949408599,0.45160626521661057,-0.0970105887185716,0.23305623912823994,-0.03249177464888599,0.12381378837822819,-0.04726195421548763,0.15599862968617656,-0.09728727188089831,0.43568291801315284,0.09114571491769254,0.25971416086004534,0.15446550439186352,0.15926333686059407,0.11566762722223208,0.16675728875163487,0.04486082220370817
3,0.0,0.0,-0.06858305875929527,-0.26408737853941433,-0.035263929420326225,-0.569227071988344,0.0018666910016406774,-0.7862430963367228,0.012625636714670239,-1.0,0.30212514698620757,-0.4763731634215953,0.17261700604804017,-0.4261519252534775,0.08995111222302694,-0.3885632840150542,0.0898453556225197,-0.39649464237448506,0.3976935394124109,-0.2732630686737349,0.1617372232686175,-0.19254990184163423,0.07049634453373713,-0.20038169045835721,0.10624884238090396,-0.24059143267132665,0.4229314724296216,-0.06665739926925476,0.18549785064693267,-0.0019374531877204794,0.1009656524988912,-0.02107862452230691,0.1340976293894306,-0.06418052941715546,0.40938418724215786,0.12058359856263826,0.21931038189539803,0.17805061391029908,0.1331997616513033,0.13761253797667322,0.13851581921537495,0.06895562360239849
3,0.0,0.0,-0.052288207867003944,-0.26183613042717047,-0.005882819267895811,-0.5652789553918206,0.02989271871463962,-0.7843171797621912,0.04634838146757536,-1.0,0.3273893831541353,-0.4621817559562308,0.16488065764852114,-0.39687612795686145,0.08491608124664304,-0.3588903759788575,0.11608215717361017,-0.3736916442687692,0.41749449896026314,-0.24612789450988662,0.16323536849122808,-0.16074566119810582,0.08058551866444168,-0.17614095171624622,0.1389867516811908,-0.22212155800886363,0.4389080006836897,-0.03267478549829627,0.1869273740031051,0.02409244102260897,0.10653029557900788,-1.7616787175058113e-05,0.15710967509003118,-0.042262870374393344,0.4229420450259348,0.15457523303397003,0.21508830315600783,0.2021488719466421,0.13495884154382834,0.1637464532607337,0.15782186835133297,0.10490242526746094
3,0.0,0.0,-0.05526049394974265,-0.26386017059949546,-0.011821825864775986,-0.567206730938495,0.02046177295147887,-0.7848983092350239,0.03422453102544435,-1.0,0.3151169603019729,-0.45364706561826396,0.1372588965821159,-0.38148525124915494,0.06544420705017467,-0.3522019582192239,0.10575004875571074,-0.37241510671468,0.4031333801968346,-0.2365294795026245,0.13262087361530814,-0.1483728251293856,0.06385119084587301,-0.1719921484515463,0.13036782574056266,-0.2233242968793576,0.4227521639426103,-0.02411004510051588,0.15616028899774478,0.03002303484816898,0.08881114786964246,0.0011980257200714108,0.14389877167255624,-0.039887511773564636,0.4047392528765869,0.1580822331816533,0.1835058144893665,0.20251579467457095,0.11499286564508454,0.16025517532474468,0.1433942044591004,0.10147833644328177
3,0.0,0.0,-0.06409862961042745,-0.26247633417883187,-0.02594192486920347,-0.5653174726801683,0.007831517177724408,-0.7833785919156082,0.024114532112281584,-1.0,0.30364536955879856,-0.47175077865685855,0.10223208507993486,-0.3868618753017562,0.043833208174753925,-0.34559403051699406,0.1019362380973416,-0.35782837852604266,0.38835254110664985,-0.25366040408784196,0.11406596438366569,-0.1546140504648692,0.0501434480064912,-0.16875270757143532,0.12614182985717973,-0.2218858181767456,0.40776955786859975,-0.04001548401496323,0.1399034612740756,0.025622053639169754,0.07545570510003774,0.0029493638611770485,0.13786546886418782,-0.043028977117291804,0.39081522021322684,0.14298011489790083,0.17076415706278,0.19458787953467357,0.10515839341332633,0.15841356269514859,0.13948729931034912,0.09879661769595068
3,0.0,0.0,-0.07996493169092415,-0.2398242168478503,-0.05486234683243744,-0.5723939384739253,-0.03769567221422029,-0.7853680693858867,-0.018738913008592012,-1.0,0.2512533549300073,-0.4609408668819763,0.02847358225497823,-0.34380092524504247,-0.006523557158307747,-0.32921903025518956,0.06354484851902044,-0.3701518378136049,0.35262754056966483,-0.23655060951591617,0.020016615454738658,-0.0983548964924988,0.010660269151440761,-0.14441093402591995,0.10859366775320332,-0.22150916748055058,0.3710356427921692,-0.011567140197926578,0.06072625387736659,0.07954915103069837,0.04183889002138244,0.030168839674267693,0.12947082497270515,-0.026509023564058414,0.35044750143226483,0.18059844026065838,0.11347283112917668,0.240110669811012,0.08473546768719889,0.19817951551794363,0.1453073563407832,0.14633961216673969
3,0.0,0.0,-0.09775449489652811,-0.2456372759404428,-0.09214420542004749,-0.5597406415696682,-0.08368713875518317,-0.775910215842898,-0.07259976486818237,-1.0,0.18070417135559763,-0.4849233268260922,-0.06471194099400455,-0.3820045306619475,-0.08382954332534666,-0.33859901689216715,-0.0043966120291215,-0.36547302160907214,0.274873300297726,-0.2755435498896623,-0.05764521980619461,-0.14789592319277617,-0.04698787580444032,-0.17179097825274756,0.05093483859751493,-0.23770805429735126,0.29839324088019353,-0.06067561158867177,-0.009137548358414186,0.015476945479232214,-0.004874235267744999,-0.015157028026946661,0.08729991547720832,-0.07088518380421653,0.28378686889054355,0.12240484802606802,0.0449408922467705,0.16720061340041087,0.04975073098509417,0.14290997965970847,0.13135314944087667,0.10114385508790784
3,0.0,0.0,-0.05870024971013048,-0.25517826443487845,-0.014661471312250155,-0.5459899080151337,0.023050036396462092,-0.7728123032816032,0.03419524605067936,-1.0,0.3262599458989441,-0.46166815318974314,0.17097405171397084,-0.41626343057178045,0.08601814386658466,-0.3729604043527614,0.10355479209851672,-0.3797582395579387,0.4151384130073063,-0.26492346543435275,0.16427940005796896,-0.18387427292484465,0.0761376753736616,-0.17980614762040614,0.12135345920868121,-0.21250642050227414,0.43531762956293846,-0.06082779150862766,0.18497829729121398,0.006748520994534936,0.10233758270651638,-0.00040421808803656065,0.14911122028014234,-0.03321896331428729,0.4187912294775397,0.12701280951475113,0.20971402808077905,0.1881957029498117,0.12722739564820906,0.16198807170444668,0.15131946706191973,0.11245679931562175
3,0.0,0.0,-0.060156424027918716,-0.26798496879476463,-0.016554801286133118,-0.5587856273662684,0.009967961220455972,-0.7758893200590824,0.011861589526839408,-1.0,0.2986052913589798,-0.5211425671483768,0.03214698687582114,-0.4787587371283901,-0.006682365252723439,-0.40217883337768673,0.07500353361371782,-0.378182579110503,0.37670807523293726,-0.31874995781141363,0.05119751151773976,-0.26062421107343514,0.023069434947040796,-0.2203473557625927,0.10554172906315974,-0.22318774708448744,0.3896718863238001,-0.10832351660327981,0.08993941821274624,-0.06849524102518367,0.04979081620442635,-0.03752401169784667,0.11998751013293138,-0.04252773145272127,0.3657070305924014,0.08485950331402851,0.12471263180481443,0.11947050818376755,0.07910436648289149,0.12649191625775272,0.13035444753611497,0.10801403136130755
3,0.0,0.0,-0.1230608975983065,-0.275362484666384,-0.19848621508329817,-0.5340283955085104,-0.26409769141152956,-0.7582323687525833,-0.2949505559331409,-1.0,0.06785236096549829,-0.4628065347439007,-0.2966006529774812,-0.37855258510844764,-0.2644310344433035,-0.3448163959875481,-0.1550247784260477,-0.34856391702798806,0.13634525489626864,-0.24224612397462147,-0.3059059253440195,-0.1371409629113106,-0.2255190382023755,-0.13983494997620613,-0.09277027020400397,-0.15929808571307458,0.1509275686674114,-0.009287836967687738,-0.25853983111418843,0.06790325053589333,-0.18035961163956715,0.052204853295829794,-0.05333902599105804,0.018611416503019104,0.13163475498306423,0.20572811696711674,-0.1820374418652041,0.272337225023328,-0.13103181709656367,0.2522799780706271,-0.016722617951290507,0.21396699675145828
3,0.0,0.0,-0.13771233578626924,-0.3140509721282804,-0.24304608967303118,-0.5811378952987971,-0.29836286823646735,-0.7735220587089077,-0.3095194110848355,-1.0,-0.09388376165066951,-0.45029064547325726,-0.45616727566609166,-0.3327244351327041,-0.3985948643219193,-0.28709492799203484,-0.2938497300245388,-0.32201692349645905,-0.04249595558113607,-0.19501518668907908,-0.4433271188331343,-0.12940723223679695,-0.36849155272685236,-0.12360707703962508,-0.25454178470269295,-0.145430439335944,-0.03297130107502283,0.023899271245421877,-0.40286126818318285,0.07760425449987782,-0.3228829990264242,0.06612217414515531,-0.20166127377076692,0.04769266182179939,-0.05242834176498419,0.201100389653009,-0.33769536046294346,0.24883192162482085,-0.29116495661625624,0.20935766469758316,-0.1977442963622196,0.1735114908868731
3,0.0,0.0,-0.05159522353959881,-0.29525797057771747,-0.03543593137182936,-0.5949911374161697,-0.027821966816809374,-0.8108727288272793,-0.015440387362824312,-1.0,0.22444907894592267,-0.5435612822949701,-0.04788214393183313,-0.5865459911177492,-0.050670323792471224,-0.48731515277927434,0.035270101288387104,-0.4539159029111028,0.26633040831595395,-0.36881109155805764,-0.04872228197706762,-0.39755694245890005,-0.018759389689893127,-0.31972898784648307,0.07539341017470975,-0.30106562448553204,0.2598170532234238,-0.1755459166050113,-0.030576445129309147,-0.21324770000783907,0.004751641288477588,-0.1581174149010518,0.1027691315609643,-0.1528451077770893,0.22805246693947379,0.01451955026807504,-0.00797240129439798,-0.015800947761400057,0.010433168306547065,0.0014210050023254067,0.09389592943468285,-0.0037749427235264413
3,0.0,0.0,-0.055992158137751824,-0.2776730753832977,-0.1454004881753355,-0.5881693910182532,-0.21464914217500067,-0.8121580406990709,-0.2418609137031205,-1.0,-0.13688744549881474,-0.5338944599863641,-0.45557319354502157,-0.5423371394187025,-0.3790046391214785,-0.48122393223776955,-0.2728086095495054,-0.4689322013747522,-0.1361319504933919,-0.32436576027485337,-0.47549084428614063,-0.35612202684964345,-0.38640764096305447,-0.3268315067196898,-0.27755934169119273,-0.30955642040339976,-0.14925135934508804,-0.12599630714283983,-0.44891931762211057,-0.18479480622205183,-0.36289448910218924,-0.16268224686822905,-0.25874566598810617,-0.1500417326827564,-0.17775635877490312,0.057841922906147564,-0.4184235236456895,-0.02075230439624697,-0.34839480816310686,-0.02214804426575955,-0.25295919902364933,-0.012057287812358212
3,0.0,0.0,-0.06531203460157244,-0.32417335121464197,-0.191946426572347,-0.6070961031127903,-0.30325626724309845,-0.8246281626694283,-0.3627636217417826,-1.0,-0.34429080256026046,-0.4961433228880642,-0.5835797235359951,-0.4897384287447367,-0.5004616654487228,-0.4570657660301047,-0.4007425812859202,-0.45587937231776293,-0.3717443120825795,-0.27850159942844216,-0.5974636305866986,-0.3185589510386575,-0.5079661360478631,-0.2979284292897924,-0.40866351361186876,-0.2832422785678547,-0.38836230995261933,-0.07036081708746382,-0.5810166561844077,-0.13467249495497088,-0.4939865994627122,-0.12547737251816063,-0.4017514239172403,-0.11235850174303594,-0.39048672169227067,0.11616540580376623,-0.5103461038471468,0.03654419014676359,-0.4326130003293181,0.03549585545514273,-0.3624359355554852,0.04935528395607308
3,0.0,0.0,-0.07422941707030238,-0.30840228776734635,-0.19740122137176344,-0.5782726260240387,-0.27899200701628496,-0.8066566256054536,-0.29756392144551413,-1.0,-0.3590155898064542,-0.46821275339352986,-0.6021235723255397,-0.45500053568936993,-0.5132087917837709,-0.42355930704219735,-0.41479268821383725,-0.42735273525483863,-0.37790486904263587,-0.2448249915286332,-0.6104401497936973,-0.27892878321274095,-0.5141521656800015,-0.2612270525623393,-0.41071210558312904,-0.2558922716219179,-0.3852257494668022,-0.03599614552811497,-0.580562698080488,-0.0971967873587275,-0.49175848133309413,-0.09178134156550859,-0.3950344709880604,-0.08690469961530028,-0.37935995086607266,0.14366815164743169,-0.5023162336303295,0.06382645408519205,-0.42248045356694375,0.058409762502740735,-0.3469342372780004,0.06754856086427874
3,0.0,0.0,-0.07835129544722268,-0.30942065249432715,-0.21313009439847536,-0.5831188952131429,-0.2916683545424008,-0.815475192589218,-0.3057573908702646,-1.0,-0.341228021520883,-0.46910127939941954,-0.6007708554445055,-0.4691090695951155,-0.5144112388218482,-0.4315419414788035,-0.41197889043931096,-0.42825541371859693,-0.354390024560929,-0.24759734784345572,-0.6126942173688957,-0.29257139402747506,-0.51524977548656,-0.26960246942971405,-0.4043407593633478,-0.2592181385670153,-0.35915731271902135,-0.04103283037752535,-0.580428784835418,-0.1073261493187318,-0.48895973465970244,-0.10397543034599063,-0.38592972246337204,-0.09579354361045032,-0.3525272329661139,0.13934728131518445,-0.49889503864248674,0.052532094048228166,-0.42110588371668367,0.04106243312116995,-0.3400750725578827,0.04870991243196822
3,0.0,0.0,-0.07510598737429657,-0.31070908553338833,-0.20569931873653896,-0.5872699483269025,-0.279691619111005,-0.8196850749241357,-0.28890327345422967,-1.0,-0.32631276512307156,-0.46686928079510015,-0.5978247691906114,-0.4706937332916023,-0.5149273026197778,-0.4296308163161795,-0.41034866042102996,-0.420598848767429,-0.3389851685715735,-0.2415411127097016,-0.6083774251531823,-0.294450368713591,-0.513886294443874,-0.27201333331683886,-0.40288562765432345,-0.25870259330414636,-0.34842011700362835,-0.039417282838766825,-0.5770952222487509,-0.11965161173797026,-0.490580515147504,-0.11194765640173637,-0.390222811625148,-0.09744467440505424,-0.351163974560556,0.13409830630505806,-0.5134452731548548,0.028372266503041376,-0.43723023785459536,0.023352788578229013,-0.3547877097943839,0.04136291041886507
3,0.0,0.0,-0.07432244013274492,-0.3166477784432944,-0.20469242564801174,-0.5839018780906253,-0.2799554808371228,-0.811919464144899,-0.29028808798444294,-1.0,-0.3310780322677749,-0.4624052536551944,-0.6026289205888201,-0.46692303762029314,-0.513040261156107,-0.43329020129039086,-0.4065956321727284,-0.4277794774784868,-0.3404318580409968,-0.23715780356534966,-0.6037181996086106,-0.2859919148964985,-0.5050804293587627,-0.26840616841564846,-0.3956188145172361,-0.2601111501666083,-0.34629808263500256,-0.033245017294882204,-0.5721703522812686,-0.11095871943385809,-0.4815912153448296,-0.10451199745886194,-0.3807231778507315,-0.09400948863905682,-0.34434113547257594,0.14035201656664423,-0.514340378302079,0.0375602735416927,-0.43585627057210696,0.030648784310442365,-0.34967610954718126,0.045534263811744025
3,0.0,0.0,-0.0745624466548855,-0.312903855986066,-0.20594976217764444,-0.5818834980094961,-0.28006794668016505,-0.8108143280377883,-0.28738436095507086,-1.0,-0.32983188940654656,-0.46277068204860794,-0.5948813820053186,-0.4671026119922061,-0.507552606173419,-0.43456377495384607,-0.40515391963372455,-0.4297606578789519,-0.3395404384762736,-0.23723299769851264,-0.602182837958596,-0.289934754792721,-0.5055562685688865,-0.27223247864475214,-0.39794490610811095,-0.2616665185792825,-0.34569489032708167,-0.03364844533675819,-0.5709974298611779,-0.11708027921801485,-0.481931693721783,-0.10949790598455524,-0.3827873396355734,-0.096303469642535,-0.3444820696094472,0.13930266099566777,-0.5109846434878498,0.030209527194378305,-0.43295784954381605,0.02427107350788498,-0.3488307528732692,0.04253997087913945
3,0.0,0.0,-0.07886619709419034,-0.31101018146676934,-0.21412671340967235,-0.5750147195706591,-0.29650982624594135,-0.8078723018424426,-0.30909893273070127,-1.0,-0.34803406217684374,-0.45985574246891675,-0.6032349771430604,-0.47243222398079165,-0.5170744150333586,-0.44610312996032314,-0.41814799681850684,-0.4426212198248802,-0.3638279032559805,-0.23556477816201055,-0.6111953094782557,-0.2995102658245427,-0.5173906132178875,-0.2865997963936191,-0.41379180731077747,-0.27374929558389927,-0.3732931897453084,-0.03318875826505327,-0.5829988671956148,-0.13128680609992782,-0.4957370631328985,-0.12530342974604294,-0.40017835643512084,-0.10793290171229064,-0.37351269211478627,0.13391939987765253,-0.5253520932778906,0.015581511989707204,-0.44546901200405375,0.011827878006034737,-0.36617873059340816,0.032443024071232396
3,0.0,0.0,-0.07961465636723207,-0.3096978013027203,-0.21502842474413117,-0.5755805253380565,-0.3001697382651521,-0.8092749693580191,-0.31543580234704166,-1.0,-0.3574961198357342,-0.458724941837181,-0.6113714546197382,-0.46887838672818033,-0.5277553923687267,-0.4367711266762987,-0.4277562861832706,-0.43193299504855576,-0.37283714900839926,-0.23526467434443749,-0.6205342070034118,-0.29087233704535476,-0.5291581045480456,-0.27520261478236624,-0.4261505916043135,-0.26623880821651996,-0.38011193441361874,-0.03196251976123042,-0.590364506220805,-0.11765684499035689,-0.5034194172848163,-0.11140244980150109,-0.4072216178562233,-0.09930048920488277,-0.3774806597273981,0.1386810930256228,-0.5277271362960498,0.030854766381386053,-0.4491115339270376,0.02572427089961857,-0.36991610541360403,0.04183311559818827
3,0.0,0.0,-0.08601078217236886,-0.31409077450555484,-0.225509607118694,-0.5787998289270608,-0.3128263223466172,-0.8106348436670829,-0.3324150321047836,-1.0,-0.37169000324695295,-0.46201165184082205,-0.6210502676948207,-0.4657223325995506,-0.536380033671045,-0.4378285751884162,-0.43433187864120026,-0.4339516847680717,-0.38744645030803143,-0.23937996072188203,-0.6283775104882302,-0.28962276700466444,-0.5374556762315893,-0.27480750718406216,-0.4347838773767481,-0.2614995773239672,-0.39351295991944124,-0.03243777507913554,-0.603143107662952,-0.11142541234156801,-0.515134376649402,-0.1067240533415723,-0.41789285627441475,-0.09266632051573628,-0.38817565586303865,0.14371643086922503,-0.5360267308619301,0.04672751485087618,-0.45676331715578367,0.039641147332992906,-0.3790816129489055,0.05319538789644652
3,0.0,0.0,-0.09039761895913298,-0.3258270391955027,-0.22515684567975391,-0.5867337810893245,-0.3314244212259733,-0.8092493792290426,-0.36545727606366535,-1.0,-0.4265649348460583,-0.4493500162917265,-0.6276448847291929,-0.44591881448088166,-0.5376828641863486,-0.4283485259804782,-0.44339366889968473,-0.4200009968058997,-0.450933093869442,-0.22423724902314462,-0.6369520556528834,-0.26471621137701246,-0.5497753297454083,-0.26822807956124406,-0.45587506161614505,-0.2585579099573131,-0.4515380916698429,-0.01494632661180777,-0.6058946376164008,-0.08546227737881534,-0.5262682842579284,-0.09254046354931467,-0.43736846699607357,-0.0817029362848007,-0.4344843560533055,0.15882027733675358,-0.5255903986272888,0.07341014500644899,-0.4485692810350187,0.06411565022714787,-0.3787021183853934,0.07365387269175333
3,0.0,0.0,-0.09743373262729776,-0.3297316217034109,-0.23163848294198758,-0.5946091782268804,-0.34668748506032976,-0.8110024268500757,-0.38931632536511673,-1.0,-0.4415981060913819,-0.4456095915332252,-0.6379733741223128,-0.44723102411660187,-0.5451086783734805,-0.43395959253410954,-0.45100406359030154,-0.4250146305736009,-0.4677256022674151,-0.21549421900997234,-0.6477110953324643,-0.26823287398631024,-0.5586005988820711,-0.27573744567258834,-0.4634206222203382,-0.2625078157289558,-0.46665347854398415,-0.005298504914341966,-0.6135938929571892,-0.0835564716590776,-0.5330965947560727,-0.09448171266613208,-0.4436534514612322,-0.081920614566517,-0.44708059709225445,0.16643764078615342,-0.5271819572351572,0.08126326907656059,-0.45107648051396,0.06894002818961223,-0.383909783820764,0.07702952844218833
3,0.0,0.0,-0.10126011494347109,-0.33050757134775727,-0.2360636604588135,-0.5866432969357387,-0.3459559551235578,-0.8057910357210202,-0.3811209389431619,-1.0,-0.4421692857084296,-0.42741631344641845,-0.6356734687184868,-0.4320481933355274,-0.5435301255195822,-0.4240765813511421,-0.4503962235201936,-0.4168770957506989,-0.46406640345462874,-0.19897582720297582,-0.6453453984546932,-0.2545835670892036,-0.5598472612791355,-0.2677448521979689,-0.46632539285626445,-0.2573555505843799,-0.4588992763035379,0.009034786387151255,-0.6092413894878375,-0.07335317769389245,-0.5323063300894461,-0.08875822635220207,-0.44394485430616376,-0.07846613594811967,-0.4360965131627491,0.17658504048319829,-0.525294825201362,0.0869150198346004,-0.4519633150662149,0.07058060858902028,-0.38330936237645097,0.07836043339802369
3,0.0,0.0,-0.11539264489187409,-0.3314791444009521,-0.254145943155156,-0.5832459924752648,-0.3757332301753979,-0.7985527298209191,-0.41604261889473726,-1.0,-0.4913586489632901,-0.40752236498278355,-0.6618679588555425,-0.4155919613388693,-0.5680160158164697,-0.4130949598981629,-0.4741102855977685,-0.40385298535560465,-0.5103637563142958,-0.1708004292034605,-0.6673250784700252,-0.23618376010067016,-0.5817831027423257,-0.2548913666106814,-0.4849303212917918,-0.24365561983342993,-0.49593207864354205,0.04054368202721145,-0.6296707100241982,-0.05273331556634406,-0.5538162003946216,-0.06960638420395127,-0.4618030495811437,-0.05934731536638946,-0.46328538778581274,0.20740397241112732,-0.5397555630985913,0.11466818931993253,-0.46744827238313974,0.09521060111883412,-0.3976546966387875,0.09986304021548907
3,0.0,0.0,-0.1098104504601271,-0.32897546578752557,-0.24463602082060626,-0.5828231829114306,-0.36651889545084765,-0.796667702123011,-0.4116610286170433,-1.0,-0.4897636291178461,-0.401685556116343,-0.6541653113173751,-0.40941760768084834,-0.5618878423795397,-0.4119023977629261,-0.4673950257816424,-0.4069849972750613,-0.5064827907765862,-0.168256875358926,-0.6544622167269123,-0.23019567683753323,-0.5696130281971648,-0.2500764386486013,-0.47438283038431706,-0.23997402611669083,-0.489133811270688,0.04083776758867036,-0.6128121549962192,-0.05020295147778336,-0.5395824039146353,-0.06657272290638966,-0.45103868070249103,-0.05877109844016334,-0.45471261814424657,0.20799856460118554,-0.5279045313319122,0.1183438109716466,-0.459000505929259,0.09770995301387979,-0.3924171029721666,0.09910842936733211
3,0.0,0.0,-0.0892078234438369,-0.3372556692987072,-0.20267796049873057,-0.598240904025114,-0.3261938675926005,-0.8086424066824743,-0.377604188821464,-1.0,-0.4778595336220192,-0.4064591539470278,-0.6163307644909086,-0.43904235369326294,-0.5289072251275813,-0.4380278412122376,-0.44450580268324724,-0.42156806743727887,-0.5035043065887709,-0.18431525420844935,-0.6120337465924656,-0.2602742556291922,-0.534051341198261,-0.27962959812058447,-0.45086359653333885,-0.26017945841623025,-0.49024302723961455,0.017297756830564566,-0.5832684134471062,-0.07724757507513895,-0.5202987570626962,-0.09876471939417289,-0.44229523498163,-0.08837895550486201,-0.46187025178382835,0.18010893172048434,-0.524125738780203,0.09429648922167842,-0.4689663700810273,0.06515849972472348,-0.4107505508568817,0.06508709797778099
3,0.0,0.0,-0.09384642085487968,-0.3336689937863485,-0.21305228267529047,-0.5964935182482886,-0.3368891833593269,-0.8002998540160813,-0.3745346333180887,-1.0,-0.4862741659843429,-0.40628337250035773,-0.5933753411743058,-0.45048271478111823,-0.5013965107841998,-0.4413673080260686,-0.4228934867035744,-0.41958681801358516,-0.5104948905628431,-0.19407945145653835,-0.5983709664362449,-0.27602521067896113,-0.5230339144510936,-0.2871259031392069,-0.4457965622833355,-0.2628762028289276,-0.49724536380823564,-0.00044807832648122,-0.5730693275748299,-0.10010786738912825,-0.5106747193312042,-0.11645256986362587,-0.4354458035821771,-0.10151841796089113,-0.4700756864037204,0.16171475393479984,-0.5293270251870802,0.07558513801857972,-0.4744084544613516,0.048373938689143865,-0.4169715341813564,0.04944843051604583
3,0.0,0.0,-0.09103184301290124,-0.33135455919741424,-0.21114576233204793,-0.5962062836645865,-0.34222963438410464,-0.8011426870947561,-0.38263557173058754,-1.0,-0.49972063833613095,-0.4045376767771995,-0.6090912568383368,-0.4394935767901209,-0.5196632961543871,-0.42412763108236606,-0.44387917841466545,-0.3972077086349711,-0.526558935973921,-0.19005117062326116,-0.6053783821962736,-0.265650503046774,-0.5316616913684625,-0.2706775070036195,-0.45729004427317627,-0.24317536774085116,-0.5144236460145858,0.006561008220009885,-0.5709965666376211,-0.09183845275504816,-0.5093561308514973,-0.0997150962826375,-0.4365937876592324,-0.07932515860363143,-0.48933004103227973,0.17171661191378854,-0.5255432944315314,0.0803019455318549,-0.467480946932127,0.060379166818520943,-0.4112997350356273,0.06650524431871747
3,0.0,0.0,-0.068846026315508,-0.3310207306060268,-0.18520757346323516,-0.5999046517420157,-0.2960780388819194,-0.810856254861004,-0.34486196658838125,-1.0,-0.46982686039884297,-0.4832714231797116,-0.6148307797623322,-0.43693186419596514,-0.5342489720265936,-0.40208054788575937,-0.4482144357873795,-0.39392918863827714,-0.5013283051388738,-0.2671710141295728,-0.6323174057939347,-0.27378213228653986,-0.5560123647131988,-0.2610546678625946,-0.46464291007773023,-0.24771141260583426,-0.49613365869907694,-0.05846131748677883,-0.5987675015241969,-0.09405769486418221,-0.5338926384727165,-0.08803027918397782,-0.4517189426733879,-0.07816387370634265,-0.47260769845502204,0.1277260204479229,-0.5407968302816288,0.07985599968217247,-0.48068051763102365,0.07452719335373745,-0.41925423604500317,0.07499446093853858
3,0.0,0.0,-0.08226756908965502,-0.3126258030789946,-0.20413960931047814,-0.5742879645440724,-0.30735330795955584,-0.8004229376537889,-0.34184934315171245,-1.0,-0.4527899101210954,-0.49490219998840684,-0.6066476407651699,-0.356154931427517,-0.5313826333386336,-0.2902951416678942,-0.4430156257727666,-0.2920144393350631,-0.49021521267334567,-0.2874529559635379,-0.628218099264047,-0.20028514921408475,-0.5353142039088097,-0.15926955641269314,-0.43148814173862315,-0.16419080002914244,-0.4883656248953026,-0.07488836264683563,-0.6008514591694724,-0.028492851859080345,-0.517069732862729,-0.0005272761017624263,-0.42587596168726227,-0.008801229938646652,-0.4651866153234997,0.12088183537817901,-0.5111162724903333,0.13088917948606135,-0.4294670496309599,0.13002421268876777,-0.36203168017340814,0.10700593857007401
3,0.0,0.0,-0.0802578704026482,-0.3082461609813035,-0.20514016216972006,-0.571648580713337,-0.31093768711878567,-0.7968179694483718,-0.34201901034791093,-1.0,-0.44884100171912755,-0.501080026613014,-0.6176388303125734,-0.35328001332936604,-0.5402698358453525,-0.28424390453908344,-0.44818126413848114,-0.2904128001536128,-0.48344706345659566,-0.29878530818380655,-0.6256181626835408,-0.19528968956521198,-0.5346378739153222,-0.15266492709296509,-0.4348932983996252,-0.16608369739545253,-0.4826537274284343,-0.08952924707496232,-0.5932501289313915,-0.026110114837517236,-0.5100142322984914,0.0027880421261811937,-0.4218322722289339,-0.013552876728890271,-0.4630034531134852,0.10793510010930436,-0.5068704779560657,0.13788985315981284,-0.42225973646309284,0.1383764969344109,-0.35511076924131957,0.10821042466654043
3,0.0,0.0,-0.08424339537771199,-0.3160878983224699,-0.2123164762557924,-0.5841730469857339,-0.31363177652198776,-0.8072429526796359,-0.34440450607516937,-1.0,-0.44410308130863463,-0.5213730926661894,-0.6287285414404775,-0.3619083145175407,-0.5526918042467368,-0.28552247266195246,-0.45896125048652014,-0.2963133149327618,-0.4734981599632888,-0.3270014056185243,-0.6356224385242759,-0.18773293321637632,-0.5465437105164284,-0.14261305698048019,-0.4487719574995127,-0.1658627405353813,-0.471855552610232,-0.12396919979348116,-0.6012448292091921,-0.02462132386719156,-0.5151131284328574,0.004587181284064844,-0.42562150995003484,-0.019667864817744917,-0.4524358391385579,0.0712752489088026,-0.5105736638436129,0.1316929257730626,-0.4226434484671349,0.1373742790823135,-0.3499835567533659,0.10345151168083837
3,0.0,0.0,-0.07948913424019362,-0.3161412851277336,-0.20882547215550262,-0.5837605761920938,-0.3000566763013616,-0.8131292244534265,-0.3230929229686542,-1.0,-0.4230653247947512,-0.534733148390444,-0.6094600288815897,-0.4007832624593442,-0.5363394307814474,-0.3314360723406034,-0.4478200935306968,-0.34159790703784215,-0.45866708752599245,-0.33229468219536545,-0.6210764803294637,-0.2408041901865819,-0.536721022006199,-0.1980031045873706,-0.43813504067089964,-0.21098135009887867,-0.46474721031714694,-0.12398411548089433,-0.5931412322045945,-0.0638920813131474,-0.511078517929519,-0.033368690410410067,-0.4200310648171115,-0.0462215542566957,-0.4531113418786246,0.07181492387533298,-0.5047083242414854,0.11267750710940089,-0.4208121251055651,0.11876378650734631,-0.35026960609911356,0.09007755075027134
3,0.0,0.0,-0.0740481811728883,-0.3120890629681133,-0.19945578471299294,-0.5799374141172644,-0.29590171566867524,-0.8074768718566393,-0.3232395152841005,-1.0,-0.4143258130153371,-0.5425152875931002,-0.6024545036458114,-0.4047036908361815,-0.5295593480521782,-0.33007254447669787,-0.44428932382253966,-0.3420506794936372,-0.4503873717238324,-0.3425203429573301,-0.6076786957302358,-0.24263700111058184,-0.5245360682182926,-0.1955761774425741,-0.43031710216103797,-0.21288280842886678,-0.45640230801647574,-0.132081394679093,-0.5798592749980214,-0.057716394895455485,-0.5002017705969243,-0.023244612085742057,-0.41231905836204896,-0.04122762002390702,-0.4459941773332977,0.06932917033363095,-0.4952813739367086,0.12333703527276797,-0.4097646195184298,0.1311208754754277,-0.3387520247355302,0.09770787773145799
3,0.0,0.0,-0.09118108782813994,-0.28781784241099456,-0.2401122135048103,-0.5700519468238378,-0.33124033612222825,-0.8017952023975737,-0.3330034184156173,-1.0,-0.41589397319551163,-0.5183780188465222,-0.6355181975279568,-0.3714766200648585,-0.5504551598344576,-0.30255330959825094,-0.45741437935002366,-0.3357553361881506,-0.4244236453067595,-0.3315888153841887,-0.6468122899292903,-0.2027354826449144,-0.5515658380301124,-0.1579452135134484,-0.4525831792492761,-0.19726892733400408,-0.41782936291262285,-0.13717932747366857,-0.6015386280055484,-0.027090455032536098,-0.5050391965291193,-0.003389318849204635,-0.41210366451062647,-0.044911884529475705,-0.40028514832759504,0.056062197978956674,-0.5108862830106244,0.1256355256990385,-0.4226319208822504,0.12505859134362055,-0.3454331940477105,0.08198116711683306
3,0.0,0.0,-0.08716523728509769,-0.28205311808212624,-0.23032484819137564,-0.5608534579383206,-0.31713496842322436,-0.796662033959215,-0.32148610333212574,-1.0,-0.3940156846721679,-0.5234562981139413,-0.6310658277818789,-0.3871912613010352,-0.5451673312897507,-0.3186345380088249,-0.4485569202065184,-0.34660587981648483,-0.40610555188703207,-0.3356207466229756,-0.6457607817856055,-0.22280551870249582,-0.5476918622253241,-0.17677109315859277,-0.44455978351957026,-0.20954166180907413,-0.4044499053356841,-0.14160141456078376,-0.6002605981853899,-0.04569351764810921,-0.5020961304324574,-0.021220873185171726,-0.4061816324151383,-0.05662942226460852,-0.3926303477618563,0.05035691837163503,-0.5053948926246418,0.11061985715209549,-0.4174547527841557,0.11058618033009551,-0.34039770872301295,0.07153292642184997
3,0.0,0.0,-0.09196104070330248,-0.2836035067152294,-0.2373905264804427,-0.5608711456386775,-0.32480078644473875,-0.7962376679642337,-0.32003380020139843,-1.0,-0.40254525759015475,-0.5175114768717446,-0.6457982709126221,-0.39047649266131496,-0.5574940201142371,-0.318894435046222,-0.4566505180526586,-0.34193423767798403,-0.41456191944174003,-0.33035132281140633,-0.6598917079845182,-0.22389460482654852,-0.5595520916657899,-0.17670881115362114,-0.45520476899020784,-0.2060706764883194,-0.4118654738624579,-0.13746439483890074,-0.6161531785938738,-0.04472915584664996,-0.5157536660025751,-0.018909854439811205,-0.4187675729596162,-0.0503991507643733,-0.39928747928540853,0.054040688272744025,-0.5285178066163115,0.1117201307698174,-0.4423629190860363,0.11349119007102385,-0.3639099351550484,0.08131787386045393
3,0.0,0.0,-0.09156882585310125,-0.2885682079684,-0.24030627056384768,-0.5635466527436285,-0.32684103657708746,-0.7977137993977869,-0.3194016068267145,-1.0,-0.4027974859085014,-0.5070083796701513,-0.6446913746179712,-0.3899985933668404,-0.5528528669877345,-0.32345151319174315,-0.4491427019817747,-0.3502355498371217,-0.41474271264715573,-0.3105541291213059,-0.6546785244663025,-0.22790341191524396,-0.55356897114171,-0.1796722735191377,-0.44648353953523423,-0.20970500698827324,-0.41299119589121636,-0.11269923108588543,-0.6119059933727716,-0.05348253258178674,-0.5149975118645562,-0.025791285567481254,-0.41611811147663014,-0.05528411133025325,-0.40025716627900365,0.07799527839229176,-0.5203976772323772,0.09851133591243287,-0.4364565577537184,0.1039315260772647,-0.3561320907438913,0.08042959719413414
3,0.0,0.0,-0.08528881269023306,-0.2816583938147113,-0.2253551373357477,-0.558831937039362,-0.3039391627979754,-0.7967294101959032,-0.296927347331449,-1.0,-0.3571488035902455,-0.5087560325426705,-0.623383885124561,-0.40752212849543545,-0.5361091022945135,-0.34482808134326753,-0.4288453874734907,-0.3666832551307,-0.36690993657090104,-0.31438255729077774,-0.6330937059580635,-0.24722921004157603,-0.5327256679988996,-0.20469524095144334,-0.42236865423283243,-0.2271862208091556,-0.3695997066550007,-0.11985810185281723,-0.5936023571491204,-0.0746708935487803,-0.49595048441148054,-0.05200264394812553,-0.3947316783828523,-0.0762046621942394,-0.3666316262418978,0.06889194216107443,-0.5149885579718779,0.07174240584181404,-0.42950589939239975,0.07475567473018759,-0.34486577359950965,0.056683874360623984
3,0.0,0.0,-0.0794025188697327,-0.2932634175995361,-0.20977521749165187,-0.5680467708776644,-0.28138859353397305,-0.8037060853192524,-0.27052946426546454,-1.0,-0.3493367521869234,-0.5086700935248567,-0.609337276932922,-0.42875094443162226,-0.5251213252771482,-0.37180344082177,-0.4239647495205022,-0.3873981803765453,-0.3658108859891484,-0.30853864020523797,-0.6199704986020855,-0.2675066160242308,-0.523251361782571,-0.22259180497948378,-0.4161298025932236,-0.23336177189825086,-0.3740280525653186,-0.1116234796262919,-0.5843680390553326,-0.08880658974246089,-0.49149822542465516,-0.06285478721772111,-0.3935016878588451,-0.07645460257828166,-0.3730514913681507,0.07433049303444157,-0.5049203831357308,0.06486705471188554,-0.4197114163828369,0.07368856858630315,-0.33893677566708336,0.06501602921145351
3,0.0,0.0,-0.08257451518906474,-0.30511310765432514,-0.21933113920572958,-0.5698550201018595,-0.29679621616484936,-0.8030274162453885,-0.2906329945231489,-1.0,-0.35267355201220885,-0.48158654619664165,-0.6183669273839733,-0.4435680165443996,-0.5318665985470962,-0.39986964134669756,-0.42634265649389325,-0.4034760268978216,-0.3691045757722021,-0.2654108767383898,-0.6347356179734052,-0.2720558279397499,-0.535584007707673,-0.24181036226627414,-0.42199956343258654,-0.2404992487088801,-0.37678308150732426,-0.06016868061612458,-0.5982631861705981,-0.09299191691670501,-0.5047878931576526,-0.08177735626441307,-0.4028870372408939,-0.08339449040633701,-0.3741239249292225,0.12373157878395276,-0.5151159114709029,0.06463596957953101,-0.4333698394015263,0.06352079387526027,-0.35388163942354284,0.0689943519090886
3,0.0,0.0,-0.07747543718088677,-0.3034696703176176,-0.21024819114895096,-0.5706468110892505,-0.28827202635926874,-0.8043437168515101,-0.27540953496441894,-1.0,-0.3371681939135432,-0.4847153380029247,-0.608754645175174,-0.4576289957666289,-0.5266795641318187,-0.40871546029211653,-0.42373109796304037,-0.41194946220710815,-0.36027466533147806,-0.27719367241461557,-0.6247326559606524,-0.28654070641993273,-0.5278163301988996,-0.24673628823514926,-0.4169533265693611,-0.24799915016149193,-0.37540949927691164,-0.08070801159558488,-0.5913422345114137,-0.11046829979837748,-0.4996251027354118,-0.08856330779416349,-0.39898085995710597,-0.0925864794547615,-0.37839678155783824,0.09591588597270405,-0.5177426985441758,0.044750944618579654,-0.43814599592710374,0.052016921112646074,-0.35752363434913065,0.0540299344432386
3,0.0,0.0,-0.07527097629444791,-0.30306091118215844,-0.20549799204616345,-0.5764645391453525,-0.2794954772301934,-0.8085876579070492,-0.25904432119463505,-1.0,-0.33087375233936367,-0.4822671358390518,-0.5998781581409857,-0.46519051193075484,-0.5185433562071117,-0.41100670617592017,-0.41378445687772925,-0.4057092658296943,-0.3514903696194635,-0.273021531893325,-0.6169248089519651,-0.28878348214285715,-0.5221820414847161,-0.24953870672177167,-0.41255409778540236,-0.24739599578914534,-0.36327588895820334,-0.07467443855271366,-0.5858124902526513,-0.1049626189176544,-0.4966873635371179,-0.08521034778540237,-0.39597800023393637,-0.08597990096693699,-0.3658416348253275,0.10620979218652526,-0.51645693621335,0.05892759669369931,-0.44130633967560823,0.06168853321896444,-0.36050033140985654,0.06428571428571428
3,0.0,0.0,-0.07302972357404486,-0.3108385022422774,-0.19761042645878346,-0.5769579410577652,-0.2733563585022116,-0.807686435579418,-0.27371153533875375,-1.0,-0.35377835968860444,-0.4890227999254384,-0.6082410991471029,-0.47172389932550896,-0.5239934090422146,-0.42725780357366666,-0.42043099814784224,-0.42376276129293056,-0.38191424216953257,-0.27271857333385974,-0.6225744009233576,-0.2946171417284617,-0.5274846184793909,-0.26385933872972156,-0.4216332334111017,-0.2576365894489227,-0.3953123301171943,-0.06790623382619869,-0.5991202090892819,-0.11812874955906329,-0.5100206500834857,-0.09898037418007491,-0.4110872921177444,-0.08977567260974613,-0.3952272409901666,0.11207464539489595,-0.5262210577191745,0.04011224099080539,-0.4450938133177771,0.04177032911477795,-0.36584849510424505,0.05152491597448706
3,0.0,0.0,-0.05505333429451126,-0.3109698254875447,-0.1620105374127428,-0.5838934302228495,-0.2372942337276205,-0.8097403476900379,-0.2386314529660052,-1.0,-0.34413750336814214,-0.5003509907193752,-0.5771017435081056,-0.4923983296882877,-0.49471662827821095,-0.4484711078909623,-0.3960249469994237,-0.4387677299197786,-0.38179629815270033,-0.29172653931754366,-0.5967149875839884,-0.3193701381919226,-0.5056962176301498,-0.29186211233449827,-0.40640566862069966,-0.28076780735282864,-0.4004555774804354,-0.09051271759632169,-0.5813342288104915,-0.144168085512159,-0.49567241804774076,-0.12376643219921725,-0.40397213296636497,-0.10935084901950075,-0.40277439750503935,0.09088580411028709,-0.512701431846597,0.02257707880038216,-0.4334449247002696,0.027382099382060796,-0.36094386455838456,0.03839558198823826
3,0.0,0.0,-0.061249113203886534,-0.3149753820356141,-0.17542041368159528,-0.5805375424288646,-0.250507129270124,-0.8061833277287908,-0.2484324311125632,-1.0,-0.3531535969352751,-0.4930979195424782,-0.5775328529262745,-0.48922269019636777,-0.4902275267352606,-0.4489403167968805,-0.3933175981487227,-0.4420771186829794,-0.39022744711271395,-0.2786263624413016,-0.6012115366700311,-0.3148376350298863,-0.5076866279506457,-0.2893870842143789,-0.408194274767323,-0.27614850878913483,-0.4090887013748425,-0.07388680381031043,-0.5818566226185892,-0.13938935345695883,-0.4949385274128485,-0.1235298692040426,-0.40484959699048007,-0.10875351699423824,-0.41073104910402075,0.10470364886244594,-0.5116765137639515,0.027165620470638255,-0.4327198769990899,0.030575057918767485,-0.3643230477812248,0.04237750801069171
3,0.0,0.0,-0.06939389445817078,-0.3099503453148613,-0.178842731814544,-0.5860130580700312,-0.23780330900391872,-0.8145647200954277,-0.2356332335296696,-1.0,-0.3462152204585153,-0.46024435905767314,-0.5931412421739899,-0.4412694873377282,-0.507164983524763,-0.4010319102770151,-0.40164359842727454,-0.3963630178359978,-0.36022489625289217,-0.23456141632520439,-0.606463995446685,-0.2654944642767578,-0.5130861466263381,-0.24487588509421743,-0.40381858049096425,-0.24140883447784076,-0.36026823779295064,-0.03158835023017356,-0.5733597816676734,-0.09480212269962732,-0.4868707844219056,-0.08319831126094987,-0.3872272208859338,-0.07546171006635889,-0.3516260982582698,0.1426972503472775,-0.5028823487080405,0.06626975992603044,-0.4225039634339148,0.06583307346581851,-0.3383455961724241,0.0769625812585729
3,0.0,0.0,-0.06943440947805916,-0.3086941842726753,-0.18406142256605174,-0.5848933270399923,-0.24410144445449095,-0.8131873145489823,-0.233846837886466,-1.0,-0.3437942154905225,-0.445791964155607,-0.5950135503153445,-0.43346188228963695,-0.5063991056598316,-0.40074120957682813,-0.39872075953658226,-0.39465359111698783,-0.3574482216472682,-0.21530636763895467,-0.6114666553851063,-0.25512225699781643,-0.516459879536162,-0.24327440653600518,-0.4049546511688996,-0.23646869463774717,-0.3598242620463147,-0.010810112812838637,-0.5744006463670472,-0.08020359898366414,-0.48683859432863796,-0.07653349724776934,-0.3874483239555363,-0.066568671936372,-0.3540490985673801,0.16380991566204095,-0.5007292920461405,0.08389913953216364,-0.42174343796151054,0.07749796005608706,-0.341895429336647,0.08888542331151955
3,0.0,0.0,-0.07254739632132169,-0.3253509109666872,-0.17358381130373138,-0.5862987878197004,-0.2602954355548285,-0.8031051138288362,-0.2709165409429636,-1.0,-0.4043389962704263,-0.43296599428583704,-0.5849980363417239,-0.46792241649494987,-0.49377853570029895,-0.4465031184435708,-0.3974116615413258,-0.42030989997736146,-0.4434714283589711,-0.2160208626986999,-0.6109436631122525,-0.29701887480452926,-0.5257421003377052,-0.29701309123877917,-0.43450690144638715,-0.27038500370974433,-0.45305011487263214,-0.016934555924051315,-0.593314253074516,-0.11933341375243804,-0.51649142462444,-0.1274284779472638,-0.43082993066881703,-0.10558697959613085,-0.4421200018287084,0.14584087262440038,-0.5243314611104777,0.04965108574053602,-0.45396006255064064,0.033387974259276705,-0.38814804165709627,0.04565023528096287
3,0.0,0.0,-0.0707173372336118,-0.3337633004729363,-0.16167453057559406,-0.5867605377756844,-0.2566397007582957,-0.8023420951877285,-0.27297790117641874,-1.0,-0.4211108081233766,-0.4425210232171238,-0.5600437679554663,-0.5053791340610548,-0.4760551547854158,-0.49174991943280694,-0.39802947795213345,-0.46263500169397687,-0.4654381891249439,-0.23706311234509753,-0.584640725407725,-0.34237118201024097,-0.5096212377875284,-0.351969282552589,-0.4319360089904724,-0.3211490947552823,-0.4711310532129095,-0.04615246893687113,-0.574854359304891,-0.1642199029888363,-0.509923399191849,-0.17657464102839546,-0.43267777805322116,-0.15229485664548506,-0.4568121283235689,0.10933587843030318,-0.5206246505311926,0.006877270686487573,-0.46222431559202426,-0.01213631142732013,-0.4029216280908192,-0.0005817364502507912
3,0.0,0.0,-0.053161210541908886,-0.32599028753426207,-0.13566262953540056,-0.5873314782500021,-0.22747226213736185,-0.8091831284071945,-0.2459212330484749,-1.0,-0.3978844047202397,-0.44271856953396993,-0.5292407213173522,-0.5307002770565951,-0.44922990654512973,-0.5134065079933664,-0.37153429168038155,-0.47602812279288614,-0.4498641027671949,-0.2436100071449851,-0.5557254023542,-0.364656250025694,-0.4873866483880755,-0.37105850747921254,-0.4169612682608909,-0.33814498427253664,-0.4647341405037886,-0.0583685261076988,-0.54923187984366,-0.18577673826360144,-0.4917136535540066,-0.2001078188391359,-0.4205059427803721,-0.17670915744811938,-0.4600986704078945,0.09272283131065666,-0.5130180148452345,-0.008609611114932855,-0.4634005195804658,-0.03114851729911341,-0.4106242392865649,-0.022785294431214513
3,0.0,0.0,-0.045954679687539884,-0.32657982561752735,-0.13038490050160956,-0.5862120108473841,-0.22301568131067093,-0.8031312108407206,-0.24298185913930795,-1.0,-0.4202678851389603,-0.44437894481166335,-0.51456989176529,-0.5320844458045918,-0.4315189696221122,-0.5218101686299091,-0.35799363160863007,-0.48520253134287294,-0.46981274478957735,-0.25173389678541597,-0.5526723626269843,-0.3696716578640713,-0.4859240871197659,-0.38648547927774024,-0.4190653817394129,-0.35755607674634365,-0.4777451563335025,-0.07351270977981465,-0.551235162161298,-0.19914428939182696,-0.4948805946769577,-0.2198132149897671,-0.4274387067184084,-0.19892235490226687,-0.46209205767394923,0.07319619788065997,-0.504500353187514,-0.025999921006368124,-0.45696392006166875,-0.05044038949771604,-0.40671564092719176,-0.04032114404273824
3,0.0,0.0,-0.04338698198937976,-0.3354721629167351,-0.12345431652707067,-0.5991536650791044,-0.22593173482235726,-0.7983352493567636,-0.24765697706246237,-1.0,-0.41403350303826575,-0.4488971916570865,-0.5113988339628839,-0.5598535610664039,-0.43400832101603987,-0.5514175836207369,-0.36851603985328735,-0.5134704658674112,-0.46704220725899165,-0.26347703509060055,-0.5435191876060655,-0.40603410521705807,-0.4786522143756501,-0.42131603437893467,-0.42165503366726886,-0.3859768982317841,-0.47983878031422783,-0.09181584277659167,-0.5479064706848416,-0.24465429462966004,-0.49474119997810256,-0.26183582416379264,-0.43523512344665244,-0.23165161219685773,-0.47596280177369027,0.0497369573547928,-0.5327210269885586,-0.08313461433185526,-0.48738271199430666,-0.11293945365960475,-0.4411359281764931,-0.10015027098045656
3,0.0,0.0,-0.0484970336807262,-0.3416658218753926,-0.1376406026520569,-0.6015405136184027,-0.24659595029101222,-0.8021362016568193,-0.2752283140243432,-1.0,-0.45625257569513467,-0.43802188817461174,-0.5119767069007694,-0.5955491988073016,-0.41663755809776515,-0.5739097784957279,-0.35731158583483374,-0.508300625219003,-0.5080963601984304,-0.24773283733066526,-0.5411301323824657,-0.43401041517450817,-0.4609771168081876,-0.4400595798228583,-0.4083629653055243,-0.3800825214154588,-0.5114342958077049,-0.079191468636573,-0.5445793600595908,-0.2600931437474794,-0.4764297725013829,-0.27033614612097556,-0.4175919426746679,-0.22055581021727297,-0.497264942337486,0.05770906931181834,-0.5340844354186455,-0.09015814492651418,-0.477615143214159,-0.10968384237517106,-0.4313031805289569,-0.07569430823715569
3,0.0,0.0,-0.0538101346770217,-0.3446613482671175,-0.1418602181072133,-0.608785045083122,-0.2526268678236827,-0.8092574492814878,-0.27674347637538743,-1.0,-0.45328253227141446,-0.44259468996548323,-0.5316268392064666,-0.5577077169625246,-0.44101386394054665,-0.5348045884404058,-0.37620027208368556,-0.48100036982248523,-0.5001810589250493,-0.23954425982671174,-0.5513315810791772,-0.38919551502183714,-0.4723322425771344,-0.3903212172442942,-0.4157620599552691,-0.3390240318575655,-0.5003820673517188,-0.06222290830163427,-0.5509203461802621,-0.21809868316779374,-0.48522966416596225,-0.21739260839320934,-0.4235917578014934,-0.1696530382678219,-0.48739741828684136,0.0788649201359538,-0.5388843303131163,-0.05562333800014088,-0.4804753539729501,-0.06503289879191322,-0.43005333258488304,-0.03254437869822485
3,0.0,0.0,-0.06416754453035878,-0.329877013255835,-0.14581614455700256,-0.5806127955023526,-0.22911528691869285,-0.8016424540478938,-0.24250657977961795,-1.0,-0.4169493835549729,-0.41915071305667845,-0.5643391057768842,-0.49604093736811056,-0.47704395774163827,-0.49280478289246105,-0.3909791249424864,-0.4594676059901463,-0.4604943146897848,-0.20637502560824478,-0.5852413108286773,-0.328631864828769,-0.5113027515849125,-0.3455503785542285,-0.43426923305126014,-0.3136497822039771,-0.4661299477088037,-0.016151105996303455,-0.5717029454799069,-0.1607677211852671,-0.5085993325623805,-0.17782617067461354,-0.43291661395752895,-0.14714553431392854,-0.45389228528536263,0.13559327726200565,-0.5331472840707202,0.007324237881842719,-0.4734506871965493,-0.01685106468726596,-0.4103372787755509,0.002486378652743245
3,0.0,0.0,-0.0756038763294454,-0.33082898765447527,-0.1621745143581381,-0.5848091219915541,-0.23034857935428785,-0.8089081043371953,-0.23090048222619952,-1.0,-0.3923043777003971,-0.3992510254798473,-0.5930812740179296,-0.48530299410858596,-0.5003931207281141,-0.47735763788979385,-0.4014075085490976,-0.44195518480508855,-0.4323989993600426,-0.1696849949737924,-0.622406688506076,-0.2940670867339649,-0.5424891359212077,-0.31028814556374334,-0.4530638278653857,-0.2806220169763392,-0.44166730340484023,0.030112366061296726,-0.5940255875010332,-0.11549852906380742,-0.5237884908225909,-0.13414875586095001,-0.44043752291902366,-0.10320782537486362,-0.43315981863045716,0.18674569605234642,-0.5343791745998562,0.04604852598189997,-0.46700001448638523,0.01573051005994239,-0.3974838285073314,0.036396048682207624
3,0.0,0.0,-0.0804032561901925,-0.32364589584240305,-0.1766416760904603,-0.5832228533110507,-0.24123413169953417,-0.8087767011917341,-0.2379949956972974,-1.0,-0.38395943190984017,-0.4019788661457791,-0.590971488468264,-0.4806743830110101,-0.5003499299415024,-0.46261028303865065,-0.398609503418524,-0.428248409943289,-0.42181741401048134,-0.16705362469701984,-0.6204621859585426,-0.2887964701306589,-0.5371713189124879,-0.2949148059085228,-0.4418644986575626,-0.2626452615309384,-0.4308094388562323,0.03660067062412826,-0.5972571757390802,-0.10418486046162909,-0.5211670634859635,-0.1152935771541139,-0.43232053292604367,-0.0819250816382348,-0.42142354342568217,0.19834342324584747,-0.5315962229029074,0.06300073118390595,-0.45930878902777483,0.040412340156846346,-0.3876240525570699,0.06335747700077121
3,0.0,0.0,-0.07925686722400659,-0.3259815289356817,-0.1750542072979836,-0.5817190960425773,-0.23292586064955997,-0.8091720487459851,-0.2302015815776353,-1.0,-0.36832032744686527,-0.3951848265946222,-0.5862214904398038,-0.47573049406908385,-0.492424602576441,-0.4590030495228598,-0.39150336838931854,-0.42755759887759004,-0.40445978224319656,-0.15909146249550687,-0.6108536344978723,-0.2859385689273332,-0.5244344468536577,-0.2912445068005519,-0.4311294829725311,-0.25872882436835454,-0.41480091137831476,0.04406618508168779,-0.5894568254814884,-0.1058233711721531,-0.5106362255487402,-0.11509136973435526,-0.4224287768282643,-0.08022100344375775,-0.40671764664958315,0.20165288777060167,-0.5185986109017543,0.0624404299479378,-0.4469710585206915,0.04244315480676693,-0.3775602077849797,0.06838931855338984
3,0.0,0.0,-0.0841350064469177,-0.3270087624044962,-0.18126013528467325,-0.5851039123564102,-0.24470752033092835,-0.8102852911977586,-0.2403803537728121,-1.0,-0.3827790555366175,-0.40275357828363106,-0.6056210913944715,-0.483105799006778,-0.510895377131751,-0.46622625663158757,-0.4083195417773488,-0.4352546086982515,-0.4175510220505855,-0.16583840684390755,-0.6244907567353476,-0.28913520476939697,-0.5405589589736898,-0.29357532891352045,-0.4478075593630917,-0.2629040389378883,-0.4254827715250309,0.03940926344180902,-0.596300509717514,-0.10407848741457043,-0.5201590488798804,-0.11597524935458967,-0.43174602535883433,-0.08563305972495834,-0.414884303264388,0.20093487492174886,-0.5252838167132389,0.06851725491796636,-0.4529613570086302,0.046747482597921004,-0.381028644089329,0.06885698994763712
3,0.0,0.0,-0.09571512230229019,-0.3313856876982599,-0.2053574293598841,-0.5818667258008324,-0.27926081146744414,-0.8059771920897739,-0.2851240900672938,-1.0,-0.4124928947320168,-0.397092226378422,-0.62808993206447,-0.46678315868126224,-0.5341743334800227,-0.4604001641087702,-0.4336869350165942,-0.43586263683370924,-0.4462830280360123,-0.15605002108660176,-0.6506720781304436,-0.2769664975154482,-0.5617427732548546,-0.2940876148302987,-0.4660580202431377,-0.26680166675834754,-0.45126359169004526,0.05213289830757101,-0.6257827254891175,-0.09231204274162495,-0.5445016112914168,-0.11477758219190641,-0.45198529209527477,-0.08606083943011167,-0.4367330321616517,0.21386512826154722,-0.5456562173386875,0.07827398142545428,-0.47259056924656656,0.04687242147532868,-0.40087033802739425,0.06397520261473862
3,0.0,0.0,-0.08695707187054308,-0.3292734551966101,-0.1943936107737736,-0.5821430094113731,-0.2707719306449328,-0.8048637118191608,-0.2804803747495183,-1.0,-0.41178986630431347,-0.39992215640511125,-0.6102816810365576,-0.47013322807485636,-0.5203321693469527,-0.45996239851794596,-0.4236462985095565,-0.43337702293635394,-0.4480080429212528,-0.16843098395129136,-0.6317827421025197,-0.28624877767676754,-0.5480818980633999,-0.29987030651946983,-0.4574879074238859,-0.2720872948525579,-0.4522715613692221,0.03153023178411743,-0.607833321184598,-0.10742608640639033,-0.5320868272408572,-0.12748387771128827,-0.44500625086817613,-0.09998033280199808,-0.4359461366333883,0.18871597952961014,-0.5371263060463568,0.05668361529860445,-0.46701205750523656,0.026511657972298132,-0.3973225104146753,0.04188342990431839
3,0.0,0.0,-0.08393494254971492,-0.3281589508587123,-0.19544097004936725,-0.5810901321964956,-0.27510462296620775,-0.8021832846613823,-0.27950927157210403,-1.0,-0.4085108555833681,-0.41458126912112364,-0.6151050901300237,-0.4708049775761368,-0.5262184827388402,-0.4553486454422194,-0.42866381370810736,-0.43140296898901404,-0.443712192323738,-0.18002918144208038,-0.6364183528021138,-0.2869866086948964,-0.5517250838722013,-0.29599390731469893,-0.45978697329995827,-0.270425923028786,-0.4504274005701571,0.027400787442636628,-0.6128681359511889,-0.10491168431024893,-0.5349797055346961,-0.12137948042692254,-0.4455971439994437,-0.0954719875538868,-0.43716239266096507,0.19321053443540537,-0.5391754884577945,0.06421981469892922,-0.4661700063447365,0.037818812143651785,-0.3951956004032819,0.05337482399874843
3,0.0,0.0,-0.08381083254388223,-0.32966117725446575,-0.19449628314186737,-0.5828677261523955,-0.2767981967918726,-0.8024517429566033,-0.28585453344274003,-1.0,-0.4118257764618406,-0.42409116447010614,-0.6267616352173816,-0.4833468380590462,-0.5347932981312146,-0.4682733055333614,-0.4370852173430964,-0.44409287384242,-0.44547192150644466,-0.19077519007783805,-0.6458686190812662,-0.3022806773939618,-0.5577173668377151,-0.31098179313155727,-0.46465025754799527,-0.28363491605980956,-0.45182354863125734,0.01625520671983516,-0.6167946599824905,-0.12099173367055364,-0.5335726112356067,-0.13599211738100547,-0.442672760176861,-0.10804413671179906,-0.4374722644075575,0.17988294649587658,-0.5383357540885696,0.0477482099714925,-0.462111608665645,0.026271717819077056,-0.3913220352207695,0.04558172172804708
3,0.0,0.0,-0.07776568319051644,-0.3128179682194051,-0.21289348337456626,-0.580304227242946,-0.2804473193024562,-0.8088774521788237,-0.26442177758468655,-1.0,-0.35936574506816377,-0.4628846065556382,-0.6241905415402332,-0.44742243186843583,-0.5281992225037424,-0.4146532872839399,-0.41850616594019985,-0.41543535199357523,-0.3751422835339645,-0.24210828181197472,-0.6340425666649101,-0.27657725241081965,-0.5312802136949979,-0.2546299112838277,-0.419959250312498,-0.24690628725295588,-0.38081734130113587,-0.0371926274230606,-0.606401170247436,-0.09516130819659452,-0.5084200868051119,-0.08913751018007164,-0.4046732550379057,-0.08463012161355012,-0.3741392595353432,0.14121560176125134,-0.5252306333254102,0.06495456764916278,-0.441069343447856,0.05960608635414685,-0.35967128856808206,0.06757215496822551
3,0.0,0.0,-0.08591908793945852,-0.2927488032311313,-0.2272952927141915,-0.5794875495741895,-0.28192071316797457,-0.8127129166589272,-0.2556588392405193,-1.0,-0.31653832416122646,-0.4889936240332443,-0.6150637327698829,-0.431563943434496,-0.5284349522383585,-0.38548223926282915,-0.41941675083608626,-0.40133055180933547,-0.3161369905643974,-0.27358405822564874,-0.6276398671437603,-0.26717936678409276,-0.5242196299631157,-0.23444459297373885,-0.4044009466763255,-0.2371595325407553,-0.3168113609279109,-0.07403011301184624,-0.5922019278425741,-0.09251135259470697,-0.494435886247402,-0.07889443048641247,-0.3806311168736417,-0.08308721961585452,-0.3165009719195388,0.10815321280536346,-0.5219013549627173,0.04892473756751443,-0.4425176913107216,0.04687340929439484,-0.3451576523425895,0.05467779479267121
3,0.0,0.0,-0.08838939420268419,-0.29215087700521253,-0.22879941891752947,-0.5751726341262888,-0.2869086681141617,-0.8092765952158906,-0.2624858472385655,-1.0,-0.3230305038232749,-0.47619550122071014,-0.620331793440735,-0.412537888513219,-0.5333173391345375,-0.37016749213167593,-0.42397193679525563,-0.39022858676421923,-0.32019464017963206,-0.2603574963987999,-0.6306907429465684,-0.24781648120010205,-0.52775684969602,-0.21950534633152607,-0.40958537544978674,-0.2268568653494903,-0.31791817263673183,-0.06105314383214189,-0.5919980101452926,-0.07597545070870536,-0.4951180614389688,-0.0661524471625229,-0.3826511847632608,-0.07390722843584152,-0.31419140406016144,0.11997633339606747,-0.5226886127918716,0.06293176069070887,-0.44462128924065436,0.05651002974560205,-0.347460339698343,0.06149468794175707
3,0.0,0.0,-0.08868979990446152,-0.2953748673217011,-0.22869507168920303,-0.5779966612029971,-0.28896146850512583,-0.8113439314385206,-0.2716766800279142,-1.0,-0.33035669380322913,-0.4727253814217054,-0.6322651404748848,-0.4141914021432532,-0.546641055084091,-0.37767368864354556,-0.43838303656820954,-0.3953252802276765,-0.3276248589898574,-0.2556302560047345,-0.6371567911595604,-0.24567607609548595,-0.5363453200791374,-0.2209740278758242,-0.42018770381457055,-0.22629792451248615,-0.32415275248768655,-0.05372998968871222,-0.5958932594879501,-0.07063908775905722,-0.5010015381088432,-0.06174552630489297,-0.3905079596880154,-0.06784786962330977,-0.3199777413533136,0.132671431471343,-0.528216066420448,0.07284172425738025,-0.44845456923358146,0.06580722436493677,-0.35080192733218407,0.07256904573626735
3,0.0,0.0,-0.0930605889528515,-0.2945165090224249,-0.23228733282933442,-0.5712308614851829,-0.29770621994627244,-0.8064655111384625,-0.280526450869777,-1.0,-0.3493498234441659,-0.46972975301327474,-0.6376476425354084,-0.4025544808408951,-0.5481038120784651,-0.36051789977228316,-0.4397928353050247,-0.3806383051278068,-0.35079341940401165,-0.25169301958835477,-0.6435087737490879,-0.23448273936641711,-0.5388108749699126,-0.2066759183904633,-0.42205628767902115,-0.21698589368042387,-0.3462945210956652,-0.04677378538220993,-0.5995188811144186,-0.05718666100581885,-0.4999113581428165,-0.04718379136279327,-0.39053827443718403,-0.05812173787496054,-0.3358916164346191,0.13898265471294496,-0.5202947974907475,0.08750815874011703,-0.43629502163798584,0.08252507048971984,-0.3434442217374562,0.0852904172468936
3,0.0,0.0,-0.09159452858937786,-0.300570303608605,-0.227661389022442,-0.5752431242955164,-0.29654391703968536,-0.8088876484998109,-0.2905735274288228,-1.0,-0.36877407939297097,-0.45640261114264347,-0.6359904375847871,-0.386376522172691,-0.548473075537638,-0.3549317823659361,-0.4453777933916642,-0.37803039859143234,-0.3705026215919886,-0.2340920353634971,-0.6400356390442157,-0.222551021987425,-0.5375871440483191,-0.20467667369325274,-0.4249680880237456,-0.21291011024210818,-0.3633046109530784,-0.02836233473369394,-0.5964035033326127,-0.04682641857446453,-0.49962112272902504,-0.039409103190267,-0.39497351096073585,-0.045813449146739654,-0.3494685855562132,0.15602480611811684,-0.5201637461944102,0.10677349208515215,-0.4366555743108768,0.10135237589076115,-0.34829093525887217,0.10553555321392218
3,0.0,0.0,-0.08951593217489423,-0.29636464158062437,-0.22616720902825938,-0.5723269696778647,-0.2974422922415619,-0.8083752026783448,-0.2895588522949736,-1.0,-0.36504835181889167,-0.4607990174444827,-0.6290768051911522,-0.38651790924859886,-0.5428394933000965,-0.348515214414694,-0.4445641385018534,-0.3711905362347658,-0.3720160008794179,-0.23933241026785065,-0.6371930322296961,-0.22097516776028103,-0.5359536834515859,-0.19779709048466596,-0.4259686529548603,-0.21167500012124327,-0.3683198995782351,-0.035074467620770426,-0.5941613683354592,-0.04501479976268649,-0.49835311215326444,-0.035184394858638425,-0.3957445226328867,-0.04739621979627896,-0.35641724499709826,0.147492850688096,-0.5201267881362646,0.10435004712322035,-0.43594414564712386,0.10108375323921621,-0.348281821106353,0.09965793230098724
3,0.0,0.0,-0.09982015989743773,-0.3118465085149104,-0.23577299298131318,-0.5788209737341278,-0.3295749510074502,-0.8059765149983713,-0.35366472651630765,-1.0,-0.4397841499805706,-0.45113523410111894,-0.6502180181557853,-0.36259744830251683,-0.5670981642064779,-0.3166159895342906,-0.47166413368288856,-0.3299593500618495,-0.4529620199070529,-0.22434555275431872,-0.6599166053059639,-0.17937903317877069,-0.5702546355697956,-0.1525716506221085,-0.46670381476783657,-0.16714445967842453,-0.441987479274397,-0.012207131388015758,-0.6165473842534646,-0.007205963527128413,-0.5290900007017639,0.006892159830403556,-0.4317823651958602,-0.005214001342778168,-0.41343993162514914,0.17278308057611677,-0.524604367485496,0.14395671268632093,-0.4440785263376197,0.14376336100936699,-0.36635471339227454,0.1334484784815085
3,0.0,0.0,-0.10609378651225648,-0.3152868368797627,-0.23593429285119044,-0.5683789352251537,-0.3350395319134616,-0.797377098401478,-0.3635686398709097,-1.0,-0.4611202160786493,-0.41956392814193977,-0.629744634228241,-0.3226536309950078,-0.5430840039925571,-0.2943918536906674,-0.44879176504172613,-0.3015563151939526,-0.47467838811986773,-0.19326853028630903,-0.6361667552002889,-0.15765463584375686,-0.5442873064381922,-0.15118502436745113,-0.442504567422835,-0.1621627741751041,-0.4550623986436796,0.01777319017409935,-0.5871105319995316,0.013770988208202144,-0.5031847467629141,0.012771276401129749,-0.41023534637508546,0.003176097830019429,-0.4162862446637394,0.19680295602704295,-0.489088663513423,0.16784674803792404,-0.40896180411079064,0.1573810150576349,-0.33750148997525775,0.1447214933530592
3,0.0,0.0,-0.10363190660271102,-0.31384169809078927,-0.2357382024303683,-0.5688894490829314,-0.3456255304514467,-0.7880013662877634,-0.3789607838427757,-1.0,-0.4786744968190449,-0.42947899757668845,-0.651716925070339,-0.3150574986518855,-0.5620004085259928,-0.2819624296371367,-0.47271643641203653,-0.3022979693367447,-0.49524211754198283,-0.20792145078165136,-0.6516761149815748,-0.15293304446025363,-0.5598474637911425,-0.1444779167469938,-0.4607888377605549,-0.16311898755271037,-0.47879203837678724,0.003322621393541251,-0.60368419452894,0.014143884044934458,-0.5202380843574292,0.01934058123343817,-0.4288945843524342,0.004450425200739938,-0.44428530163012925,0.18408453299761368,-0.5080426694984334,0.16973596085122195,-0.4326747251004789,0.16378618999349376,-0.3654290511293023,0.1459411284712222
3,0.0,0.0,-0.09932506296914656,-0.3171322402243856,-0.2340456281085646,-0.5686938473075847,-0.34962387155596286,-0.7836265062375692,-0.37936063608070725,-1.0,-0.48848420845450585,-0.41519365080584925,-0.6432958752567277,-0.3269931904303548,-0.5547200229184425,-0.2909386976492586,-0.4646836962478095,-0.3003635228737199,-0.5024947501695508,-0.19573259283879793,-0.6375277327883799,-0.16042867051045837,-0.5490180570258496,-0.15150998935411022,-0.4527882432830242,-0.1616838907215531,-0.4803008344439257,0.01521869116822363,-0.593361806338734,0.01094176311902583,-0.5129766928234919,0.013434698769563984,-0.42369307133386575,0.000902563104168121,-0.4412630589332293,0.1949903478262169,-0.5068643254248056,0.16542372114301035,-0.4319919341427796,0.1559747734893222,-0.3626389894879577,0.14287586747350856
3,0.0,0.0,-0.10022454715284039,-0.3199791913026064,-0.2294574571241315,-0.5746209450371558,-0.35196175354286685,-0.7887285330904761,-0.4052862694804323,-1.0,-0.5159770163747018,-0.4220251681373285,-0.6513349628576118,-0.3204860355386073,-0.554665680616139,-0.28368700429313115,-0.4580386353943327,-0.2928400673518871,-0.5364954039101674,-0.1936793581666949,-0.6485234706883442,-0.1515165597535141,-0.5562613261242876,-0.13865287979021018,-0.4547210790923298,-0.14345408106008456,-0.514288650021269,0.027226272629820605,-0.6053225777152803,0.030963413045399447,-0.5244942952719835,0.03823798744056031,-0.43215336027810014,0.02942282053913828,-0.4747162402232165,0.21596022186582647,-0.5278566517900974,0.19518205994291205,-0.4497884861438615,0.18793824390508104,-0.37742053505945666,0.17367907064291987
3,0.0,0.0,-0.09909599718355916,-0.32596636393571193,-0.2335518989797689,-0.5939192386500941,-0.3684685921758144,-0.7981754163518437,-0.42641706733998913,-1.0,-0.5424684118215823,-0.4383712282168751,-0.6838941393527924,-0.313523971400191,-0.5889722495865743,-0.2675074544138738,-0.4888520817478329,-0.280492048245668,-0.5652894844829321,-0.21029007427770635,-0.6693007037914012,-0.13588211209379877,-0.5801945548506863,-0.10863040544633346,-0.48306195942120866,-0.12226878336951803,-0.5445873463288577,0.01097245999984515,-0.6260869644424344,0.04696132722497232,-0.5464700213464718,0.06535404310010708,-0.45334119878178913,0.050615094465083464,-0.5074307309948312,0.2050012775091441,-0.5587040500911108,0.20137369806788696,-0.4776429068183464,0.20388043971819195,-0.40246627580807576,0.1840571868656575
3,0.0,0.0,-0.0951682831289004,-0.3279628784627112,-0.2176900499674812,-0.6012467723787382,-0.3464152134754683,-0.8093775119705765,-0.4151914728062895,-1.0,-0.5438795138743144,-0.4382184433308465,-0.6749812469619402,-0.30822705483424434,-0.5886322513439677,-0.2512157881172988,-0.49017000046487674,-0.25710821383067023,-0.5679956725841415,-0.21213387006288473,-0.6563862331487818,-0.12148222568547883,-0.5702547253819549,-0.08766966309072634,-0.4734592607737445,-0.10172812292244096,-0.5468945555710515,0.00876315251432881,-0.6139304607560521,0.06029677190483476,-0.5360988084260943,0.08168471336285978,-0.44406584821277456,0.06384991972977572,-0.5100534111798798,0.20616268610302843,-0.5629789528177173,0.2181481566733961,-0.48521737050361496,0.2207580108871428,-0.41007658731716917,0.1968838814591353
3,0.0,0.0,-0.09697930185333059,-0.3283571662346256,-0.21255276103963083,-0.6002860793622152,-0.3410470709349108,-0.8143049470726481,-0.4145543153641171,-1.0,-0.5369525850934809,-0.4565700245875177,-0.6688608020768232,-0.34277349247100436,-0.5899762757486444,-0.26448502043694183,-0.4959191751267144,-0.25351775492000655,-0.5782156061209147,-0.2346444822036966,-0.6573465416057689,-0.14994447728663804,-0.5761365358143195,-0.10017716985233473,-0.48511176963602864,-0.10819308777261029,-0.5666535100122214,-0.011123899418785879,-0.6190255791616393,0.03679806485933986,-0.5438545445079459,0.07121302499890424,-0.4541803563732755,0.06046580341510854,-0.5364468622825341,0.19405294003391213,-0.5713250493875147,0.21254441761446122,-0.4945197046116002,0.22141492476344166,-0.42125119338791345,0.20054234488515776
